transaction_id,merchant_id,customer_id,amount,currency,payment_method,bank_code,status,failure_reason,is_fraud,fraud_type,risk_score,hour_of_day,day_of_week,velocity_1h,velocity_24h,amount_to_avg_ratio,geo_distance_km,is_vpn_or_proxy,device_type,billing_city,shipping_city,created_at
pay_45a7afcd05124e,mer_1035,cust_20307,78529.35,INR,upi,HDFC,captured,none,0,none,30.9,8,1,0,0,261.76,0,0,desktop_chrome,Kolkata,Kolkata,2026-07-21T08:57:34.124880
pay_7788dd25c54240,mer_1025,cust_20210,33730.24,INR,netbanking,HDFC,captured,none,0,none,25.5,8,1,0,0,63.65,0,0,desktop_chrome,Bengaluru,Bengaluru,2026-07-21T08:58:28.124880
pay_2df98e0e855d46,mer_1039,cust_20501,39392.55,INR,upi,HDFC,captured,none,0,none,37.9,9,1,0,0,6.84,0,0,desktop_windows,Delhi NCR,Delhi NCR,2026-07-21T09:04:24.124880
pay_218a549b964840,mer_1027,cust_20401,2704.88,INR,upi,HDFC,captured,none,0,none,19.1,9,1,0,0,0.71,416,0,desktop_chrome,Delhi NCR,Hyderabad,2026-07-21T09:06:14.124880
pay_e504797a98904e,mer_1038,cust_20208,11698.19,INR,upi,SBI,captured,none,0,none,32.4,9,1,0,0,13.1,0,0,desktop_safari,Chennai,Chennai,2026-07-21T09:09:08.124880
pay_a121374260d940,mer_1030,cust_20590,64966.25,INR,upi,HDFC,captured,none,0,none,27.7,9,1,0,0,15.34,0,0,desktop_chrome,Pune,Pune,2026-07-21T09:13:50.124880
pay_d29f4bb1742648,mer_1040,cust_20443,10998.46,INR,upi,KOTAK,captured,none,0,none,35.0,9,1,0,0,16.35,0,0,mobile_ios,Ahmedabad,Ahmedabad,2026-07-21T09:24:07.124880
pay_b5b64ac804ac4b,mer_1005,cust_20223,55350.92,INR,netbanking,ICICI,captured,none,0,none,28.8,9,1,0,0,74.93,0,0,desktop_windows,Ahmedabad,Ahmedabad,2026-07-21T09:32:01.124880
pay_a0218c40cb6c48,mer_1033,cust_20046,3852.91,INR,upi,HDFC,failed,incorrect_otp,0,none,29.9,9,1,0,0,5.49,0,0,mobile_ios,Mumbai,Mumbai,2026-07-21T09:38:19.124880
pay_ded89df5335f4e,mer_1030,cust_20497,61362.63,INR,upi,HDFC,failed,issuer_bank_down,0,none,29.4,9,1,0,0,21.53,0,0,desktop_chrome,Hyderabad,Hyderabad,2026-07-21T09:39:01.124880
pay_161ea342556649,mer_1035,cust_20401,2664.69,INR,upi,SBI,captured,none,0,none,14.5,9,1,1,1,0.7,0,0,mobile_android,Delhi NCR,Delhi NCR,2026-07-21T09:54:00.124880
pay_bf3a663a5ac644,mer_1034,cust_20106,286.13,INR,upi,HDFC,captured,none,0,none,19.8,10,1,0,0,0.23,0,0,mobile_ios,Chennai,Chennai,2026-07-21T10:11:16.124880
pay_346cc8277ea94e,mer_1022,cust_20197,4023.68,INR,card_credit,HDFC,captured,none,0,none,29.8,10,1,0,0,7.51,0,0,mobile_ios,Ahmedabad,Ahmedabad,2026-07-21T10:28:04.124880
pay_6bf6514b35364a,mer_1013,cust_20213,18726.31,INR,netbanking,ICICI,captured,none,0,none,59.9,10,1,0,0,12.4,505,1,desktop_chrome,Bengaluru,Chennai,2026-07-21T10:38:12.124880
pay_fce23d12684346,mer_1018,cust_20378,7477.65,INR,upi,AXIS,captured,none,0,none,26.4,11,1,0,0,3.4,0,0,desktop_windows,Ahmedabad,Ahmedabad,2026-07-21T11:08:11.124880
pay_db9aeeb6d9c349,mer_1021,cust_20398,55576.23,INR,card_credit,PAYTM_BANK,captured,none,0,none,25.3,11,1,0,0,33.5,0,0,desktop_chrome,Hyderabad,Hyderabad,2026-07-21T11:11:22.124880
pay_7bacc22e7b3145,mer_1038,cust_20460,13208.37,INR,upi,SBI,captured,none,0,none,28.7,11,1,0,0,16.53,0,0,desktop_windows,Ahmedabad,Ahmedabad,2026-07-21T11:34:42.124880
pay_cf7eaf6886d641,mer_1006,cust_20062,10913.71,INR,upi,ICICI,captured,none,0,none,29.8,11,1,0,0,4.08,0,0,desktop_windows,Pune,Pune,2026-07-21T11:52:10.124880
pay_53f176cdf20743,mer_1003,cust_20534,4491.41,INR,card_debit,ICICI,captured,none,0,none,35.0,11,1,0,0,5.72,0,0,desktop_chrome,Kolkata,Kolkata,2026-07-21T11:53:29.124880
pay_60035420daa242,mer_1016,cust_20228,28034.27,INR,card_credit,ICICI,captured,none,0,none,26.4,11,1,0,0,31.34,293,0,mobile_android,Delhi NCR,Ahmedabad,2026-07-21T11:57:32.124880
pay_1b8dc38709c447,mer_1038,cust_20563,10744.13,INR,card_debit,KOTAK,captured,none,0,none,29.3,11,1,0,0,17.48,0,0,mobile_ios,Kochi,Kochi,2026-07-21T11:58:44.124880
pay_6fd88ced2d2642,mer_1029,cust_20207,401.93,INR,upi,AXIS,captured,none,0,none,19.3,11,1,0,0,0.35,0,0,desktop_safari,Delhi NCR,Delhi NCR,2026-07-21T11:59:11.124880
pay_fa0132d1474243,mer_1031,cust_20021,7551.88,INR,card_debit,ICICI,captured,none,0,none,31.8,12,1,0,0,10.32,0,0,desktop_windows,Kochi,Kochi,2026-07-21T12:33:47.124880
pay_f95c3154d33244,mer_1025,cust_20576,13178.41,INR,card_credit,HDFC,captured,none,0,none,31.1,12,1,0,0,26.29,0,0,mobile_android,Jaipur,Jaipur,2026-07-21T12:49:39.124880
pay_f1778b3a26124b,mer_1027,cust_20405,2639.78,INR,wallet,ICICI,captured,none,0,none,7.4,13,1,0,0,1.52,0,0,mobile_android,Delhi NCR,Delhi NCR,2026-07-21T13:10:27.124880
pay_2125738430f741,mer_1028,cust_20262,6371.27,INR,card_debit,SBI,captured,none,0,none,8.6,13,1,0,0,2.4,0,0,mobile_android,Hyderabad,Hyderabad,2026-07-21T13:27:46.124880
pay_d685139edf4642,mer_1003,cust_20371,3722.1,INR,card_credit,SBI,captured,none,0,none,17.6,13,1,0,0,1.79,0,0,mobile_ios,Kolkata,Kolkata,2026-07-21T13:28:35.124880
pay_0d76164ec26d46,mer_1001,cust_20120,4404.73,INR,card_debit,SBI,captured,none,0,none,11.4,13,1,0,0,0.21,0,0,desktop_windows,Chennai,Chennai,2026-07-21T13:33:24.124880
pay_4ede45bc34444d,mer_1020,cust_20513,17611.84,INR,wallet,SBI,captured,none,0,none,37.2,13,1,0,0,19.48,0,0,mobile_android,Jaipur,Jaipur,2026-07-21T13:39:36.124880
pay_c4555a95b86847,mer_1018,cust_20215,6347.68,INR,netbanking,ICICI,captured,none,0,none,44.3,13,1,0,0,10.99,0,1,mobile_android,Jaipur,Jaipur,2026-07-21T13:41:09.124880
pay_68dfe4e63c454c,mer_1028,cust_20175,2864.2,INR,upi,HDFC,captured,none,0,none,16.4,13,1,0,0,2.85,0,0,desktop_windows,Hyderabad,Hyderabad,2026-07-21T13:51:56.124880
pay_881fd2e67ea342,mer_1017,cust_20419,428.8,INR,upi,KOTAK,captured,none,0,none,16.5,13,1,0,0,0.08,923,0,mobile_android,Kochi,Mumbai,2026-07-21T13:56:06.124880
pay_49152fae2c214b,mer_1004,cust_20273,32819.24,INR,card_debit,HDFC,captured,none,0,none,57.3,14,1,0,0,29.96,1771,1,desktop_windows,Ahmedabad,Jaipur,2026-07-21T14:07:47.124880
pay_5a4ebd50064640,mer_1022,cust_20440,1649.44,INR,upi,SBI,captured,none,0,none,6.5,14,1,0,0,2.02,0,0,desktop_safari,Kolkata,Kolkata,2026-07-21T14:08:39.124880
pay_e111924af48d42,mer_1030,cust_20412,14076.99,INR,card_credit,AXIS,captured,none,0,none,32.1,14,1,0,0,25.0,0,0,mobile_ios,Mumbai,Mumbai,2026-07-21T14:09:19.124880
pay_95a75b88b32841,mer_1027,cust_20193,4380.1,INR,upi,SBI,captured,none,0,none,16.9,14,1,0,0,0.91,0,0,desktop_chrome,Kolkata,Kolkata,2026-07-21T14:10:11.124880
pay_f7fddda08acf44,mer_1023,cust_20439,4328.75,INR,netbanking,KOTAK,captured,none,0,none,12.8,14,1,0,0,1.62,0,0,desktop_safari,Kolkata,Kolkata,2026-07-21T14:37:11.124880
pay_7daeb8d71aa342,mer_1037,cust_20517,596.77,INR,upi,ICICI,captured,none,0,none,8.6,14,1,0,0,0.18,0,0,desktop_safari,Jaipur,Jaipur,2026-07-21T14:41:26.124880
pay_9f53786f952047,mer_1014,cust_20175,6580.19,INR,card_debit,SBI,captured,none,0,none,28.9,14,1,1,1,6.54,0,0,desktop_chrome,Hyderabad,Hyderabad,2026-07-21T14:46:41.124880
pay_1d8b3e3575b046,mer_1031,cust_20127,29513.79,INR,card_credit,KOTAK,captured,none,0,none,34.7,14,1,0,0,24.68,0,0,mobile_ios,Kolkata,Kolkata,2026-07-21T14:49:11.124880
pay_a209deebd7cb40,mer_1025,cust_20391,80125.94,INR,card_credit,AXIS,captured,none,0,none,39.1,14,1,0,0,100.05,0,0,desktop_chrome,Jaipur,Jaipur,2026-07-21T14:49:22.124880
pay_15efa02c9c9043,mer_1008,cust_20587,83685.58,INR,upi,AXIS,captured,none,0,none,46.9,15,1,0,0,150.64,1358,0,desktop_safari,Mumbai,Bengaluru,2026-07-21T15:10:14.124880
pay_a4abd4df24164d,mer_1034,cust_20228,3961.69,INR,upi,HDFC,captured,none,0,none,35.0,15,1,0,1,4.43,0,0,mobile_ios,Delhi NCR,Delhi NCR,2026-07-21T15:25:10.124880
pay_bac131c85a0d47,mer_1003,cust_20328,845.08,INR,upi,PAYTM_BANK,captured,none,0,none,10.0,15,1,0,0,0.3,0,0,mobile_ios,Delhi NCR,Delhi NCR,2026-07-21T15:35:39.124880
pay_0ded58833fd345,mer_1014,cust_20231,34296.16,INR,card_credit,HDFC,captured,none,0,none,35.2,15,1,0,0,39.81,0,0,mobile_ios,Kolkata,Kolkata,2026-07-21T15:37:09.124880
pay_288ca880b83645,mer_1023,cust_20401,2828.82,INR,upi,ICICI,captured,none,0,none,5.8,15,1,0,2,0.75,0,0,desktop_safari,Delhi NCR,Delhi NCR,2026-07-21T15:44:35.124880
pay_12c33bfb773446,mer_1020,cust_20469,21407.7,INR,card_credit,ICICI,failed,insufficient_funds,0,none,33.6,16,1,0,0,39.4,0,0,mobile_ios,Kochi,Kochi,2026-07-21T16:14:39.124880
pay_33f3a620e8fc47,mer_1010,cust_20386,7973.25,INR,wallet,ICICI,captured,none,0,none,31.5,16,1,0,0,5.29,0,0,mobile_android,Ahmedabad,Ahmedabad,2026-07-21T16:16:31.124880
pay_bdb9194833fc4e,mer_1010,cust_20414,3200.59,INR,upi,HDFC,captured,none,0,none,12.0,16,1,0,0,0.88,0,0,desktop_safari,Kochi,Kochi,2026-07-21T16:17:41.124880
pay_f34ad873b1e04c,mer_1025,cust_20282,2508.63,INR,card_credit,ICICI,captured,none,0,none,12.2,16,1,0,0,0.89,0,0,desktop_windows,Jaipur,Jaipur,2026-07-21T16:19:08.124880
pay_483acd13ee1744,mer_1007,cust_20186,55461.5,INR,upi,PAYTM_BANK,failed,auth_timeout,0,none,33.0,16,1,0,0,29.52,0,0,desktop_windows,Mumbai,Mumbai,2026-07-21T16:21:07.124880
pay_8c615b2bee6744,mer_1034,cust_20501,3090.57,INR,upi,AXIS,captured,none,0,none,7.7,16,1,0,1,0.54,0,0,mobile_ios,Delhi NCR,Delhi NCR,2026-07-21T16:41:09.124880
pay_0d3b3a517a5144,mer_1036,cust_20458,7422.0,INR,card_debit,HDFC,captured,none,0,none,39.5,16,1,0,0,12.42,0,0,mobile_android,Bengaluru,Bengaluru,2026-07-21T16:48:47.124880
pay_786553af173345,mer_1011,cust_20434,10992.13,INR,wallet,SBI,captured,none,0,none,35.4,16,1,0,0,3.01,0,0,desktop_chrome,Pune,Pune,2026-07-21T16:51:15.124880
pay_208d215d8bbd4d,mer_1034,cust_20361,3696.63,INR,card_credit,ICICI,captured,none,0,none,33.3,17,1,0,0,5.36,0,0,desktop_chrome,Bengaluru,Bengaluru,2026-07-21T17:09:45.124880
pay_228be589375e49,mer_1038,cust_20368,21137.87,INR,upi,SBI,captured,none,0,none,35.4,17,1,0,0,13.49,0,0,mobile_ios,Hyderabad,Hyderabad,2026-07-21T17:49:49.124880
pay_873b0f016ffb49,mer_1035,cust_20209,91275.8,INR,upi,SBI,captured,none,0,none,31.5,17,1,0,0,113.07,0,0,desktop_windows,Hyderabad,Hyderabad,2026-07-21T17:50:05.124880
pay_b6bc6b1737a249,mer_1002,cust_20254,11344.5,INR,upi,HDFC,captured,none,0,none,49.7,17,1,0,0,9.03,893,0,desktop_chrome,Hyderabad,Mumbai,2026-07-21T17:55:37.124880
pay_4d0e1ebb32c04c,mer_1015,cust_20388,712.64,INR,wallet,AXIS,captured,none,0,none,9.2,18,1,0,0,0.4,0,0,desktop_safari,Chennai,Chennai,2026-07-21T18:29:39.124880
pay_5c7a3ee5808a42,mer_1018,cust_20102,13621.55,INR,netbanking,HDFC,captured,none,0,none,33.9,18,1,0,0,5.72,0,0,desktop_windows,Pune,Pune,2026-07-21T18:32:45.124880
pay_6043230ffee54b,mer_1017,cust_20010,1452.96,INR,card_credit,SBI,captured,none,0,none,15.6,18,1,0,0,1.26,0,0,desktop_chrome,Delhi NCR,Delhi NCR,2026-07-21T18:40:27.124880
pay_f5031ed1324646,mer_1012,cust_20450,21933.13,INR,wallet,AXIS,captured,none,0,none,31.1,19,1,0,0,10.67,0,0,mobile_ios,Delhi NCR,Delhi NCR,2026-07-21T19:00:00.124880
pay_d9537fdbff2248,mer_1021,cust_20093,18359.53,INR,card_credit,HDFC,captured,none,0,none,39.4,19,1,0,0,4.22,0,0,desktop_chrome,Hyderabad,Hyderabad,2026-07-21T19:04:53.124880
pay_99d49208317e4c,mer_1028,cust_20521,8558.85,INR,netbanking,HDFC,captured,none,0,none,36.2,19,1,0,0,10.07,0,0,mobile_android,Hyderabad,Hyderabad,2026-07-21T19:06:25.124880
pay_7dd3ef65fa7540,mer_1028,cust_20548,13391.63,INR,card_credit,HDFC,captured,none,0,none,27.5,19,1,0,0,3.13,0,0,desktop_windows,Hyderabad,Hyderabad,2026-07-21T19:06:29.124880
pay_04ed08860ca84d,mer_1034,cust_20231,709.06,INR,upi,ICICI,captured,none,0,none,27.9,19,1,0,1,0.82,926,0,mobile_android,Kolkata,Ahmedabad,2026-07-21T19:12:57.124880
pay_9543f3aab04e44,mer_1019,cust_20307,116.77,INR,upi,HDFC,captured,none,0,none,12.3,19,1,0,1,0.39,0,0,desktop_windows,Kolkata,Kolkata,2026-07-21T19:16:05.124880
pay_0154ce0be3cb46,mer_1023,cust_20007,2529.86,INR,card_credit,ICICI,captured,none,0,none,12.9,19,1,0,0,2.25,0,0,desktop_chrome,Kochi,Kochi,2026-07-21T19:27:57.124880
pay_a6b4dec6e91543,mer_1010,cust_20421,1771.69,INR,upi,ICICI,captured,none,0,none,39.8,19,1,0,0,4.61,0,0,desktop_chrome,Kolkata,Kolkata,2026-07-21T19:45:46.124880
pay_bdef530a86b741,mer_1029,cust_20166,188.76,INR,upi,SBI,captured,none,0,none,7.4,19,1,0,0,0.38,0,0,desktop_chrome,Ahmedabad,Ahmedabad,2026-07-21T19:56:37.124880
pay_9092b364a0ce4c,mer_1013,cust_20491,7954.34,INR,wallet,PAYTM_BANK,captured,none,0,none,12.5,19,1,0,0,0.82,0,0,mobile_ios,Ahmedabad,Ahmedabad,2026-07-21T19:59:15.124880
pay_0ed4c49c708b42,mer_1025,cust_20135,3238.17,INR,upi,HDFC,captured,none,0,none,5.1,20,1,0,0,1.16,0,0,mobile_ios,Hyderabad,Hyderabad,2026-07-21T20:09:53.124880
pay_b3c891d9de274d,mer_1031,cust_20297,22004.68,INR,upi,HDFC,captured,none,0,none,37.3,20,1,0,0,7.71,0,0,desktop_chrome,Chennai,Chennai,2026-07-21T20:18:04.124880
pay_9fb603177cd049,mer_1013,cust_20486,32478.38,INR,card_credit,AXIS,captured,none,0,none,31.0,20,1,0,0,24.03,0,0,desktop_windows,Chennai,Chennai,2026-07-21T20:37:42.124880
pay_54291121174647,mer_1018,cust_20197,8054.42,INR,netbanking,ICICI,captured,none,0,none,41.4,21,1,0,1,15.03,1225,0,mobile_ios,Ahmedabad,Kolkata,2026-07-21T21:14:36.124880
pay_efa3be3bf76a40,mer_1004,cust_20312,46211.87,INR,upi,ICICI,captured,none,0,none,32.1,21,1,0,0,8.84,0,0,mobile_ios,Bengaluru,Bengaluru,2026-07-21T21:16:14.124880
pay_20c1320e01b944,mer_1039,cust_20104,22067.39,INR,upi,HDFC,captured,none,0,none,42.9,21,1,0,0,16.6,1548,0,mobile_ios,Hyderabad,Bengaluru,2026-07-21T21:25:27.124880
pay_19145120b1f344,mer_1024,cust_20244,3903.91,INR,card_credit,HDFC,captured,none,0,none,17.3,21,1,0,0,1.58,0,0,mobile_android,Hyderabad,Hyderabad,2026-07-21T21:35:16.124880
pay_7551c61d97494e,mer_1013,cust_20457,24325.2,INR,netbanking,HDFC,captured,none,0,none,31.3,22,1,0,0,19.82,0,0,mobile_ios,Bengaluru,Bengaluru,2026-07-21T22:29:18.124880
pay_5606bd9851674b,mer_1017,cust_20574,1308.59,INR,wallet,AXIS,captured,none,0,none,7.5,22,1,0,0,0.29,0,0,desktop_safari,Kochi,Kochi,2026-07-21T22:41:48.124880
pay_dbbee703622f45,mer_1018,cust_20133,2199.83,INR,upi,KOTAK,captured,none,0,none,16.3,22,1,0,0,1.11,0,0,desktop_safari,Chennai,Chennai,2026-07-21T22:46:29.124880
pay_1f61bbe5703844,mer_1025,cust_20576,21433.57,INR,card_debit,ICICI,captured,none,0,none,35.6,23,1,0,1,42.76,0,0,mobile_android,Jaipur,Jaipur,2026-07-21T23:14:19.124880
pay_0373c0063c2143,mer_1034,cust_20266,3644.93,INR,upi,HDFC,captured,none,0,none,27.0,23,1,0,0,4.43,0,0,mobile_ios,Bengaluru,Bengaluru,2026-07-21T23:18:45.124880
pay_b584037480f84c,mer_1004,cust_20255,8348.28,INR,wallet,HDFC,captured,none,0,none,15.8,23,1,0,0,3.0,0,0,desktop_chrome,Bengaluru,Bengaluru,2026-07-21T23:46:10.124880
pay_ef6f257ee86944,mer_1027,cust_20302,4629.01,INR,upi,HDFC,captured,none,0,none,19.1,0,2,0,0,1.0,0,0,mobile_ios,Ahmedabad,Ahmedabad,2026-07-22T00:04:35.124880
pay_83953121df1f40,mer_1038,cust_20109,38571.32,INR,card_credit,SBI,captured,none,0,none,33.7,0,2,0,0,4.66,0,0,mobile_ios,Delhi NCR,Delhi NCR,2026-07-22T00:05:58.124880
pay_1d38bcb5238848,mer_1026,cust_20160,32666.71,INR,upi,SBI,captured,none,0,none,35.9,0,2,0,0,52.0,0,0,desktop_safari,Pune,Pune,2026-07-22T00:32:37.124880
pay_0897a425a5c045,mer_1019,cust_20022,4413.46,INR,upi,AXIS,captured,none,0,none,32.9,0,2,0,0,8.7,0,0,desktop_safari,Bengaluru,Bengaluru,2026-07-22T00:43:04.124880
pay_e28a2327f0f247,mer_1001,cust_20103,4587.49,INR,upi,HDFC,captured,none,0,none,26.9,1,2,0,0,2.53,0,0,mobile_ios,Kochi,Kochi,2026-07-22T01:06:31.124880
pay_6837a7de22c344,mer_1001,cust_20109,3568.07,INR,upi,AXIS,captured,none,0,none,23.2,1,2,0,1,0.43,0,0,desktop_safari,Delhi NCR,Delhi NCR,2026-07-22T01:07:01.124880
pay_8e5b4ba971a74c,mer_1018,cust_20557,72.43,INR,upi,AXIS,failed,risk_blocked,1,card_testing,83.1,1,2,0,0,0.02,0,0,mobile_ios,Mumbai,Mumbai,2026-07-22T01:17:42.124880
pay_6f191159c1e74a,mer_1019,cust_20232,3762.95,INR,netbanking,SBI,captured,none,0,none,16.1,1,2,0,0,0.48,0,0,mobile_android,Kolkata,Kolkata,2026-07-22T01:24:40.124880
pay_cc49357ce9db48,mer_1022,cust_20122,421.37,INR,upi,KOTAK,captured,none,0,none,19.5,1,2,0,0,0.26,0,0,desktop_chrome,Hyderabad,Hyderabad,2026-07-22T01:40:31.124880
pay_a69ae5cdba0e4d,mer_1019,cust_20357,2413.02,INR,netbanking,HDFC,captured,none,0,none,26.7,1,2,0,0,2.79,0,0,mobile_android,Mumbai,Mumbai,2026-07-22T01:49:35.124880
pay_114e73d709df49,mer_1010,cust_20328,7710.36,INR,upi,ICICI,captured,none,0,none,17.7,1,2,0,1,2.74,0,0,desktop_safari,Delhi NCR,Delhi NCR,2026-07-22T01:59:56.124880
pay_14a7b216e8184e,mer_1025,cust_20362,57503.95,INR,upi,ICICI,captured,none,0,none,43.0,2,2,0,0,10.02,0,0,mobile_ios,Jaipur,Jaipur,2026-07-22T02:42:43.124880
pay_9edd1453cc0e45,mer_1015,cust_20394,2978.77,INR,upi,SBI,refunded,customer_return,0,none,23.4,2,2,0,0,0.97,0,0,mobile_android,Chennai,Chennai,2026-07-22T02:43:18.124880
pay_577cd1ffdbbf45,mer_1009,cust_20113,83074.91,INR,upi,ICICI,captured,none,0,none,38.2,3,2,0,0,149.54,0,0,mobile_ios,Kolkata,Kolkata,2026-07-22T03:07:32.124880
pay_1243164e030647,mer_1015,cust_20058,3008.3,INR,card_credit,HDFC,captured,none,0,none,16.1,3,2,0,0,0.88,0,0,desktop_safari,Mumbai,Mumbai,2026-07-22T03:18:09.124880
pay_a6ed2bc1387b49,mer_1039,cust_20162,5248.93,INR,upi,ICICI,captured,none,0,none,29.2,3,2,0,0,2.77,0,0,mobile_ios,Mumbai,Mumbai,2026-07-22T03:31:59.124880
pay_89b38dba2cf247,mer_1031,cust_20422,24225.82,INR,card_credit,ICICI,failed,risk_blocked,1,account_takeover,94.2,3,2,0,0,58.78,1465,1,mobile_ios,Hyderabad,Bengaluru,2026-07-22T03:41:42.124880
pay_e2152638e8e045,mer_1030,cust_20568,45642.32,INR,card_credit,HDFC,captured,none,0,none,36.9,3,2,0,0,9.35,0,0,desktop_chrome,Kolkata,Kolkata,2026-07-22T03:49:06.124880
pay_62fba6c2d2fa45,mer_1014,cust_20411,11769.49,INR,card_credit,HDFC,captured,none,0,none,40.7,3,2,0,0,16.13,0,0,desktop_safari,Bengaluru,Bengaluru,2026-07-22T03:59:52.124880
pay_d8f6981010fc44,mer_1004,cust_20381,6277.34,INR,card_credit,HDFC,captured,none,0,none,18.2,4,2,0,0,1.68,0,0,mobile_android,Delhi NCR,Delhi NCR,2026-07-22T04:17:52.124880
pay_445fc7a66ae344,mer_1001,cust_20317,4169.79,INR,upi,HDFC,refunded,customer_return,0,none,30.3,4,2,0,0,1.23,1306,0,desktop_safari,Jaipur,Kochi,2026-07-22T04:26:47.124880
pay_69b9a1e15d854e,mer_1019,cust_20408,1898.0,INR,upi,HDFC,captured,none,0,none,37.3,4,2,0,0,3.26,0,0,desktop_chrome,Mumbai,Mumbai,2026-07-22T04:30:15.124880
pay_3817bad82f3f40,mer_1038,cust_20392,3951.71,INR,upi,AXIS,captured,none,0,none,37.1,4,2,0,0,3.09,0,0,mobile_android,Jaipur,Jaipur,2026-07-22T04:41:48.124880
pay_c65f14d3c80b41,mer_1011,cust_20514,35583.02,INR,upi,SBI,captured,none,0,none,45.7,4,2,0,0,13.9,0,0,desktop_chrome,Pune,Pune,2026-07-22T04:45:34.124880
pay_de35fdd6151e42,mer_1025,cust_20245,7081.28,INR,upi,SBI,captured,none,0,none,46.7,4,2,0,0,12.77,0,0,mobile_android,Mumbai,Mumbai,2026-07-22T04:57:38.124880
pay_cd77580aa78f4c,mer_1006,cust_20511,36511.9,INR,upi,HDFC,captured,none,0,none,39.7,5,2,0,0,49.21,0,0,mobile_android,Bengaluru,Bengaluru,2026-07-22T05:20:50.124880
pay_ce2f3848cc714a,mer_1029,cust_20144,1226.56,INR,netbanking,PAYTM_BANK,captured,none,0,none,17.7,5,2,0,0,1.27,0,0,desktop_windows,Pune,Pune,2026-07-22T05:32:04.124880
pay_2e417af32ebf48,mer_1021,cust_20383,45299.23,INR,upi,ICICI,refunded,customer_return,0,none,37.8,5,2,0,0,27.23,0,0,mobile_android,Kochi,Kochi,2026-07-22T05:36:49.124880
pay_62624cee5b684a,mer_1019,cust_20385,437.14,INR,upi,ICICI,captured,none,0,none,7.7,6,2,0,0,0.13,0,0,desktop_safari,Hyderabad,Hyderabad,2026-07-22T06:09:52.124880
pay_bb62c622126b46,mer_1007,cust_20407,27143.57,INR,card_debit,HDFC,captured,none,0,none,39.2,6,2,0,0,85.82,0,0,desktop_safari,Mumbai,Mumbai,2026-07-22T06:11:54.124880
pay_5aa9bd40d27443,mer_1010,cust_20219,4768.26,INR,upi,HDFC,captured,none,0,none,16.4,6,2,0,0,2.02,0,0,desktop_safari,Kolkata,Kolkata,2026-07-22T06:15:38.124880
pay_5cb24c468d8a49,mer_1028,cust_20277,2713.65,INR,upi,HDFC,captured,none,0,none,18.4,6,2,0,0,2.29,0,0,desktop_windows,Ahmedabad,Ahmedabad,2026-07-22T06:31:02.124880
pay_39dd9deee52d49,mer_1028,cust_20351,4447.83,INR,wallet,HDFC,captured,none,0,none,33.6,7,2,0,0,7.42,0,0,mobile_ios,Kochi,Kochi,2026-07-22T07:10:57.124880
pay_4088ba65c36440,mer_1001,cust_20575,513.6,INR,card_debit,SBI,captured,none,0,none,12.5,7,2,0,0,0.67,0,0,desktop_chrome,Pune,Pune,2026-07-22T07:33:50.124880
pay_c24e782c901143,mer_1021,cust_20117,25929.91,INR,card_debit,SBI,captured,none,0,none,25.5,7,2,0,0,48.34,0,0,mobile_ios,Mumbai,Mumbai,2026-07-22T07:42:16.124880
pay_650dd5c8fc1146,mer_1013,cust_20431,25033.15,INR,card_credit,SBI,captured,none,0,none,29.5,7,2,0,0,22.51,0,0,desktop_windows,Bengaluru,Bengaluru,2026-07-22T07:44:17.124880
pay_e6354eb5884c4e,mer_1020,cust_20515,28747.06,INR,card_debit,HDFC,captured,none,0,none,38.9,7,2,0,0,95.82,0,0,desktop_windows,Jaipur,Jaipur,2026-07-22T07:45:25.124880
pay_05a6a4e2fa484c,mer_1030,cust_20439,15102.96,INR,upi,ICICI,captured,none,0,none,26.5,8,2,0,1,5.65,0,0,desktop_safari,Kolkata,Kolkata,2026-07-22T08:05:07.124880
pay_3b042c510e6345,mer_1006,cust_20107,35480.47,INR,upi,HDFC,captured,none,0,none,29.3,8,2,0,0,34.87,0,0,desktop_windows,Kochi,Kochi,2026-07-22T08:05:17.124880
pay_325017ed586e48,mer_1027,cust_20217,1727.72,INR,upi,ICICI,captured,none,0,none,5.1,8,2,0,0,1.89,0,0,desktop_safari,Delhi NCR,Delhi NCR,2026-07-22T08:07:38.124880
pay_8ad3369efc9c4f,mer_1024,cust_20230,140.91,INR,upi,HDFC,failed,risk_blocked,1,card_testing,93.2,8,2,0,0,0.31,0,0,mobile_ios,Hyderabad,Hyderabad,2026-07-22T08:08:15.124880
pay_5aedca87a98749,mer_1034,cust_20326,4452.15,INR,upi,KOTAK,captured,none,0,none,14.5,8,2,0,0,1.71,0,0,desktop_safari,Jaipur,Jaipur,2026-07-22T08:11:14.124880
pay_6ec842b4ee5343,mer_1012,cust_20413,17947.92,INR,netbanking,ICICI,captured,none,0,none,28.9,9,2,0,0,35.81,0,0,desktop_windows,Jaipur,Jaipur,2026-07-22T09:02:50.124880
pay_200f4d7e86f54b,mer_1036,cust_20163,6744.0,INR,netbanking,HDFC,captured,none,0,none,13.6,9,2,0,0,1.52,0,0,mobile_android,Chennai,Chennai,2026-07-22T09:03:52.124880
pay_740abdcc575540,mer_1002,cust_20134,58197.31,INR,wallet,SBI,captured,none,0,none,36.8,9,2,0,0,35.13,0,0,mobile_ios,Pune,Pune,2026-07-22T09:30:45.124880
pay_96f3803e2b5642,mer_1017,cust_20053,1714.4,INR,upi,KOTAK,captured,none,0,none,7.7,9,2,0,0,0.5,0,0,desktop_safari,Bengaluru,Bengaluru,2026-07-22T09:36:11.124880
pay_b0cd3f85993745,mer_1005,cust_20507,16185.01,INR,card_debit,KOTAK,captured,none,0,none,30.6,10,2,0,0,28.85,0,0,desktop_safari,Bengaluru,Bengaluru,2026-07-22T10:00:33.124880
pay_0cc1a503062a45,mer_1021,cust_20462,2476.41,INR,card_debit,HDFC,captured,none,0,none,19.9,10,2,0,0,1.51,0,0,mobile_android,Chennai,Chennai,2026-07-22T10:11:29.124880
pay_8fafd3a9097346,mer_1039,cust_20560,11617.03,INR,upi,ICICI,captured,none,0,none,28.3,10,2,0,0,3.91,0,0,desktop_windows,Bengaluru,Bengaluru,2026-07-22T10:19:41.124880
pay_186e547a862641,mer_1021,cust_20142,72569.6,INR,upi,SBI,captured,none,0,none,31.5,10,2,0,0,68.81,0,0,desktop_chrome,Mumbai,Mumbai,2026-07-22T10:36:47.124880
pay_dbe782b5de5342,mer_1026,cust_20198,78501.19,INR,upi,HDFC,captured,none,0,none,38.2,10,2,0,0,96.03,0,0,desktop_windows,Pune,Pune,2026-07-22T10:40:12.124880
pay_9a9e1b70375a49,mer_1028,cust_20279,9233.09,INR,card_debit,SBI,captured,none,0,none,28.8,10,2,0,0,9.24,0,0,mobile_android,Mumbai,Mumbai,2026-07-22T10:43:20.124880
pay_1ff7e3e55b7247,mer_1027,cust_20301,4814.88,INR,card_credit,AXIS,captured,none,0,none,28.2,10,2,0,0,16.05,0,0,desktop_chrome,Jaipur,Jaipur,2026-07-22T10:51:01.124880
pay_b024192cb1fb45,mer_1024,cust_20381,615.35,INR,upi,HDFC,captured,none,0,none,14.0,11,2,0,1,0.16,0,0,desktop_windows,Delhi NCR,Delhi NCR,2026-07-22T11:00:38.124880
pay_64de2ae0f53b44,mer_1034,cust_20223,3550.84,INR,upi,HDFC,captured,none,0,none,25.7,11,2,0,0,4.81,0,0,desktop_safari,Ahmedabad,Ahmedabad,2026-07-22T11:35:26.124880
pay_67664d5167474d,mer_1032,cust_20511,7857.62,INR,upi,HDFC,captured,none,0,none,39.8,11,2,0,1,10.59,0,0,mobile_ios,Bengaluru,Bengaluru,2026-07-22T11:45:04.124880
pay_59d70f688f3346,mer_1030,cust_20292,5139.57,INR,upi,PAYTM_BANK,captured,none,0,none,29.1,11,2,0,0,3.38,0,0,mobile_android,Jaipur,Jaipur,2026-07-22T11:49:10.124880
pay_d7314803d09c40,mer_1023,cust_20410,3442.06,INR,upi,SBI,captured,none,0,none,14.3,11,2,0,0,1.87,0,0,desktop_safari,Mumbai,Mumbai,2026-07-22T11:55:29.124880
pay_7ef4c5437d3744,mer_1002,cust_20230,9966.24,INR,upi,HDFC,captured,none,0,none,33.1,12,2,0,1,21.7,0,0,mobile_ios,Hyderabad,Hyderabad,2026-07-22T12:09:02.124880
pay_926b274f22384d,mer_1001,cust_20054,757.93,INR,upi,AXIS,captured,none,0,none,16.9,12,2,0,0,0.17,1558,0,desktop_safari,Hyderabad,Chennai,2026-07-22T12:15:58.124880
pay_100f109733db48,mer_1010,cust_20599,3523.07,INR,netbanking,PAYTM_BANK,captured,none,0,none,16.6,12,2,0,0,1.07,0,0,desktop_windows,Hyderabad,Hyderabad,2026-07-22T12:18:30.124880
pay_bdb23ebb7ce044,mer_1031,cust_20232,30944.92,INR,upi,SBI,captured,none,0,none,35.1,12,2,0,1,3.98,0,0,mobile_ios,Kolkata,Kolkata,2026-07-22T12:25:25.124880
pay_045cf6cebbdf47,mer_1030,cust_20395,20018.42,INR,upi,HDFC,captured,none,0,none,27.0,12,2,0,0,8.48,0,0,desktop_chrome,Delhi NCR,Delhi NCR,2026-07-22T12:43:08.124880
pay_f95935212b5042,mer_1024,cust_20395,4838.33,INR,wallet,AXIS,captured,none,0,none,6.5,12,2,1,1,2.05,0,0,mobile_ios,Delhi NCR,Delhi NCR,2026-07-22T12:50:54.124880
pay_66684854c1844c,mer_1030,cust_20110,66669.54,INR,card_credit,HDFC,captured,none,0,none,37.3,13,2,0,0,61.62,1077,0,mobile_android,Kochi,Jaipur,2026-07-22T13:10:34.124880
pay_10700f02cb6941,mer_1033,cust_20442,1204.72,INR,upi,HDFC,captured,none,0,none,14.1,13,2,0,0,1.25,0,0,desktop_safari,Jaipur,Jaipur,2026-07-22T13:12:24.124880
pay_1a7bd337a8764a,mer_1034,cust_20444,1114.51,INR,upi,HDFC,captured,none,0,none,21.1,13,2,0,0,1.36,1328,0,mobile_android,Mumbai,Bengaluru,2026-07-22T13:17:16.124880
pay_88fd518793fd4a,mer_1026,cust_20104,59295.01,INR,upi,AXIS,failed,issuer_bank_down,0,none,38.6,14,2,0,1,44.61,0,0,desktop_chrome,Hyderabad,Hyderabad,2026-07-22T14:10:03.124880
pay_4ef0492fa99d4a,mer_1040,cust_20489,27686.36,INR,card_credit,AXIS,refunded,customer_return,0,none,32.1,14,2,0,0,61.62,0,0,desktop_chrome,Hyderabad,Hyderabad,2026-07-22T14:22:57.124880
pay_fa6512a2541541,mer_1022,cust_20022,511.39,INR,upi,HDFC,captured,none,0,none,17.3,14,2,0,1,1.01,0,0,desktop_safari,Bengaluru,Bengaluru,2026-07-22T14:25:06.124880
pay_030842bbd0ae4f,mer_1037,cust_20298,789.76,INR,card_debit,ICICI,captured,none,0,none,25.0,14,2,0,0,1.23,1796,0,desktop_safari,Kochi,Pune,2026-07-22T14:27:34.124880
pay_e0790ce7d39f45,mer_1017,cust_20374,800.63,INR,upi,AXIS,captured,none,0,none,7.2,14,2,0,0,0.66,0,0,desktop_windows,Hyderabad,Hyderabad,2026-07-22T14:43:59.124880
pay_e999e0dbe72647,mer_1027,cust_20226,2279.72,INR,card_credit,HDFC,captured,none,0,none,10.7,14,2,0,0,0.69,0,0,desktop_chrome,Pune,Pune,2026-07-22T14:50:55.124880
pay_40373774cca347,mer_1007,cust_20281,75080.27,INR,netbanking,SBI,captured,none,0,none,33.8,15,2,0,0,138.11,0,0,desktop_chrome,Ahmedabad,Ahmedabad,2026-07-22T15:25:56.124880
pay_280473f9a1eb44,mer_1018,cust_20317,12272.42,INR,upi,ICICI,captured,none,0,none,32.5,15,2,0,1,3.61,0,0,desktop_windows,Jaipur,Jaipur,2026-07-22T15:46:02.124880
pay_4888ed52217d4b,mer_1010,cust_20478,2735.54,INR,card_credit,ICICI,failed,issuer_bank_down,0,none,9.2,15,2,0,0,1.01,0,0,mobile_android,Chennai,Chennai,2026-07-22T15:49:02.124880
pay_50b022b2e05140,mer_1038,cust_20127,22424.4,INR,upi,HDFC,captured,none,0,none,39.3,15,2,0,0,18.75,432,0,desktop_chrome,Kolkata,Pune,2026-07-22T15:51:32.124880
pay_438c83474a2f4f,mer_1018,cust_20147,7650.99,INR,wallet,HDFC,captured,none,0,none,31.0,15,2,0,0,6.81,0,0,desktop_chrome,Mumbai,Mumbai,2026-07-22T15:53:55.124880
pay_3b02706ca9d540,mer_1007,cust_20268,15963.43,INR,netbanking,SBI,captured,none,0,none,33.3,16,2,0,0,11.09,0,0,mobile_ios,Ahmedabad,Ahmedabad,2026-07-22T16:13:18.124880
pay_7677338e97a140,mer_1020,cust_20313,29928.17,INR,upi,ICICI,captured,none,0,none,35.3,16,2,0,0,20.09,0,0,desktop_safari,Delhi NCR,Delhi NCR,2026-07-22T16:40:58.124880
pay_fbfaa13c195b4d,mer_1023,cust_20480,7591.44,INR,upi,ICICI,captured,none,0,none,48.7,16,2,0,0,4.24,0,1,desktop_safari,Chennai,Chennai,2026-07-22T16:44:29.124880
pay_25e6fcba6bdd4f,mer_1024,cust_20131,5818.52,INR,card_credit,AXIS,captured,none,0,none,37.6,17,2,0,0,4.93,0,0,mobile_android,Kolkata,Kolkata,2026-07-22T17:14:20.124880
pay_30cbf02fa5ac44,mer_1006,cust_20057,7778.92,INR,upi,PAYTM_BANK,captured,none,0,none,15.8,17,2,0,0,2.88,0,0,desktop_chrome,Kochi,Kochi,2026-07-22T17:39:34.124880
pay_dfc9b0ae4d7242,mer_1014,cust_20529,21170.62,INR,upi,SBI,captured,none,0,none,34.4,17,2,0,0,13.1,0,0,desktop_chrome,Hyderabad,Hyderabad,2026-07-22T17:40:58.124880
pay_8b173ad18be448,mer_1013,cust_20118,40272.57,INR,upi,HDFC,captured,none,0,none,31.1,17,2,0,0,19.39,0,0,mobile_android,Kolkata,Kolkata,2026-07-22T17:48:03.124880
pay_21a2f175e98d4c,mer_1012,cust_20241,40231.42,INR,card_debit,ICICI,failed,issuer_bank_down,0,none,36.2,17,2,0,0,38.99,0,0,desktop_safari,Delhi NCR,Delhi NCR,2026-07-22T17:59:52.124880
pay_9965449f04fc46,mer_1016,cust_20175,18483.58,INR,upi,SBI,captured,none,0,none,26.6,18,2,0,0,18.38,0,0,desktop_windows,Hyderabad,Hyderabad,2026-07-22T18:06:13.124880
pay_89ede21d7db94f,mer_1027,cust_20436,658.16,INR,upi,HDFC,captured,none,0,none,33.2,18,2,0,0,0.47,0,1,desktop_windows,Bengaluru,Bengaluru,2026-07-22T18:08:19.124880
pay_e88e4e51d3b043,mer_1030,cust_20284,49842.42,INR,upi,HDFC,captured,none,0,none,35.8,18,2,0,0,22.98,0,0,desktop_windows,Hyderabad,Hyderabad,2026-07-22T18:21:22.124880
pay_30d95b6ca4564f,mer_1022,cust_20471,1617.64,INR,card_credit,AXIS,captured,none,0,none,13.6,18,2,0,0,1.09,0,0,desktop_safari,Jaipur,Jaipur,2026-07-22T18:29:43.124880
pay_26ea9d589dd546,mer_1033,cust_20539,3081.77,INR,upi,SBI,captured,none,0,none,6.6,18,2,0,0,1.63,0,0,mobile_android,Delhi NCR,Delhi NCR,2026-07-22T18:30:36.124880
pay_79f87954039d4a,mer_1031,cust_20332,40398.72,INR,card_debit,PAYTM_BANK,captured,none,0,none,38.8,18,2,0,0,26.08,0,0,mobile_ios,Delhi NCR,Delhi NCR,2026-07-22T18:45:15.124880
pay_b54b02bb2bf746,mer_1004,cust_20257,6699.5,INR,upi,AXIS,captured,none,0,none,33.6,18,2,0,0,4.01,0,0,mobile_ios,Hyderabad,Hyderabad,2026-07-22T18:58:48.124880
pay_57709739cf8246,mer_1013,cust_20201,13221.03,INR,upi,ICICI,captured,none,0,none,25.5,19,2,0,0,9.52,0,0,mobile_ios,Mumbai,Mumbai,2026-07-22T19:23:34.124880
pay_6a304a5eb2e443,mer_1009,cust_20006,39256.45,INR,upi,ICICI,captured,none,0,none,30.3,19,2,0,0,86.84,0,0,desktop_windows,Bengaluru,Bengaluru,2026-07-22T19:31:52.124880
pay_44c793f977e64a,mer_1040,cust_20573,22508.56,INR,card_debit,AXIS,captured,none,0,none,28.5,19,2,0,0,8.66,0,0,mobile_ios,Ahmedabad,Ahmedabad,2026-07-22T19:45:19.124880
pay_90271ad9ef5845,mer_1039,cust_20554,49685.58,INR,upi,HDFC,captured,none,0,none,28.6,19,2,0,0,23.14,0,0,mobile_android,Pune,Pune,2026-07-22T19:51:41.124880
pay_fa4ce3e61b5c4f,mer_1034,cust_20513,3210.04,INR,upi,SBI,captured,none,0,none,38.3,20,2,0,0,3.55,0,0,desktop_chrome,Jaipur,Jaipur,2026-07-22T20:02:34.124880
pay_aa42e52a389f43,mer_1004,cust_20143,18577.43,INR,upi,AXIS,captured,none,0,none,36.5,20,2,0,0,19.85,0,0,desktop_safari,Hyderabad,Hyderabad,2026-07-22T20:09:55.124880
pay_5896974f385145,mer_1003,cust_20355,3167.23,INR,wallet,KOTAK,captured,none,0,none,38.4,20,2,0,0,3.76,1130,0,desktop_chrome,Mumbai,Jaipur,2026-07-22T20:10:24.124880
pay_724fb5a95b0c4e,mer_1023,cust_20442,6303.1,INR,upi,AXIS,captured,none,0,none,48.3,20,2,0,1,6.55,0,1,mobile_ios,Jaipur,Jaipur,2026-07-22T20:13:32.124880
pay_8414e4626fa249,mer_1004,cust_20397,20432.18,INR,card_debit,SBI,captured,none,0,none,31.5,20,2,0,0,7.97,0,0,desktop_windows,Delhi NCR,Delhi NCR,2026-07-22T20:15:45.124880
pay_c88a86c6ff1442,mer_1004,cust_20244,13780.55,INR,upi,SBI,captured,none,0,none,25.9,20,2,0,1,5.58,0,0,desktop_windows,Hyderabad,Hyderabad,2026-07-22T20:23:32.124880
pay_c6f80fe3c8ed4b,mer_1004,cust_20130,16856.67,INR,upi,HDFC,captured,none,0,none,28.8,20,2,0,0,8.55,0,0,mobile_ios,Jaipur,Jaipur,2026-07-22T20:45:37.124880
pay_ff3c13a29f174c,mer_1035,cust_20211,36878.99,INR,upi,SBI,captured,none,0,none,29.0,20,2,0,0,93.37,0,0,desktop_chrome,Bengaluru,Bengaluru,2026-07-22T20:47:19.124880
pay_065c375287b54f,mer_1035,cust_20516,42605.2,INR,upi,ICICI,captured,none,0,none,26.8,20,2,0,0,17.47,0,0,mobile_ios,Chennai,Chennai,2026-07-22T20:50:44.124880
pay_580df247c3ee47,mer_1010,cust_20037,5274.91,INR,wallet,SBI,captured,none,0,none,29.2,21,2,0,0,5.72,219,0,desktop_windows,Jaipur,Ahmedabad,2026-07-22T21:00:04.124880
pay_721a2d1e698c4e,mer_1040,cust_20394,15665.01,INR,upi,AXIS,failed,insufficient_funds,0,none,39.1,21,2,0,1,5.1,0,0,desktop_safari,Chennai,Chennai,2026-07-22T21:06:39.124880
pay_e825054499b948,mer_1039,cust_20345,38377.52,INR,netbanking,KOTAK,captured,none,0,none,36.0,21,2,0,0,12.32,0,0,desktop_windows,Delhi NCR,Delhi NCR,2026-07-22T21:06:47.124880
pay_60f32f8123f949,mer_1004,cust_20112,38578.55,INR,card_credit,KOTAK,captured,none,0,none,27.4,21,2,0,0,17.27,0,0,desktop_safari,Pune,Pune,2026-07-22T21:36:54.124880
pay_1ace1182e59642,mer_1025,cust_20479,10434.97,INR,card_credit,KOTAK,captured,none,0,none,33.6,21,2,0,0,13.91,0,0,mobile_android,Ahmedabad,Ahmedabad,2026-07-22T21:43:24.124880
pay_629e98b87e9040,mer_1003,cust_20281,4422.1,INR,upi,SBI,captured,none,0,none,25.3,21,2,0,1,8.13,0,0,desktop_windows,Ahmedabad,Ahmedabad,2026-07-22T21:50:06.124880
pay_b31e425677414e,mer_1001,cust_20478,3297.96,INR,upi,ICICI,captured,none,0,none,7.7,22,2,0,1,1.21,0,0,mobile_android,Chennai,Chennai,2026-07-22T22:03:42.124880
pay_db3c2d28ceb845,mer_1018,cust_20266,8436.78,INR,card_debit,HDFC,captured,none,0,none,31.6,22,2,0,1,10.26,0,0,mobile_android,Bengaluru,Bengaluru,2026-07-22T22:12:48.124880
pay_2a73e13908af45,mer_1021,cust_20043,96929.59,INR,card_credit,HDFC,captured,none,0,none,41.6,22,2,0,0,212.97,0,1,desktop_chrome,Kochi,Kochi,2026-07-22T22:33:34.124880
pay_d9c5783df65c4f,mer_1033,cust_20455,1130.76,INR,upi,HDFC,captured,none,0,none,16.8,22,2,0,0,0.84,0,0,mobile_android,Hyderabad,Hyderabad,2026-07-22T22:41:51.124880
pay_f3bd346401d24a,mer_1022,cust_20418,4329.49,INR,netbanking,ICICI,failed,auth_timeout,0,none,17.1,22,2,0,0,1.86,241,0,mobile_ios,Kochi,Chennai,2026-07-22T22:42:37.124880
pay_7493c07ae2b742,mer_1033,cust_20521,4477.65,INR,card_debit,SBI,captured,none,0,none,26.2,22,2,0,0,5.27,0,0,mobile_ios,Hyderabad,Hyderabad,2026-07-22T22:47:52.124880
pay_33876d81df3042,mer_1015,cust_20579,2695.04,INR,upi,ICICI,captured,none,0,none,9.8,22,2,0,0,2.41,0,0,desktop_windows,Ahmedabad,Ahmedabad,2026-07-22T22:56:27.124880
pay_4b842e3337d744,mer_1013,cust_20590,14623.21,INR,upi,HDFC,captured,none,0,none,26.2,23,2,0,0,3.45,0,0,mobile_android,Pune,Pune,2026-07-22T23:07:51.124880
pay_dd0abefc0a1246,mer_1036,cust_20518,20817.63,INR,upi,ICICI,captured,none,0,none,35.0,23,2,0,0,28.24,0,0,mobile_ios,Delhi NCR,Delhi NCR,2026-07-22T23:34:44.124880
pay_a79ed973ed7349,mer_1039,cust_20267,7663.36,INR,card_debit,ICICI,captured,none,0,none,38.1,23,2,0,0,3.6,0,0,desktop_safari,Kochi,Kochi,2026-07-22T23:45:05.124880
pay_651ce2e1c75f4f,mer_1001,cust_20171,3302.18,INR,upi,HDFC,captured,none,0,none,12.7,0,3,0,0,2.99,0,0,mobile_android,Delhi NCR,Delhi NCR,2026-07-23T00:14:41.124880
pay_b233af3be86f4e,mer_1034,cust_20398,2118.53,INR,netbanking,ICICI,captured,none,0,none,5.7,0,3,0,0,1.28,0,0,desktop_chrome,Hyderabad,Hyderabad,2026-07-23T00:24:02.124880
pay_f3ca2b61b44e4f,mer_1023,cust_20460,5899.47,INR,netbanking,SBI,captured,none,0,none,32.6,0,3,0,0,7.38,0,0,mobile_ios,Ahmedabad,Ahmedabad,2026-07-23T00:37:22.124880
pay_6815e72c6fae4b,mer_1010,cust_20008,5111.41,INR,card_credit,ICICI,captured,none,0,none,32.4,0,3,0,0,4.65,0,0,desktop_windows,Chennai,Chennai,2026-07-23T00:38:24.124880
pay_c4e54c7626b648,mer_1004,cust_20578,28513.96,INR,upi,ICICI,captured,none,0,none,36.0,0,3,0,0,19.51,0,0,mobile_ios,Delhi NCR,Delhi NCR,2026-07-23T00:45:21.124880
pay_674bcc2907b041,mer_1028,cust_20532,5070.7,INR,upi,AXIS,captured,none,0,none,39.8,0,3,0,0,4.09,0,0,desktop_safari,Kolkata,Kolkata,2026-07-23T00:55:28.124880
pay_b6af714fa86f44,mer_1007,cust_20238,21765.55,INR,card_credit,HDFC,captured,none,0,none,50.1,1,3,0,0,15.88,0,1,mobile_android,Kolkata,Kolkata,2026-07-23T01:08:22.124880
pay_72456279d8cb4b,mer_1002,cust_20379,53993.42,INR,upi,KOTAK,captured,none,0,none,48.3,1,3,0,0,34.61,0,0,desktop_chrome,Mumbai,Mumbai,2026-07-23T01:09:34.124880
pay_157e0e869d9c47,mer_1032,cust_20270,15686.75,INR,upi,HDFC,captured,none,0,none,44.5,1,3,0,0,10.49,0,0,mobile_ios,Bengaluru,Bengaluru,2026-07-23T01:15:53.124880
pay_8fe17b3b08a944,mer_1033,cust_20076,4507.76,INR,card_credit,HDFC,captured,none,0,none,44.4,1,3,0,0,3.04,0,0,desktop_chrome,Pune,Pune,2026-07-23T01:21:17.124880
pay_67be9a50af854a,mer_1001,cust_20252,5048.88,INR,upi,ICICI,captured,none,0,none,29.3,1,3,0,0,1.24,0,0,mobile_ios,Delhi NCR,Delhi NCR,2026-07-23T01:32:07.124880
pay_76592e6023b542,mer_1014,cust_20004,31079.39,INR,upi,ICICI,captured,none,0,none,58.2,1,3,0,0,8.54,1406,0,desktop_windows,Ahmedabad,Pune,2026-07-23T01:37:45.124880
pay_dafe5fd73a4540,mer_1015,cust_20300,3311.87,INR,card_credit,ICICI,captured,none,0,none,39.3,1,3,0,0,10.11,0,0,mobile_ios,Kolkata,Kolkata,2026-07-23T01:39:37.124880
pay_a9fce4fe631749,mer_1029,cust_20334,667.01,INR,upi,ICICI,captured,none,0,none,22.3,2,3,0,0,0.27,0,0,desktop_safari,Bengaluru,Bengaluru,2026-07-23T02:09:44.124880
pay_15f7765d7d4f44,mer_1027,cust_20241,1316.04,INR,upi,HDFC,captured,none,0,none,21.0,2,3,0,1,1.28,0,0,desktop_chrome,Delhi NCR,Delhi NCR,2026-07-23T02:11:17.124880
pay_f96da2d4a79643,mer_1004,cust_20275,24321.03,INR,upi,HDFC,captured,none,0,none,44.2,2,3,0,0,9.79,0,0,mobile_ios,Bengaluru,Bengaluru,2026-07-23T02:15:58.124880
pay_66f41dbb2e7e43,mer_1009,cust_20553,57356.76,INR,upi,SBI,captured,none,0,none,49.8,2,3,0,0,36.43,0,0,desktop_windows,Kolkata,Kolkata,2026-07-23T02:42:38.124880
pay_13d91398f73b40,mer_1035,cust_20406,79759.7,INR,card_debit,HDFC,failed,issuer_bank_down,0,none,49.1,3,3,0,0,22.49,0,0,mobile_ios,Kolkata,Kolkata,2026-07-23T03:11:00.124880
pay_7447f52cc0da42,mer_1007,cust_20514,13833.17,INR,upi,ICICI,captured,none,0,none,41.0,3,3,0,1,5.41,0,0,mobile_ios,Pune,Pune,2026-07-23T03:15:04.124880
pay_bcce4e3869b64d,mer_1018,cust_20087,11858.07,INR,upi,ICICI,captured,none,0,none,49.7,3,3,0,0,3.4,1388,0,mobile_android,Ahmedabad,Jaipur,2026-07-23T03:17:03.124880
pay_00c5cad599ad42,mer_1021,cust_20436,21802.99,INR,upi,HDFC,captured,none,0,none,39.2,3,3,0,1,15.53,0,0,desktop_safari,Bengaluru,Bengaluru,2026-07-23T03:22:29.124880
pay_065b5bacc3244f,mer_1019,cust_20547,5418.52,INR,upi,ICICI,failed,insufficient_funds,0,none,21.7,3,3,0,0,2.64,0,0,mobile_android,Bengaluru,Bengaluru,2026-07-23T03:22:51.124880
pay_2babfaf947324b,mer_1031,cust_20577,9508.08,INR,upi,HDFC,captured,none,0,none,42.9,3,3,0,0,4.83,496,0,desktop_safari,Ahmedabad,Jaipur,2026-07-23T03:27:55.124880
pay_cfcef6dc050444,mer_1037,cust_20239,2321.88,INR,upi,ICICI,captured,none,0,none,38.4,3,3,0,0,2.31,0,1,desktop_windows,Chennai,Chennai,2026-07-23T03:39:19.124880
pay_08baf4b820b742,mer_1032,cust_20559,12701.72,INR,upi,KOTAK,captured,none,0,none,35.2,3,3,0,0,10.53,0,0,mobile_android,Ahmedabad,Ahmedabad,2026-07-23T03:39:36.124880
pay_584e51f6c2334a,mer_1034,cust_20125,3965.89,INR,upi,ICICI,captured,none,0,none,39.5,3,3,0,0,3.43,0,0,desktop_windows,Mumbai,Mumbai,2026-07-23T03:42:09.124880
pay_bc1ddb668cbc44,mer_1028,cust_20302,4454.13,INR,card_credit,AXIS,captured,none,0,none,24.2,3,3,0,0,0.96,0,0,mobile_ios,Ahmedabad,Ahmedabad,2026-07-23T03:51:04.124880
pay_4808d488cacc4a,mer_1024,cust_20532,1938.36,INR,card_credit,ICICI,captured,none,0,none,19.8,4,3,0,1,1.56,0,0,mobile_ios,Kolkata,Kolkata,2026-07-23T04:01:26.124880
pay_0d7b70d7b8be41,mer_1012,cust_20154,3496.02,INR,upi,PAYTM_BANK,captured,none,0,none,40.3,4,3,0,0,8.99,0,0,desktop_safari,Kochi,Kochi,2026-07-23T04:04:18.124880
pay_58642483a95145,mer_1036,cust_20232,10133.49,INR,upi,HDFC,captured,none,0,none,24.6,4,3,0,1,1.3,0,0,desktop_chrome,Kolkata,Kolkata,2026-07-23T04:11:21.124880
pay_f409cff65b7f46,mer_1013,cust_20080,10534.85,INR,card_credit,HDFC,captured,none,0,none,46.6,4,3,0,0,12.26,0,0,desktop_windows,Jaipur,Jaipur,2026-07-23T04:42:05.124880
pay_c762a060ae3146,mer_1038,cust_20284,33592.6,INR,wallet,SBI,captured,none,0,none,52.2,4,3,0,1,15.49,0,1,mobile_ios,Hyderabad,Hyderabad,2026-07-23T04:45:15.124880
pay_349523a482fd44,mer_1011,cust_20487,33352.21,INR,netbanking,ICICI,captured,none,0,none,43.4,4,3,0,0,26.83,0,0,desktop_safari,Kolkata,Kolkata,2026-07-23T04:51:04.124880
pay_fd63a3e6db2843,mer_1025,cust_20395,66365.4,INR,card_credit,ICICI,captured,none,0,none,42.4,5,3,0,2,28.12,588,0,desktop_chrome,Delhi NCR,Kochi,2026-07-23T05:15:25.124880
pay_f2619e8ad0ca43,mer_1017,cust_20124,784.38,INR,card_credit,ICICI,captured,none,0,none,20.0,5,3,0,0,0.78,0,0,desktop_chrome,Kochi,Kochi,2026-07-23T05:29:22.124880
pay_1fbe1c4deea04e,mer_1013,cust_20392,39356.77,INR,upi,KOTAK,captured,none,0,none,38.8,6,3,0,0,30.74,0,0,desktop_windows,Jaipur,Jaipur,2026-07-23T06:02:55.124880
pay_b006d647e7f743,mer_1039,cust_20280,18891.41,INR,upi,HDFC,captured,none,0,none,40.0,6,3,0,0,3.18,0,0,mobile_android,Mumbai,Mumbai,2026-07-23T06:06:31.124880
pay_894905d6c84a44,mer_1030,cust_20503,56763.06,INR,upi,SBI,captured,none,0,none,37.5,6,3,0,0,26.56,209,0,mobile_ios,Mumbai,Chennai,2026-07-23T06:18:37.124880
pay_f879dd19a24a4c,mer_1008,cust_20058,32101.69,INR,upi,SBI,captured,none,0,none,38.5,6,3,0,0,9.39,0,0,desktop_windows,Mumbai,Mumbai,2026-07-23T06:27:42.124880
pay_8bddfc49f2874b,mer_1011,cust_20376,22625.99,INR,upi,KOTAK,captured,none,0,none,34.1,6,3,0,0,21.91,0,0,desktop_windows,Kochi,Kochi,2026-07-23T06:29:02.124880
pay_90504698e66744,mer_1033,cust_20420,3369.83,INR,upi,SBI,captured,none,0,none,26.3,6,3,0,0,6.43,0,0,desktop_chrome,Kolkata,Kolkata,2026-07-23T06:33:51.124880
pay_44cad0bc358a4a,mer_1006,cust_20187,33012.81,INR,card_credit,HDFC,captured,none,0,none,39.1,6,3,0,0,55.49,0,0,mobile_ios,Chennai,Chennai,2026-07-23T06:34:21.124880
pay_612bed1d749d4e,mer_1020,cust_20196,15266.09,INR,card_credit,SBI,captured,none,0,none,38.3,6,3,0,0,5.02,0,0,desktop_windows,Delhi NCR,Delhi NCR,2026-07-23T06:38:34.124880
pay_5c3a2f4d7d6847,mer_1012,cust_20303,6482.61,INR,upi,ICICI,captured,none,0,none,17.5,6,3,0,0,1.19,0,0,desktop_windows,Delhi NCR,Delhi NCR,2026-07-23T06:49:11.124880
pay_8555784980294a,mer_1025,cust_20160,56590.44,INR,upi,HDFC,captured,none,0,none,29.0,6,3,0,0,90.09,0,0,mobile_ios,Pune,Pune,2026-07-23T06:56:36.124880
pay_b10f938c8fd442,mer_1033,cust_20216,215.0,INR,upi,ICICI,captured,none,0,none,18.5,7,3,0,0,0.16,0,0,mobile_ios,Ahmedabad,Ahmedabad,2026-07-23T07:20:49.124880
pay_84039e935b474d,mer_1021,cust_20108,2572.08,INR,card_credit,AXIS,captured,none,0,none,13.2,7,3,0,0,1.17,0,0,mobile_android,Pune,Pune,2026-07-23T07:56:12.124880
pay_e2b4b627129a46,mer_1002,cust_20450,48509.55,INR,card_debit,ICICI,captured,none,0,none,31.0,8,3,0,0,23.59,0,0,desktop_chrome,Delhi NCR,Delhi NCR,2026-07-23T08:13:53.124880
pay_fa5c8a856e1745,mer_1003,cust_20240,2502.44,INR,card_debit,KOTAK,captured,none,0,none,29.5,8,3,0,0,3.11,0,0,desktop_safari,Bengaluru,Bengaluru,2026-07-23T08:36:22.124880
pay_2072c8b4577e43,mer_1039,cust_20537,29458.69,INR,upi,PAYTM_BANK,captured,none,0,none,27.5,8,3,0,0,38.88,0,0,mobile_android,Hyderabad,Hyderabad,2026-07-23T08:39:58.124880
pay_79038a31422f4c,mer_1001,cust_20152,1404.15,INR,upi,HDFC,refunded,customer_return,0,none,7.4,8,3,0,0,1.17,0,0,mobile_ios,Ahmedabad,Ahmedabad,2026-07-23T08:44:24.124880
pay_f92b46acbb2b4c,mer_1007,cust_20483,19419.3,INR,upi,ICICI,captured,none,0,none,27.0,9,3,0,0,7.35,0,0,mobile_ios,Mumbai,Mumbai,2026-07-23T09:05:49.124880
pay_6e7c44dbc19a45,mer_1021,cust_20290,35659.92,INR,card_debit,SBI,captured,none,0,none,38.5,9,3,0,0,12.04,1521,0,desktop_windows,Mumbai,Ahmedabad,2026-07-23T09:07:58.124880
pay_a725cc12179942,mer_1024,cust_20349,4790.39,INR,upi,HDFC,captured,none,0,none,31.4,9,3,0,0,10.2,432,0,mobile_android,Kochi,Hyderabad,2026-07-23T09:19:11.124880
pay_61a8067cef1240,mer_1019,cust_20319,320.29,INR,upi,AXIS,captured,none,0,none,6.5,9,3,0,0,0.51,0,0,desktop_windows,Chennai,Chennai,2026-07-23T09:19:43.124880
pay_db801bd2b28746,mer_1026,cust_20013,47363.26,INR,upi,HDFC,captured,none,0,none,48.6,9,3,0,0,69.36,1015,0,desktop_chrome,Ahmedabad,Kolkata,2026-07-23T09:33:53.124880
pay_347db02040464e,mer_1033,cust_20382,5035.87,INR,card_debit,SBI,captured,none,0,none,25.1,9,3,0,0,16.79,0,0,desktop_windows,Delhi NCR,Delhi NCR,2026-07-23T09:42:28.124880
pay_dea1fa82602b4a,mer_1038,cust_20265,32956.18,INR,upi,AXIS,captured,none,0,none,31.4,9,3,0,0,12.24,231,0,desktop_safari,Kochi,Pune,2026-07-23T09:55:39.124880
pay_02b39e3d6dcb46,mer_1019,cust_20025,1491.95,INR,upi,HDFC,captured,none,0,none,7.6,10,3,0,0,1.89,0,0,desktop_windows,Chennai,Chennai,2026-07-23T10:05:07.124880
pay_5eb4caa708b549,mer_1035,cust_20097,49704.25,INR,upi,HDFC,captured,none,0,none,32.9,10,3,0,0,29.01,0,0,desktop_windows,Kolkata,Kolkata,2026-07-23T10:16:48.124880
pay_728b1b0f5ec946,mer_1030,cust_20042,16885.0,INR,upi,ICICI,captured,none,0,none,29.5,10,3,0,0,32.27,0,0,desktop_safari,Ahmedabad,Ahmedabad,2026-07-23T10:20:44.124880
pay_76d78216311a40,mer_1026,cust_20023,67900.43,INR,upi,SBI,captured,none,0,none,28.7,10,3,0,0,116.5,388,0,desktop_windows,Pune,Kolkata,2026-07-23T10:46:04.124880
pay_4bcbf209d0ba46,mer_1004,cust_20384,38480.37,INR,card_credit,HDFC,captured,none,0,none,35.2,10,3,0,0,71.88,0,0,desktop_windows,Bengaluru,Bengaluru,2026-07-23T10:49:23.124880
pay_1737a16c0df143,mer_1018,cust_20006,5792.93,INR,upi,HDFC,captured,none,0,none,34.2,10,3,0,1,12.82,0,0,desktop_chrome,Bengaluru,Bengaluru,2026-07-23T10:58:24.124880
pay_e845e34b4bbc48,mer_1039,cust_20472,16061.59,INR,card_credit,SBI,captured,none,0,none,52.8,11,3,0,0,6.41,0,1,desktop_chrome,Chennai,Chennai,2026-07-23T11:08:06.124880
pay_3fa047622ca94d,mer_1032,cust_20216,18630.05,INR,upi,HDFC,captured,none,0,none,39.8,11,3,0,1,13.48,0,0,mobile_android,Ahmedabad,Ahmedabad,2026-07-23T11:26:23.124880
pay_f5ad53958abc4c,mer_1024,cust_20312,4512.75,INR,upi,HDFC,captured,none,0,none,9.3,11,3,0,0,0.86,0,0,desktop_chrome,Bengaluru,Bengaluru,2026-07-23T11:42:23.124880
pay_e03565bd4f464e,mer_1032,cust_20241,22286.01,INR,upi,ICICI,captured,none,0,none,36.7,11,3,0,2,21.6,0,0,mobile_ios,Delhi NCR,Delhi NCR,2026-07-23T11:45:23.124880
pay_fda840dbeca94a,mer_1026,cust_20564,38166.26,INR,upi,SBI,captured,none,0,none,32.5,11,3,0,0,70.31,0,0,mobile_android,Pune,Pune,2026-07-23T11:47:23.124880
pay_84968868e9984e,mer_1035,cust_20402,59275.77,INR,upi,ICICI,captured,none,0,none,34.8,11,3,0,0,22.82,0,0,mobile_ios,Kochi,Kochi,2026-07-23T11:59:14.124880
pay_b9ad56e9962049,mer_1007,cust_20393,32147.02,INR,card_credit,ICICI,captured,none,0,none,39.2,12,3,0,0,17.3,433,0,desktop_windows,Chennai,Hyderabad,2026-07-23T12:06:48.124880
pay_9ccf93dd63e343,mer_1021,cust_20256,69429.94,INR,upi,SBI,captured,none,0,none,45.8,12,3,0,0,64.86,1767,0,desktop_windows,Bengaluru,Kochi,2026-07-23T12:13:51.124880
pay_ebab7551d76b42,mer_1016,cust_20180,15851.71,INR,upi,SBI,captured,none,0,none,49.6,12,3,0,0,46.92,573,0,desktop_safari,Delhi NCR,Bengaluru,2026-07-23T12:15:16.124880
pay_5c70afcbaaf741,mer_1033,cust_20114,53.23,INR,card_debit,AXIS,captured,none,1,card_testing,94.9,12,3,0,0,0.02,0,0,mobile_android,Pune,Pune,2026-07-23T12:26:04.124880
pay_ba26462f7b3a49,mer_1031,cust_20395,15123.89,INR,upi,ICICI,captured,none,0,none,37.2,12,3,0,3,6.41,0,0,desktop_windows,Delhi NCR,Delhi NCR,2026-07-23T12:34:54.124880
pay_530d578af9db46,mer_1003,cust_20373,3107.07,INR,upi,KOTAK,captured,none,0,none,30.5,12,3,0,0,5.56,0,0,desktop_chrome,Pune,Pune,2026-07-23T12:36:10.124880
pay_458115312e9c4d,mer_1022,cust_20146,947.41,INR,netbanking,AXIS,captured,none,0,none,15.3,12,3,0,0,0.22,0,0,desktop_safari,Kolkata,Kolkata,2026-07-23T12:52:40.124880
pay_2fb7b6d7a4404f,mer_1022,cust_20462,3327.61,INR,card_credit,ICICI,captured,none,0,none,9.6,13,3,0,0,2.03,0,0,mobile_ios,Chennai,Chennai,2026-07-23T13:27:55.124880
pay_32d918a75d4145,mer_1011,cust_20582,19712.3,INR,card_credit,ICICI,captured,none,0,none,28.4,14,3,0,0,26.52,0,0,mobile_ios,Pune,Pune,2026-07-23T14:14:06.124880
pay_51268f69ee8445,mer_1014,cust_20598,15124.84,INR,upi,SBI,captured,none,0,none,33.8,14,3,0,0,3.49,0,0,desktop_safari,Ahmedabad,Ahmedabad,2026-07-23T14:16:05.124880
pay_109b8e56fa2f45,mer_1033,cust_20322,4913.06,INR,upi,ICICI,captured,none,0,none,29.6,14,3,0,0,3.77,0,0,desktop_safari,Bengaluru,Bengaluru,2026-07-23T14:20:52.124880
pay_b4186ebd18ad47,mer_1015,cust_20154,4205.49,INR,upi,SBI,captured,none,0,none,28.4,14,3,0,1,10.81,0,0,mobile_android,Kochi,Kochi,2026-07-23T14:21:32.124880
pay_9f34dc9668d643,mer_1013,cust_20373,6663.61,INR,card_credit,ICICI,captured,none,0,none,43.5,14,3,0,1,11.92,1245,0,desktop_windows,Pune,Jaipur,2026-07-23T14:24:59.124880
pay_2e8c29241c614f,mer_1016,cust_20251,62818.85,INR,upi,SBI,captured,none,0,none,36.1,15,3,0,0,22.34,0,0,desktop_safari,Mumbai,Mumbai,2026-07-23T15:15:00.124880
pay_3d64dfd5e22e4a,mer_1005,cust_20136,21605.57,INR,upi,HDFC,captured,none,0,none,32.2,15,3,0,0,10.43,0,0,desktop_windows,Hyderabad,Hyderabad,2026-07-23T15:15:26.124880
pay_4f838f58ca2147,mer_1029,cust_20086,1595.39,INR,upi,HDFC,captured,none,0,none,22.9,15,3,0,0,1.63,0,1,desktop_safari,Ahmedabad,Ahmedabad,2026-07-23T15:17:20.124880
pay_fa60f3fc49a442,mer_1040,cust_20468,18257.77,INR,wallet,HDFC,captured,none,0,none,38.0,15,3,0,0,14.4,0,0,desktop_safari,Delhi NCR,Delhi NCR,2026-07-23T15:28:32.124880
pay_e312bc44d39d48,mer_1016,cust_20350,139.34,INR,upi,ICICI,failed,risk_blocked,1,card_testing,79.1,15,3,0,0,0.19,0,0,desktop_safari,Kolkata,Kolkata,2026-07-23T15:32:55.124880
pay_4ae064430b2549,mer_1028,cust_20312,6226.64,INR,upi,AXIS,captured,none,0,none,13.0,15,3,0,1,1.19,0,0,mobile_android,Bengaluru,Bengaluru,2026-07-23T15:38:43.124880
pay_88e95f08fded40,mer_1007,cust_20308,53694.45,INR,netbanking,HDFC,captured,none,0,none,39.4,15,3,0,0,77.27,0,0,mobile_ios,Chennai,Chennai,2026-07-23T15:49:31.124880
pay_391a2d3a9c0847,mer_1031,cust_20427,41706.71,INR,card_debit,HDFC,captured,none,0,none,29.7,15,3,0,0,16.81,0,0,mobile_ios,Hyderabad,Hyderabad,2026-07-23T15:50:18.124880
pay_e066d2259ec447,mer_1020,cust_20436,3808.16,INR,card_credit,SBI,refunded,customer_return,0,none,25.6,16,3,0,2,2.71,874,0,mobile_ios,Bengaluru,Kolkata,2026-07-23T16:01:28.124880
pay_b98d50ce819044,mer_1014,cust_20263,18439.63,INR,upi,ICICI,captured,none,0,none,26.1,16,3,0,0,26.72,0,0,mobile_ios,Kolkata,Kolkata,2026-07-23T16:03:49.124880
pay_1afb794affa148,mer_1011,cust_20334,32948.95,INR,card_credit,KOTAK,captured,none,0,none,29.2,16,3,0,1,13.35,0,0,desktop_safari,Bengaluru,Bengaluru,2026-07-23T16:56:41.124880
pay_67ab766c71b347,mer_1039,cust_20385,17656.71,INR,upi,HDFC,captured,none,0,none,31.2,17,3,0,0,5.32,0,0,desktop_safari,Hyderabad,Hyderabad,2026-07-23T17:16:55.124880
pay_49192c96e5e64d,mer_1010,cust_20155,4597.36,INR,card_credit,ICICI,captured,none,0,none,7.1,17,3,0,0,0.97,0,0,desktop_chrome,Pune,Pune,2026-07-23T17:21:51.124880
pay_beaf5adb9e1b44,mer_1005,cust_20322,72675.65,INR,wallet,ICICI,captured,none,0,none,35.6,17,3,0,1,55.7,0,0,mobile_ios,Bengaluru,Bengaluru,2026-07-23T17:24:30.124880
pay_fa8e9c73c4c64a,mer_1017,cust_20024,1295.54,INR,upi,SBI,failed,issuer_bank_down,0,none,5.5,17,3,0,0,2.65,0,0,mobile_android,Jaipur,Jaipur,2026-07-23T17:51:15.124880
pay_6bc92ea875d54d,mer_1033,cust_20335,3073.36,INR,card_debit,ICICI,captured,none,0,none,17.7,17,3,0,0,2.32,0,0,desktop_windows,Hyderabad,Hyderabad,2026-07-23T17:59:25.124880
pay_34b51f2811be4b,mer_1006,cust_20588,49208.38,INR,netbanking,SBI,captured,none,0,none,27.3,18,3,0,0,27.98,0,0,desktop_chrome,Kochi,Kochi,2026-07-23T18:00:19.124880
pay_b850eeb3096443,mer_1022,cust_20075,2586.25,INR,upi,ICICI,captured,none,0,none,5.1,18,3,0,0,1.05,0,0,mobile_android,Hyderabad,Hyderabad,2026-07-23T18:04:03.124880
pay_c4f3dd3aaf0940,mer_1021,cust_20438,55912.73,INR,upi,AXIS,captured,none,0,none,38.0,18,3,0,0,32.31,0,0,mobile_ios,Pune,Pune,2026-07-23T18:24:12.124880
pay_0f7c6acd8c8b40,mer_1010,cust_20194,1509.05,INR,card_debit,HDFC,captured,none,0,none,9.7,18,3,0,0,2.16,0,0,mobile_ios,Hyderabad,Hyderabad,2026-07-23T18:50:31.124880
pay_2e9b019ed76343,mer_1015,cust_20214,4426.58,INR,upi,HDFC,captured,none,0,none,10.6,18,3,0,0,2.5,0,0,mobile_android,Jaipur,Jaipur,2026-07-23T18:58:23.124880
pay_0c5a6ee4ca4241,mer_1029,cust_20214,959.95,INR,upi,ICICI,captured,none,0,none,7.4,19,3,1,1,0.54,0,0,mobile_android,Jaipur,Jaipur,2026-07-23T19:10:37.124880
pay_d1813ad0edac43,mer_1014,cust_20124,21629.35,INR,netbanking,SBI,captured,none,0,none,26.7,19,3,0,1,21.64,0,0,mobile_android,Kochi,Kochi,2026-07-23T19:11:02.124880
pay_650a55603bb04e,mer_1030,cust_20017,40262.76,INR,upi,AXIS,captured,none,0,none,26.3,19,3,0,0,43.52,0,0,mobile_android,Hyderabad,Hyderabad,2026-07-23T19:13:29.124880
pay_4eb6a53491224f,mer_1025,cust_20483,72501.91,INR,upi,PAYTM_BANK,captured,none,0,none,43.9,19,3,0,1,27.43,513,0,mobile_ios,Mumbai,Hyderabad,2026-07-23T19:36:34.124880
pay_2d9e755e751444,mer_1014,cust_20301,8354.5,INR,upi,ICICI,captured,none,0,none,28.1,19,3,0,0,27.85,0,0,mobile_ios,Jaipur,Jaipur,2026-07-23T19:56:28.124880
pay_21bb396a6b4640,mer_1026,cust_20383,31895.19,INR,netbanking,HDFC,captured,none,0,none,33.1,20,3,0,0,19.17,0,0,mobile_android,Kochi,Kochi,2026-07-23T20:16:53.124880
pay_99b7bb66d9334e,mer_1039,cust_20538,15686.92,INR,upi,HDFC,captured,none,0,none,17.9,20,3,0,0,2.54,0,0,desktop_safari,Kolkata,Kolkata,2026-07-23T20:19:00.124880
pay_2929e75d4ba147,mer_1001,cust_20319,1262.36,INR,upi,AXIS,captured,none,0,none,8.3,21,3,0,1,2.01,0,0,mobile_android,Chennai,Chennai,2026-07-23T21:14:13.124880
pay_50712b417ec343,mer_1009,cust_20147,9487.95,INR,upi,HDFC,captured,none,0,none,31.9,22,3,0,0,8.45,0,0,mobile_ios,Mumbai,Mumbai,2026-07-23T22:02:33.124880
pay_799b1736cca348,mer_1038,cust_20533,16472.23,INR,upi,PAYTM_BANK,failed,incorrect_otp,0,none,30.8,22,3,0,0,9.56,0,0,mobile_ios,Jaipur,Jaipur,2026-07-23T22:05:48.124880
pay_f750ded6739746,mer_1004,cust_20203,33632.69,INR,wallet,HDFC,captured,none,0,none,34.4,22,3,0,0,112.11,0,0,mobile_android,Jaipur,Jaipur,2026-07-23T22:09:44.124880
pay_1fc15a1b55d548,mer_1037,cust_20416,3202.14,INR,upi,HDFC,captured,none,0,none,42.3,22,3,0,0,5.82,1492,0,desktop_chrome,Ahmedabad,Pune,2026-07-23T22:32:06.124880
pay_362560b8bbe046,mer_1036,cust_20468,17512.34,INR,card_credit,SBI,captured,none,0,none,36.7,22,3,0,1,13.82,1023,0,desktop_windows,Delhi NCR,Chennai,2026-07-23T22:41:06.124880
pay_892d248db29d48,mer_1036,cust_20303,22476.91,INR,upi,ICICI,captured,none,0,none,27.1,22,3,0,1,4.14,0,0,desktop_windows,Delhi NCR,Delhi NCR,2026-07-23T22:44:55.124880
pay_6b46f3105e144c,mer_1015,cust_20018,2974.88,INR,upi,SBI,captured,none,0,none,33.0,22,3,0,0,3.8,0,0,mobile_android,Bengaluru,Bengaluru,2026-07-23T22:55:21.124880
pay_fbad8e5d38d442,mer_1024,cust_20163,5505.88,INR,upi,HDFC,captured,none,0,none,5.7,22,3,0,0,1.24,0,0,mobile_ios,Chennai,Chennai,2026-07-23T22:58:11.124880
pay_42786caee05343,mer_1026,cust_20304,75.13,INR,upi,ICICI,failed,risk_blocked,1,card_testing,96.2,22,3,0,0,0.03,0,0,desktop_chrome,Kolkata,Kolkata,2026-07-23T22:59:06.124880
pay_52b9aa80a94248,mer_1040,cust_20069,10205.1,INR,upi,ICICI,captured,none,0,none,28.7,23,3,0,0,5.52,0,0,mobile_ios,Mumbai,Mumbai,2026-07-23T23:43:56.124880
pay_5e30e4be30b549,mer_1023,cust_20073,1492.07,INR,upi,KOTAK,captured,none,0,none,14.6,23,3,0,0,0.53,0,0,mobile_ios,Mumbai,Mumbai,2026-07-23T23:52:02.124880
pay_a5814ba17b3b49,mer_1034,cust_20319,2707.54,INR,upi,SBI,captured,none,0,none,38.7,23,3,0,2,4.3,0,0,desktop_windows,Chennai,Chennai,2026-07-23T23:54:25.124880
pay_686ebe73a6094d,mer_1022,cust_20279,3794.65,INR,netbanking,HDFC,captured,none,0,none,36.4,0,4,0,0,3.8,0,0,mobile_ios,Mumbai,Mumbai,2026-07-24T00:01:37.124880
pay_07d574b764754b,mer_1015,cust_20536,3177.33,INR,upi,PAYTM_BANK,captured,none,0,none,18.0,0,4,0,0,2.37,0,0,desktop_safari,Bengaluru,Bengaluru,2026-07-24T00:12:29.124880
pay_abca2285ba8f4e,mer_1018,cust_20283,5977.17,INR,netbanking,SBI,captured,none,0,none,12.4,0,4,0,0,1.27,0,0,mobile_android,Pune,Pune,2026-07-24T00:42:25.124880
pay_b1b24cab8cb04d,mer_1038,cust_20445,38784.75,INR,card_credit,HDFC,captured,none,0,none,25.6,0,4,0,0,23.26,0,0,desktop_safari,Pune,Pune,2026-07-24T00:52:11.124880
pay_fcaa194604d245,mer_1007,cust_20101,61769.67,INR,card_credit,HDFC,captured,none,0,none,34.7,0,4,0,0,50.99,0,0,desktop_safari,Pune,Pune,2026-07-24T00:57:31.124880
pay_561ded45161b4d,mer_1029,cust_20472,2655.02,INR,card_credit,ICICI,captured,none,0,none,9.9,0,4,0,1,1.06,0,0,mobile_android,Chennai,Chennai,2026-07-24T00:57:53.124880
pay_9626af10579f40,mer_1019,cust_20423,3841.98,INR,card_debit,SBI,captured,none,0,none,45.5,1,4,0,0,5.19,0,0,mobile_ios,Pune,Pune,2026-07-24T01:05:51.124880
pay_77cea34e03ba40,mer_1017,cust_20165,1333.78,INR,upi,SBI,captured,none,0,none,26.1,1,4,0,0,0.85,0,0,mobile_ios,Delhi NCR,Delhi NCR,2026-07-24T01:10:19.124880
pay_204696ded28c44,mer_1015,cust_20325,3840.41,INR,card_debit,HDFC,captured,none,0,none,22.3,1,4,0,0,2.65,0,0,mobile_ios,Ahmedabad,Ahmedabad,2026-07-24T01:14:47.124880
pay_aaa5abe6fb8443,mer_1022,cust_20449,4460.27,INR,netbanking,SBI,captured,none,0,none,54.3,1,4,0,0,12.24,785,0,desktop_windows,Chennai,Kochi,2026-07-24T01:22:22.124880
pay_b68033c8b40446,mer_1005,cust_20204,83006.18,INR,upi,SBI,captured,none,0,none,49.3,1,4,0,0,28.78,0,0,desktop_chrome,Kochi,Kochi,2026-07-24T01:29:15.124880
pay_029b5ed03ee54c,mer_1019,cust_20584,1358.4,INR,wallet,ICICI,captured,none,0,none,18.3,1,4,0,0,0.75,0,0,desktop_chrome,Kolkata,Kolkata,2026-07-24T01:32:01.124880
pay_c0be90e7702b46,mer_1015,cust_20451,144.36,INR,card_credit,HDFC,captured,none,0,none,27.8,1,4,0,0,0.09,1139,0,desktop_safari,Bengaluru,Kochi,2026-07-24T01:44:11.124880
pay_8da38c4a9c1b42,mer_1034,cust_20595,4317.3,INR,upi,ICICI,captured,none,0,none,49.1,2,4,0,0,4.13,0,0,desktop_chrome,Kochi,Kochi,2026-07-24T02:02:29.124880
pay_84945dfacec04e,mer_1021,cust_20554,15058.07,INR,upi,KOTAK,captured,none,0,none,45.6,2,4,0,0,7.01,0,0,desktop_windows,Pune,Pune,2026-07-24T02:28:49.124880
pay_aad9c262aa9549,mer_1035,cust_20322,19641.0,INR,upi,AXIS,captured,none,0,none,42.5,2,4,0,2,15.05,0,0,mobile_ios,Bengaluru,Bengaluru,2026-07-24T02:33:27.124880
pay_63f126b205004f,mer_1028,cust_20067,9047.57,INR,wallet,HDFC,captured,none,0,none,49.1,2,4,0,0,10.1,1126,0,mobile_ios,Kochi,Chennai,2026-07-24T02:43:51.124880
pay_79d831bf4de740,mer_1017,cust_20029,2124.56,INR,card_credit,ICICI,captured,none,0,none,18.5,2,4,0,0,2.2,0,0,desktop_safari,Chennai,Chennai,2026-07-24T02:49:17.124880
pay_c7af643b6b6f45,mer_1033,cust_20417,3183.28,INR,upi,ICICI,captured,none,0,none,41.2,3,4,0,0,3.07,0,0,desktop_chrome,Kochi,Kochi,2026-07-24T03:09:07.124880
pay_05e127404c6145,mer_1011,cust_20200,30397.87,INR,upi,SBI,captured,none,0,none,45.5,3,4,0,0,17.95,0,0,desktop_safari,Delhi NCR,Delhi NCR,2026-07-24T03:11:13.124880
pay_3c18c47624b049,mer_1025,cust_20418,63152.18,INR,upi,ICICI,captured,none,0,none,38.4,3,4,0,0,27.19,0,0,desktop_safari,Kochi,Kochi,2026-07-24T03:18:11.124880
pay_6fdb8e7a6f5245,mer_1006,cust_20348,15923.97,INR,upi,HDFC,refunded,customer_return,0,none,40.8,4,4,0,0,16.0,271,0,mobile_android,Kolkata,Jaipur,2026-07-24T04:17:22.124880
pay_978ff9996e2f49,mer_1002,cust_20582,71190.51,INR,card_credit,AXIS,captured,none,0,none,37.3,4,4,0,1,95.78,0,0,mobile_ios,Pune,Pune,2026-07-24T04:25:51.124880
pay_cb7f183cce9a45,mer_1024,cust_20588,7589.47,INR,upi,ICICI,captured,none,0,none,49.1,4,4,0,1,4.32,0,0,desktop_safari,Kochi,Kochi,2026-07-24T04:28:31.124880
pay_763a24c04a1d4a,mer_1020,cust_20299,24087.86,INR,upi,SBI,captured,none,0,none,50.8,4,4,0,0,45.96,1385,0,desktop_windows,Chennai,Hyderabad,2026-07-24T04:30:29.124880
pay_2a811079770841,mer_1029,cust_20120,624.1,INR,card_credit,HDFC,captured,none,0,none,22.2,4,4,0,0,0.03,0,0,desktop_safari,Chennai,Chennai,2026-07-24T04:58:54.124880
pay_a0744c3725ee44,mer_1038,cust_20102,35526.84,INR,card_debit,HDFC,captured,none,0,none,29.8,5,4,0,0,14.92,0,0,desktop_windows,Pune,Pune,2026-07-24T05:10:59.124880
pay_c651df403b0f4a,mer_1029,cust_20203,1045.87,INR,upi,SBI,captured,none,0,none,36.6,5,4,0,1,3.49,0,0,desktop_chrome,Jaipur,Jaipur,2026-07-24T05:34:53.124880
pay_0359ad57d0ff47,mer_1004,cust_20541,7803.88,INR,card_debit,HDFC,captured,none,0,none,25.7,5,4,0,0,5.33,0,0,mobile_ios,Jaipur,Jaipur,2026-07-24T05:46:43.124880
pay_464644382d1940,mer_1020,cust_20395,5879.4,INR,upi,PAYTM_BANK,captured,none,0,none,8.2,5,4,0,1,2.49,0,0,desktop_windows,Delhi NCR,Delhi NCR,2026-07-24T05:48:39.124880
pay_7922ab66dd8340,mer_1030,cust_20191,7100.88,INR,netbanking,SBI,captured,none,0,none,6.7,5,4,0,0,1.99,0,0,mobile_android,Ahmedabad,Ahmedabad,2026-07-24T05:56:13.124880
pay_8384eb45e4e349,mer_1019,cust_20005,4274.32,INR,netbanking,SBI,captured,none,0,none,27.1,6,4,0,0,5.13,0,0,mobile_ios,Jaipur,Jaipur,2026-07-24T06:04:17.124880
pay_2d015c4128d841,mer_1016,cust_20265,56535.79,INR,netbanking,ICICI,failed,insufficient_funds,0,none,30.7,6,4,0,1,21.01,0,0,desktop_chrome,Kochi,Kochi,2026-07-24T06:20:58.124880
pay_0283018cb7a44d,mer_1013,cust_20500,26205.25,INR,upi,HDFC,captured,none,0,none,26.0,6,4,0,0,16.76,0,0,mobile_ios,Delhi NCR,Delhi NCR,2026-07-24T06:23:58.124880
pay_1736499f341945,mer_1035,cust_20336,88283.14,INR,upi,SBI,captured,none,0,none,37.3,6,4,0,0,22.82,0,0,desktop_chrome,Ahmedabad,Ahmedabad,2026-07-24T06:36:16.124880
pay_faa98581244140,mer_1013,cust_20089,9991.78,INR,card_credit,ICICI,captured,none,0,none,35.4,6,4,0,0,4.77,0,0,mobile_ios,Ahmedabad,Ahmedabad,2026-07-24T06:41:25.124880
pay_44e3c3688d744b,mer_1005,cust_20248,61815.19,INR,upi,ICICI,captured,none,0,none,33.5,6,4,0,0,70.07,0,0,desktop_windows,Kolkata,Kolkata,2026-07-24T06:48:43.124880
pay_c66ea05af56544,mer_1010,cust_20350,1788.88,INR,card_debit,HDFC,captured,none,0,none,7.8,6,4,0,1,2.39,0,0,desktop_safari,Kolkata,Kolkata,2026-07-24T06:48:52.124880
pay_652aa550f0774c,mer_1013,cust_20344,32775.85,INR,card_credit,ICICI,captured,none,0,none,26.7,7,4,0,0,5.45,0,0,desktop_windows,Delhi NCR,Delhi NCR,2026-07-24T07:11:48.124880
pay_996e149b971d4f,mer_1005,cust_20420,67339.29,INR,upi,HDFC,failed,issuer_bank_down,0,none,45.8,7,4,0,0,128.4,0,1,mobile_android,Kolkata,Kolkata,2026-07-24T07:18:44.124880
pay_25c617ab1db348,mer_1037,cust_20123,277.42,INR,card_debit,SBI,captured,none,0,none,18.6,7,4,0,0,0.13,1320,0,desktop_chrome,Bengaluru,Ahmedabad,2026-07-24T07:46:08.124880
pay_76ff550b48624c,mer_1032,cust_20257,25818.64,INR,upi,PAYTM_BANK,captured,none,0,none,30.8,8,4,0,0,15.44,0,0,desktop_chrome,Hyderabad,Hyderabad,2026-07-24T08:05:17.124880
pay_8135f1a4266e4e,mer_1017,cust_20165,1751.9,INR,upi,HDFC,captured,none,0,none,8.1,8,4,0,1,1.12,0,0,desktop_windows,Delhi NCR,Delhi NCR,2026-07-24T08:16:45.124880
pay_ba4e18e9959e4e,mer_1026,cust_20432,46696.97,INR,netbanking,ICICI,captured,none,0,none,35.7,8,4,0,0,24.97,0,0,desktop_safari,Hyderabad,Hyderabad,2026-07-24T08:20:12.124880
pay_3d5f7613c27143,mer_1037,cust_20200,3726.84,INR,netbanking,SBI,captured,none,0,none,12.1,8,4,0,1,2.2,0,0,desktop_safari,Delhi NCR,Delhi NCR,2026-07-24T08:37:07.124880
pay_da24fb3efbe442,mer_1035,cust_20464,69567.22,INR,upi,AXIS,captured,none,0,none,35.4,9,4,0,0,24.4,841,0,mobile_ios,Bengaluru,Hyderabad,2026-07-24T09:06:04.124880
pay_7baae224121a4a,mer_1014,cust_20396,47514.24,INR,card_credit,HDFC,captured,none,0,none,32.0,9,4,0,0,21.36,0,0,desktop_windows,Jaipur,Jaipur,2026-07-24T09:21:12.124880
pay_a4bd2a7b0f1845,mer_1009,cust_20499,57795.04,INR,upi,KOTAK,captured,none,0,none,37.8,9,4,0,0,29.91,0,0,mobile_android,Pune,Pune,2026-07-24T09:21:58.124880
pay_1a6b2d5784e843,mer_1021,cust_20366,22361.8,INR,upi,HDFC,captured,none,0,none,29.5,9,4,0,0,14.72,0,0,desktop_windows,Pune,Pune,2026-07-24T09:42:58.124880
pay_8f04795902a049,mer_1036,cust_20164,20701.91,INR,netbanking,HDFC,captured,none,0,none,37.7,10,4,0,0,15.11,0,0,desktop_windows,Mumbai,Mumbai,2026-07-24T10:26:38.124880
pay_dd7bfe82b3e642,mer_1016,cust_20117,42908.07,INR,card_credit,HDFC,captured,none,0,none,39.8,10,4,0,0,80.0,0,0,desktop_safari,Mumbai,Mumbai,2026-07-24T10:46:50.124880
pay_d26742ddd0764d,mer_1024,cust_20452,8560.29,INR,card_credit,HDFC,captured,none,0,none,27.0,10,4,0,0,4.22,0,0,desktop_chrome,Hyderabad,Hyderabad,2026-07-24T10:53:07.124880
pay_5235548ad4ec43,mer_1020,cust_20404,50056.12,INR,netbanking,HDFC,captured,none,0,none,34.0,10,4,0,0,26.76,0,0,desktop_chrome,Chennai,Chennai,2026-07-24T10:53:37.124880
pay_f3e392116d1d4d,mer_1032,cust_20017,42244.15,INR,card_credit,SBI,failed,issuer_bank_down,0,none,27.5,11,4,0,1,45.67,0,0,desktop_windows,Hyderabad,Hyderabad,2026-07-24T11:00:50.124880
pay_5050fc0c4d4f40,mer_1016,cust_20314,27286.75,INR,upi,PAYTM_BANK,captured,none,0,none,25.2,11,4,0,0,71.53,0,0,mobile_android,Delhi NCR,Delhi NCR,2026-07-24T11:19:36.124880
pay_8157813ba8fe4a,mer_1037,cust_20020,2296.29,INR,upi,HDFC,captured,none,0,none,11.1,11,4,0,0,0.85,0,0,desktop_safari,Pune,Pune,2026-07-24T11:31:24.124880
pay_711ab54cab004e,mer_1022,cust_20136,2794.14,INR,netbanking,SBI,captured,none,0,none,18.4,11,4,0,1,1.35,0,0,mobile_android,Hyderabad,Hyderabad,2026-07-24T11:32:53.124880
pay_5cb89266a17f44,mer_1002,cust_20132,7762.32,INR,card_debit,HDFC,failed,issuer_bank_down,0,none,17.1,11,4,0,0,1.02,0,0,mobile_android,Ahmedabad,Ahmedabad,2026-07-24T11:35:30.124880
pay_031a4aa286714c,mer_1040,cust_20073,38975.21,INR,upi,SBI,captured,none,0,none,38.9,11,4,0,1,13.92,0,0,mobile_android,Mumbai,Mumbai,2026-07-24T11:41:26.124880
pay_03af654d646749,mer_1012,cust_20094,22757.48,INR,card_credit,HDFC,captured,none,0,none,28.0,12,4,0,0,5.06,0,0,desktop_safari,Chennai,Chennai,2026-07-24T12:08:36.124880
pay_e04a53c2522248,mer_1032,cust_20191,31877.4,INR,upi,SBI,captured,none,0,none,39.6,12,4,0,1,8.92,0,0,mobile_android,Ahmedabad,Ahmedabad,2026-07-24T12:21:30.124880
pay_4dcf600166bc4b,mer_1008,cust_20078,57717.22,INR,upi,AXIS,captured,none,0,none,37.4,12,4,0,0,26.39,0,0,desktop_chrome,Ahmedabad,Ahmedabad,2026-07-24T12:24:18.124880
pay_eede2e0da1ee42,mer_1016,cust_20544,53598.61,INR,upi,AXIS,captured,none,0,none,26.2,12,4,0,0,34.05,0,0,desktop_safari,Kochi,Kochi,2026-07-24T12:26:56.124880
pay_7df9ae9958fb42,mer_1029,cust_20013,995.74,INR,wallet,SBI,captured,none,0,none,17.6,13,4,0,0,1.46,0,0,desktop_windows,Ahmedabad,Ahmedabad,2026-07-24T13:15:05.124880
pay_ec8aff7833cc42,mer_1029,cust_20367,1463.82,INR,card_credit,ICICI,captured,none,0,none,11.1,13,4,0,0,0.54,0,0,mobile_ios,Hyderabad,Hyderabad,2026-07-24T13:25:41.124880
pay_4bb99e7729e844,mer_1030,cust_20333,81495.61,INR,netbanking,AXIS,captured,none,0,none,38.1,13,4,0,0,59.06,0,0,mobile_ios,Kolkata,Kolkata,2026-07-24T13:46:59.124880
pay_157726281d9d46,mer_1021,cust_20391,28317.52,INR,wallet,SBI,captured,none,0,none,25.2,14,4,0,0,35.36,0,0,mobile_ios,Jaipur,Jaipur,2026-07-24T14:03:07.124880
pay_ca3ce413c9354b,mer_1031,cust_20154,20622.75,INR,upi,HDFC,captured,none,0,none,39.2,14,4,0,1,53.01,0,0,desktop_chrome,Kochi,Kochi,2026-07-24T14:15:34.124880
pay_54280570f9454f,mer_1011,cust_20500,35865.33,INR,wallet,HDFC,captured,none,0,none,28.2,14,4,0,1,22.94,0,0,desktop_chrome,Delhi NCR,Delhi NCR,2026-07-24T14:17:06.124880
pay_16282c7271c640,mer_1032,cust_20014,15915.85,INR,wallet,SBI,captured,none,0,none,37.1,14,4,0,0,38.67,0,0,desktop_windows,Bengaluru,Bengaluru,2026-07-24T14:29:19.124880
pay_4e48b1e4d4bd43,mer_1009,cust_20379,3289.49,INR,card_credit,ICICI,captured,none,0,none,18.5,14,4,0,0,2.11,0,0,mobile_ios,Mumbai,Mumbai,2026-07-24T14:31:38.124880
pay_fd2c8cc427164b,mer_1031,cust_20288,14837.99,INR,card_credit,ICICI,captured,none,0,none,28.6,14,4,0,0,5.46,0,0,desktop_windows,Pune,Pune,2026-07-24T14:56:33.124880
pay_ce6b201efcf64b,mer_1016,cust_20501,32283.96,INR,card_credit,AXIS,captured,none,0,none,38.4,15,4,0,0,5.6,0,0,desktop_chrome,Delhi NCR,Delhi NCR,2026-07-24T15:05:13.124880
pay_c204f11aab1540,mer_1018,cust_20069,10996.58,INR,upi,SBI,failed,issuer_bank_down,0,none,34.3,15,4,0,1,5.94,0,0,mobile_android,Mumbai,Mumbai,2026-07-24T15:06:54.124880
pay_27687c13a29945,mer_1036,cust_20150,21621.09,INR,card_debit,KOTAK,captured,none,0,none,16.0,15,4,0,0,2.88,0,0,mobile_ios,Chennai,Chennai,2026-07-24T15:11:24.124880
pay_631bf405b5174b,mer_1013,cust_20537,35094.4,INR,card_debit,HDFC,captured,none,0,none,49.7,15,4,0,0,46.31,0,1,desktop_chrome,Hyderabad,Hyderabad,2026-07-24T15:19:57.124880
pay_2a8bfd51073247,mer_1027,cust_20081,4859.7,INR,upi,SBI,captured,none,0,none,15.6,15,4,0,0,1.73,0,0,desktop_safari,Pune,Pune,2026-07-24T15:23:05.124880
pay_d7e39bc72cd549,mer_1030,cust_20292,69117.94,INR,upi,HDFC,captured,none,0,none,31.5,15,4,0,0,45.45,0,0,desktop_chrome,Jaipur,Jaipur,2026-07-24T15:23:42.124880
pay_cf63f2e2e8b14e,mer_1021,cust_20406,68865.39,INR,upi,SBI,captured,none,0,none,26.0,15,4,0,0,19.42,0,0,mobile_android,Kolkata,Kolkata,2026-07-24T15:27:43.124880
pay_8aef9d3cf81749,mer_1005,cust_20144,71547.43,INR,upi,ICICI,captured,none,0,none,25.9,15,4,0,0,74.18,0,0,desktop_chrome,Pune,Pune,2026-07-24T15:51:23.124880
pay_b5e2d9369a4c4b,mer_1027,cust_20406,475.37,INR,card_credit,ICICI,captured,none,0,none,5.4,16,4,1,1,0.13,0,0,desktop_chrome,Kolkata,Kolkata,2026-07-24T16:13:02.124880
pay_c9cf426ac32f47,mer_1015,cust_20491,1067.76,INR,upi,HDFC,captured,none,0,none,9.3,16,4,0,0,0.11,0,0,desktop_chrome,Ahmedabad,Ahmedabad,2026-07-24T16:35:03.124880
pay_3c439d70e76548,mer_1002,cust_20425,45009.46,INR,card_credit,HDFC,captured,none,0,none,42.5,16,4,0,0,12.9,0,1,mobile_android,Hyderabad,Hyderabad,2026-07-24T16:37:16.124880
pay_06ca3e17f9cb49,mer_1014,cust_20156,31263.32,INR,upi,KOTAK,captured,none,0,none,38.5,16,4,0,0,6.29,0,0,mobile_ios,Ahmedabad,Ahmedabad,2026-07-24T16:48:53.124880
pay_0751424bbe2f45,mer_1026,cust_20123,46273.05,INR,card_credit,ICICI,captured,none,0,none,36.1,17,4,0,1,21.8,0,0,mobile_ios,Bengaluru,Bengaluru,2026-07-24T17:07:34.124880
pay_8111383856984f,mer_1014,cust_20205,16721.22,INR,card_debit,SBI,captured,none,0,none,33.5,17,4,0,0,18.8,0,0,desktop_chrome,Bengaluru,Bengaluru,2026-07-24T17:12:02.124880
pay_a12cb839c6ff48,mer_1017,cust_20223,574.54,INR,upi,HDFC,captured,none,0,none,18.8,17,4,0,0,0.78,0,0,desktop_safari,Ahmedabad,Ahmedabad,2026-07-24T17:14:45.124880
pay_5888e5d46cdf49,mer_1031,cust_20575,36446.68,INR,card_credit,AXIS,failed,issuer_bank_down,0,none,25.0,17,4,0,0,47.68,150,0,desktop_windows,Pune,Mumbai,2026-07-24T17:26:48.124880
pay_7ad4248a10d745,mer_1029,cust_20391,358.52,INR,card_credit,PAYTM_BANK,captured,none,0,none,16.6,18,4,0,1,0.45,0,0,desktop_chrome,Jaipur,Jaipur,2026-07-24T18:13:52.124880
pay_8e9f4f4a82b749,mer_1008,cust_20310,94720.89,INR,upi,ICICI,captured,none,0,none,35.9,18,4,0,0,113.6,0,0,mobile_android,Chennai,Chennai,2026-07-24T18:23:58.124880
pay_bb15b9412f7b4d,mer_1030,cust_20594,3970.33,INR,card_credit,HDFC,captured,none,0,none,21.2,18,4,0,0,2.74,591,0,desktop_safari,Pune,Delhi NCR,2026-07-24T18:24:57.124880
pay_2b1ffcba1b4e4d,mer_1001,cust_20591,5524.02,INR,netbanking,SBI,failed,issuer_bank_down,0,none,38.1,18,4,0,0,6.07,0,0,mobile_ios,Mumbai,Mumbai,2026-07-24T18:27:51.124880
pay_939eafea909842,mer_1016,cust_20459,5805.39,INR,card_debit,PAYTM_BANK,captured,none,0,none,9.3,18,4,0,0,2.61,0,0,desktop_safari,Kolkata,Kolkata,2026-07-24T18:51:07.124880
pay_d3c915f4c76642,mer_1006,cust_20377,10510.6,INR,upi,ICICI,captured,none,0,none,30.6,18,4,0,0,23.12,0,0,mobile_ios,Pune,Pune,2026-07-24T18:58:20.124880
pay_3cd04441cc8147,mer_1023,cust_20300,7674.71,INR,upi,SBI,captured,none,0,none,32.0,19,4,0,0,23.42,0,0,mobile_android,Kolkata,Kolkata,2026-07-24T19:41:29.124880
pay_d80bee07261f43,mer_1035,cust_20169,93321.72,INR,netbanking,ICICI,captured,none,0,none,36.9,19,4,0,0,43.12,0,0,mobile_ios,Hyderabad,Hyderabad,2026-07-24T19:58:22.124880
pay_a11ff51e863245,mer_1026,cust_20084,85693.84,INR,card_debit,AXIS,captured,none,0,none,28.4,20,4,0,0,46.29,0,0,desktop_chrome,Kochi,Kochi,2026-07-24T20:03:06.124880
pay_9708e2f55ef74d,mer_1022,cust_20501,4082.49,INR,upi,SBI,captured,none,0,none,6.6,20,4,0,1,0.71,0,0,desktop_safari,Delhi NCR,Delhi NCR,2026-07-24T20:06:17.124880
pay_8cf893c2157448,mer_1030,cust_20160,14109.39,INR,card_debit,AXIS,captured,none,0,none,29.6,20,4,0,0,22.46,0,0,mobile_android,Pune,Pune,2026-07-24T20:22:11.124880
pay_2daca1fe611b41,mer_1026,cust_20311,11276.82,INR,card_debit,ICICI,captured,none,0,none,41.8,20,4,0,0,4.83,755,0,mobile_ios,Ahmedabad,Bengaluru,2026-07-24T20:31:34.124880
pay_0444d0ab37a14a,mer_1008,cust_20433,2989.46,INR,netbanking,SBI,captured,none,0,none,14.2,20,4,0,0,0.45,0,0,desktop_chrome,Ahmedabad,Ahmedabad,2026-07-24T20:31:54.124880
pay_39766e1af15243,mer_1003,cust_20504,1644.32,INR,wallet,ICICI,captured,none,0,none,18.2,21,4,0,0,0.88,0,0,desktop_windows,Hyderabad,Hyderabad,2026-07-24T21:11:19.124880
pay_d08afb2318b046,mer_1032,cust_20028,29115.5,INR,upi,PAYTM_BANK,captured,none,0,none,36.2,21,4,0,0,68.63,0,0,mobile_ios,Hyderabad,Hyderabad,2026-07-24T21:17:11.124880
pay_a9ce13efa28d4a,mer_1016,cust_20481,75938.73,INR,upi,HDFC,captured,none,0,none,32.6,21,4,0,0,86.23,0,0,mobile_android,Mumbai,Mumbai,2026-07-24T21:51:33.124880
pay_4cea6f2544fb49,mer_1005,cust_20515,54792.62,INR,upi,HDFC,captured,none,0,none,29.4,21,4,0,0,182.64,0,0,desktop_chrome,Jaipur,Jaipur,2026-07-24T21:53:41.124880
pay_24a4e5d9e1d64a,mer_1011,cust_20041,6556.04,INR,upi,ICICI,captured,none,0,none,7.6,21,4,0,0,3.0,0,0,desktop_safari,Mumbai,Mumbai,2026-07-24T21:55:27.124880
pay_4d686f3db7ea4d,mer_1025,cust_20045,76310.33,INR,upi,HDFC,captured,none,0,none,33.4,22,4,0,0,79.67,0,0,mobile_android,Hyderabad,Hyderabad,2026-07-24T22:17:57.124880
pay_ad6e1054de4342,mer_1029,cust_20509,200.26,INR,upi,SBI,captured,none,0,none,6.0,22,4,0,0,0.05,0,0,mobile_android,Jaipur,Jaipur,2026-07-24T22:19:56.124880
pay_97e71576d08848,mer_1006,cust_20270,22999.53,INR,netbanking,SBI,captured,none,0,none,35.0,22,4,0,0,15.38,0,0,mobile_ios,Bengaluru,Bengaluru,2026-07-24T22:23:07.124880
pay_92bdb26afc3641,mer_1029,cust_20560,342.64,INR,upi,HDFC,captured,none,0,none,10.9,22,4,0,0,0.12,0,0,desktop_windows,Bengaluru,Bengaluru,2026-07-24T22:27:44.124880
pay_c6efe7d4520f49,mer_1024,cust_20062,4018.98,INR,upi,HDFC,captured,none,0,none,15.0,22,4,0,0,1.5,0,0,mobile_ios,Pune,Pune,2026-07-24T22:49:18.124880
pay_1826f5b3f9b84a,mer_1031,cust_20491,27560.03,INR,upi,HDFC,captured,none,0,none,19.8,22,4,0,1,2.83,0,0,mobile_ios,Ahmedabad,Ahmedabad,2026-07-24T22:55:34.124880
pay_693d269bb27c4d,mer_1005,cust_20580,38146.33,INR,upi,SBI,captured,none,0,none,25.4,23,4,0,0,7.21,0,0,desktop_safari,Delhi NCR,Delhi NCR,2026-07-24T23:00:26.124880
pay_c4ae03037fd947,mer_1024,cust_20401,2541.64,INR,upi,AXIS,captured,none,0,none,14.0,23,4,0,0,0.67,0,0,desktop_windows,Delhi NCR,Delhi NCR,2026-07-24T23:07:24.124880
pay_ed2fd55c604f4e,mer_1019,cust_20510,207.86,INR,card_debit,ICICI,captured,none,0,none,29.8,23,4,0,0,0.1,1732,0,desktop_chrome,Mumbai,Delhi NCR,2026-07-24T23:08:08.124880
pay_6918dfafe86d42,mer_1022,cust_20311,5259.27,INR,card_debit,SBI,captured,none,0,none,14.9,23,4,0,1,2.25,0,0,desktop_windows,Ahmedabad,Ahmedabad,2026-07-24T23:25:08.124880
pay_fb4336c39a7242,mer_1037,cust_20141,2341.86,INR,upi,HDFC,captured,none,0,none,8.4,23,4,0,0,2.0,0,0,desktop_chrome,Pune,Pune,2026-07-24T23:26:15.124880
pay_a6104d6fe9b44f,mer_1021,cust_20246,31000.41,INR,card_credit,ICICI,captured,none,0,none,34.2,23,4,0,0,12.93,0,0,desktop_chrome,Hyderabad,Hyderabad,2026-07-24T23:34:16.124880
pay_bfd6b3e74cce4b,mer_1009,cust_20303,62441.51,INR,upi,SBI,captured,none,0,none,28.1,23,4,0,0,11.49,0,0,desktop_windows,Delhi NCR,Delhi NCR,2026-07-24T23:37:23.124880
pay_2881a8ecc47c4d,mer_1022,cust_20188,1853.51,INR,netbanking,AXIS,captured,none,0,none,8.8,23,4,0,0,0.93,0,0,desktop_safari,Delhi NCR,Delhi NCR,2026-07-24T23:39:21.124880
pay_8429681ae1b645,mer_1025,cust_20564,20751.32,INR,wallet,HDFC,captured,none,0,none,28.0,23,4,0,0,38.23,0,0,desktop_windows,Pune,Pune,2026-07-24T23:52:31.124880
pay_7b4c090d20c945,mer_1004,cust_20438,7349.85,INR,card_credit,ICICI,captured,none,0,none,37.7,23,4,0,0,4.25,0,0,mobile_android,Pune,Pune,2026-07-24T23:55:46.124880
pay_66a3efb7052048,mer_1018,cust_20111,14013.13,INR,upi,HDFC,captured,none,0,none,29.3,0,5,0,0,15.14,0,0,desktop_windows,Delhi NCR,Delhi NCR,2026-07-25T00:00:57.124880
pay_afaf892840464a,mer_1016,cust_20237,75413.61,INR,upi,SBI,captured,none,0,none,37.4,0,5,0,0,38.38,0,0,mobile_android,Pune,Pune,2026-07-25T00:13:23.124880
pay_772df10ab89e47,mer_1014,cust_20555,7486.34,INR,card_credit,KOTAK,captured,none,0,none,28.6,0,5,0,0,3.02,0,0,desktop_safari,Mumbai,Mumbai,2026-07-25T00:25:56.124880
pay_9cd58fb8a4a240,mer_1040,cust_20170,11808.89,INR,netbanking,KOTAK,captured,none,0,none,37.7,0,5,0,0,8.6,0,0,desktop_windows,Jaipur,Jaipur,2026-07-25T00:36:20.124880
pay_37ac3610dc7b4b,mer_1027,cust_20455,2075.23,INR,upi,SBI,captured,none,0,none,10.1,0,5,0,0,1.54,0,0,desktop_chrome,Hyderabad,Hyderabad,2026-07-25T00:40:20.124880
pay_c8183df8854e4c,mer_1002,cust_20512,34142.19,INR,upi,ICICI,captured,none,0,none,29.1,0,5,0,0,38.62,0,0,desktop_safari,Kolkata,Kolkata,2026-07-25T00:50:43.124880
pay_3b42296ef64545,mer_1019,cust_20237,5165.81,INR,upi,AXIS,captured,none,0,none,20.7,1,5,0,1,2.63,0,0,mobile_android,Pune,Pune,2026-07-25T01:58:00.124880
pay_6fc72ced40b742,mer_1032,cust_20447,6094.94,INR,card_credit,KOTAK,captured,none,0,none,24.7,2,5,0,0,1.63,0,0,desktop_chrome,Delhi NCR,Delhi NCR,2026-07-25T02:26:19.124880
pay_5159bdb7ba3448,mer_1039,cust_20544,41734.49,INR,card_debit,AXIS,captured,none,0,none,36.2,2,5,0,1,26.51,0,0,mobile_ios,Kochi,Kochi,2026-07-25T02:57:51.124880
pay_748f8cf364fe47,mer_1017,cust_20464,1348.63,INR,upi,HDFC,captured,none,0,none,24.8,2,5,0,1,0.47,0,0,mobile_ios,Bengaluru,Bengaluru,2026-07-25T02:59:43.124880
pay_969b8e17230e48,mer_1012,cust_20296,36304.75,INR,upi,KOTAK,captured,none,0,none,36.9,3,5,0,0,27.52,0,0,mobile_android,Pune,Pune,2026-07-25T03:58:06.124880
pay_e0eba4cbdbf441,mer_1030,cust_20567,17212.48,INR,card_debit,SBI,captured,none,0,none,57.6,3,5,0,0,22.02,0,1,mobile_ios,Mumbai,Mumbai,2026-07-25T03:59:35.124880
pay_47515f8437c44c,mer_1004,cust_20404,8143.81,INR,upi,HDFC,captured,none,0,none,45.7,4,5,0,1,4.35,0,0,desktop_windows,Chennai,Chennai,2026-07-25T04:32:31.124880
pay_718526569d6c4b,mer_1011,cust_20044,2976.63,INR,upi,ICICI,captured,none,0,none,44.7,4,5,0,0,3.45,0,0,desktop_safari,Ahmedabad,Ahmedabad,2026-07-25T04:36:18.124880
pay_57c397d34bcf41,mer_1034,cust_20363,4044.94,INR,card_debit,ICICI,captured,none,0,none,38.1,4,5,0,0,4.24,0,0,mobile_ios,Chennai,Chennai,2026-07-25T04:55:18.124880
pay_8fe13b474dbb48,mer_1039,cust_20377,39050.3,INR,card_debit,HDFC,failed,risk_blocked,1,account_takeover,85.0,5,5,0,1,85.89,0,1,desktop_safari,Pune,Pune,2026-07-25T05:02:42.124880
pay_f55455e46c344c,mer_1010,cust_20461,6484.07,INR,card_debit,AXIS,captured,none,0,none,31.0,5,5,0,0,6.48,0,0,mobile_android,Kolkata,Kolkata,2026-07-25T05:04:27.124880
pay_f27eb275aa754c,mer_1030,cust_20381,29959.01,INR,netbanking,ICICI,captured,none,0,none,30.8,5,5,0,0,8.01,0,0,mobile_android,Delhi NCR,Delhi NCR,2026-07-25T05:06:34.124880
pay_de610a8ba28d48,mer_1028,cust_20080,8100.51,INR,card_credit,ICICI,captured,none,0,none,32.6,5,5,0,0,9.43,0,0,desktop_safari,Jaipur,Jaipur,2026-07-25T05:07:05.124880
pay_dbeeb3c327134e,mer_1001,cust_20104,1150.9,INR,upi,SBI,captured,none,0,none,9.9,5,5,0,0,0.87,0,0,mobile_android,Hyderabad,Hyderabad,2026-07-25T05:13:44.124880
pay_3836c2771b2b49,mer_1024,cust_20053,7863.36,INR,card_debit,SBI,captured,none,0,none,19.5,5,5,0,0,2.29,0,0,desktop_windows,Bengaluru,Bengaluru,2026-07-25T05:25:27.124880
pay_beb3696cef2647,mer_1025,cust_20339,56198.03,INR,card_credit,ICICI,captured,none,0,none,25.7,5,5,0,0,22.37,0,0,mobile_android,Kolkata,Kolkata,2026-07-25T05:27:44.124880
pay_3015e2a2190043,mer_1001,cust_20137,2425.98,INR,upi,ICICI,captured,none,0,none,25.6,5,5,0,0,7.92,0,0,desktop_chrome,Bengaluru,Bengaluru,2026-07-25T05:53:51.124880
pay_4270c30d7ca448,mer_1031,cust_20068,10642.73,INR,upi,KOTAK,captured,none,0,none,48.3,6,5,0,0,5.42,851,0,desktop_chrome,Chennai,Ahmedabad,2026-07-25T06:04:48.124880
pay_09a14da100204f,mer_1022,cust_20335,4343.84,INR,upi,SBI,captured,none,0,none,32.6,6,5,0,0,3.28,0,0,mobile_ios,Hyderabad,Hyderabad,2026-07-25T06:41:34.124880
pay_7f51c6a2825040,mer_1032,cust_20415,33115.37,INR,upi,SBI,captured,none,0,none,35.5,6,5,0,0,20.2,0,0,mobile_ios,Jaipur,Jaipur,2026-07-25T06:51:20.124880
pay_18e22947d86f49,mer_1033,cust_20372,2645.06,INR,upi,ICICI,captured,none,0,none,31.5,6,5,0,0,7.62,0,0,mobile_android,Kolkata,Kolkata,2026-07-25T06:56:07.124880
pay_cf37c61bee434b,mer_1027,cust_20485,1767.81,INR,wallet,ICICI,captured,none,0,none,9.3,7,5,0,0,0.96,0,0,desktop_safari,Delhi NCR,Delhi NCR,2026-07-25T07:03:18.124880
pay_bacb1115f92043,mer_1040,cust_20169,31869.92,INR,upi,SBI,captured,none,0,none,47.1,7,5,0,1,14.73,1780,0,mobile_ios,Hyderabad,Mumbai,2026-07-25T07:10:40.124880
pay_01ec19a34cbc40,mer_1010,cust_20053,1791.56,INR,upi,HDFC,captured,none,0,none,6.5,7,5,0,1,0.52,0,0,desktop_chrome,Bengaluru,Bengaluru,2026-07-25T07:12:17.124880
pay_ff57b722cf0942,mer_1038,cust_20085,32883.77,INR,wallet,SBI,captured,none,0,none,32.9,7,5,0,0,12.22,0,0,desktop_safari,Ahmedabad,Ahmedabad,2026-07-25T07:14:51.124880
pay_04163878716a49,mer_1040,cust_20292,33483.28,INR,upi,ICICI,failed,insufficient_funds,0,none,35.0,7,5,0,1,22.02,0,0,desktop_safari,Jaipur,Jaipur,2026-07-25T07:17:20.124880
pay_ae8955c11d0a4c,mer_1031,cust_20464,16594.81,INR,upi,ICICI,captured,none,0,none,31.9,7,5,0,2,5.82,0,0,mobile_ios,Bengaluru,Bengaluru,2026-07-25T07:34:59.124880
pay_910c1b29820742,mer_1010,cust_20038,1165.87,INR,upi,SBI,captured,none,0,none,32.2,7,5,0,0,3.03,0,0,mobile_android,Kochi,Kochi,2026-07-25T07:39:34.124880
pay_aebe166ab10243,mer_1027,cust_20126,3702.17,INR,netbanking,SBI,captured,none,0,none,10.2,7,5,0,0,0.96,0,0,desktop_safari,Kochi,Kochi,2026-07-25T07:51:19.124880
pay_4d702b4462be44,mer_1004,cust_20033,21781.81,INR,card_debit,AXIS,captured,none,0,none,35.6,8,5,0,0,9.84,0,0,desktop_chrome,Chennai,Chennai,2026-07-25T08:11:15.124880
pay_cca9c6c74f5b49,mer_1021,cust_20581,64182.16,INR,card_debit,HDFC,captured,none,0,none,34.1,8,5,0,0,116.33,0,0,desktop_chrome,Hyderabad,Hyderabad,2026-07-25T08:21:06.124880
pay_1ac4520c9ab940,mer_1018,cust_20208,12412.24,INR,card_credit,ICICI,captured,none,0,none,39.5,8,5,0,0,13.9,0,0,desktop_chrome,Chennai,Chennai,2026-07-25T08:43:40.124880
pay_aec3e778bc5240,mer_1013,cust_20217,42836.32,INR,upi,SBI,captured,none,0,none,39.2,8,5,0,0,46.91,0,0,desktop_windows,Delhi NCR,Delhi NCR,2026-07-25T08:46:09.124880
pay_fe27bf3a3f7449,mer_1003,cust_20466,1824.38,INR,wallet,SBI,captured,none,0,none,12.1,8,5,0,0,0.8,0,0,mobile_android,Pune,Pune,2026-07-25T08:56:55.124880
pay_2a4155424a4d43,mer_1027,cust_20475,1140.58,INR,netbanking,SBI,captured,none,0,none,15.0,9,5,0,0,1.02,0,0,desktop_chrome,Ahmedabad,Ahmedabad,2026-07-25T09:04:04.124880
pay_b0e9ad52a39442,mer_1038,cust_20261,11222.12,INR,upi,HDFC,captured,none,0,none,37.2,9,5,0,0,5.31,0,0,mobile_android,Chennai,Chennai,2026-07-25T09:07:44.124880
pay_e507ebb99f984e,mer_1035,cust_20427,69521.7,INR,upi,AXIS,captured,none,0,none,36.7,9,5,0,0,28.03,0,0,mobile_android,Hyderabad,Hyderabad,2026-07-25T09:12:16.124880
pay_2efa6013ca1e40,mer_1016,cust_20399,41576.28,INR,card_credit,ICICI,failed,issuer_bank_down,0,none,36.2,9,5,0,0,14.02,0,0,mobile_ios,Chennai,Chennai,2026-07-25T09:17:22.124880
pay_d259aef20e7049,mer_1017,cust_20174,1309.54,INR,card_credit,SBI,captured,none,0,none,15.4,9,5,0,0,0.35,0,0,mobile_android,Hyderabad,Hyderabad,2026-07-25T09:18:44.124880
pay_063277f4e36c42,mer_1005,cust_20079,58338.13,INR,wallet,AXIS,captured,none,0,none,26.8,9,5,0,0,15.19,0,0,desktop_chrome,Mumbai,Mumbai,2026-07-25T09:36:04.124880
pay_c8853f33eeda48,mer_1035,cust_20477,59044.04,INR,upi,ICICI,captured,none,0,none,38.7,9,5,0,0,7.91,0,0,mobile_ios,Kochi,Kochi,2026-07-25T09:52:31.124880
pay_c363d9ceeb8643,mer_1040,cust_20089,17521.69,INR,wallet,HDFC,captured,none,0,none,31.5,10,5,0,0,8.36,0,0,desktop_chrome,Ahmedabad,Ahmedabad,2026-07-25T10:07:48.124880
pay_a1ce7d58bf534a,mer_1033,cust_20413,3576.32,INR,upi,HDFC,captured,none,0,none,31.9,10,5,0,0,7.14,0,0,mobile_ios,Jaipur,Jaipur,2026-07-25T10:09:04.124880
pay_d705325dde514e,mer_1021,cust_20378,31732.13,INR,upi,HDFC,captured,none,0,none,37.9,10,5,0,0,14.43,0,0,desktop_chrome,Ahmedabad,Ahmedabad,2026-07-25T10:37:00.124880
pay_228b0b8373824a,mer_1006,cust_20138,22501.98,INR,card_debit,SBI,captured,none,0,none,25.5,10,5,0,0,14.43,0,0,desktop_windows,Delhi NCR,Delhi NCR,2026-07-25T10:39:00.124880
pay_8c2720daa5dd40,mer_1021,cust_20252,30137.63,INR,upi,AXIS,captured,none,0,none,47.7,10,5,0,0,7.38,1511,0,mobile_ios,Delhi NCR,Pune,2026-07-25T10:48:10.124880
pay_e74eb253f1fa4f,mer_1005,cust_20544,60947.9,INR,upi,ICICI,captured,none,0,none,40.4,10,5,0,2,38.72,821,0,mobile_android,Kochi,Pune,2026-07-25T10:58:26.124880
pay_a448affb416541,mer_1007,cust_20271,12644.34,INR,card_debit,HDFC,captured,none,0,none,33.1,11,5,0,0,6.15,0,0,mobile_android,Kochi,Kochi,2026-07-25T11:07:57.124880
pay_8a53740a0eb14c,mer_1006,cust_20563,30149.83,INR,netbanking,AXIS,captured,none,0,none,31.3,11,5,0,0,49.06,0,0,desktop_safari,Kochi,Kochi,2026-07-25T11:09:57.124880
pay_d23962141eb444,mer_1022,cust_20276,662.14,INR,card_credit,HDFC,captured,none,0,none,19.1,11,5,0,0,0.49,237,0,desktop_chrome,Hyderabad,Ahmedabad,2026-07-25T11:10:26.124880
pay_6b0cd198a7274f,mer_1016,cust_20084,84485.96,INR,upi,HDFC,captured,none,0,none,49.8,11,5,0,1,45.63,1113,0,mobile_ios,Kochi,Bengaluru,2026-07-25T11:12:15.124880
pay_9c83fe4752b44c,mer_1001,cust_20536,4178.95,INR,netbanking,ICICI,captured,none,0,none,32.9,11,5,0,0,3.11,0,0,desktop_safari,Bengaluru,Bengaluru,2026-07-25T11:34:20.124880
pay_f7a142f4500a4d,mer_1023,cust_20140,6707.97,INR,upi,SBI,refunded,customer_return,0,none,6.7,11,5,0,0,1.61,0,0,mobile_android,Kochi,Kochi,2026-07-25T11:47:03.124880
pay_0233dd7f5a374e,mer_1038,cust_20196,30641.3,INR,card_credit,SBI,captured,none,0,none,36.2,11,5,0,0,10.07,0,0,mobile_ios,Delhi NCR,Delhi NCR,2026-07-25T11:52:17.124880
pay_6e20a54db8cc46,mer_1005,cust_20405,84065.2,INR,upi,HDFC,captured,none,0,none,34.7,12,5,0,0,48.38,0,0,mobile_android,Delhi NCR,Delhi NCR,2026-07-25T12:08:47.124880
pay_5e933123efe640,mer_1008,cust_20378,60832.61,INR,upi,ICICI,captured,none,0,none,34.9,12,5,0,1,27.66,0,0,mobile_ios,Ahmedabad,Ahmedabad,2026-07-25T12:09:44.124880
pay_13b927c268354d,mer_1032,cust_20501,13226.09,INR,netbanking,ICICI,captured,none,0,none,6.7,12,5,0,2,2.29,0,0,mobile_android,Delhi NCR,Delhi NCR,2026-07-25T12:12:49.124880
pay_d84165a9954f40,mer_1019,cust_20145,3826.95,INR,upi,HDFC,captured,none,0,none,9.1,12,5,0,0,1.63,0,0,desktop_safari,Jaipur,Jaipur,2026-07-25T12:12:54.124880
pay_2be44b6df8504c,mer_1031,cust_20400,18263.87,INR,upi,ICICI,captured,none,0,none,26.6,12,5,0,0,35.74,0,0,desktop_safari,Mumbai,Mumbai,2026-07-25T12:17:27.124880
pay_9272a93844be43,mer_1024,cust_20535,7010.93,INR,upi,HDFC,captured,none,0,none,37.1,12,5,0,0,10.62,0,0,mobile_android,Jaipur,Jaipur,2026-07-25T12:37:49.124880
pay_c6ddce9b3c554a,mer_1036,cust_20589,10671.12,INR,card_debit,ICICI,captured,none,0,none,13.5,12,5,0,0,2.68,0,0,mobile_android,Jaipur,Jaipur,2026-07-25T12:39:05.124880
pay_0764973d001945,mer_1001,cust_20493,1770.23,INR,upi,HDFC,captured,none,0,none,13.5,12,5,0,0,0.99,0,0,desktop_windows,Bengaluru,Bengaluru,2026-07-25T12:44:13.124880
pay_86e66ecba94d43,mer_1007,cust_20390,18269.33,INR,upi,HDFC,captured,none,0,none,35.3,12,5,0,0,3.34,0,0,mobile_ios,Kochi,Kochi,2026-07-25T12:46:26.124880
pay_b4274bc49c3d42,mer_1007,cust_20579,65199.57,INR,netbanking,HDFC,captured,none,0,none,35.8,12,5,0,0,58.26,0,0,mobile_android,Ahmedabad,Ahmedabad,2026-07-25T12:59:07.124880
pay_81d42217150142,mer_1015,cust_20220,1583.58,INR,upi,HDFC,captured,none,0,none,14.2,13,5,0,0,0.81,0,0,desktop_windows,Kochi,Kochi,2026-07-25T13:05:56.124880
pay_cbe8716f4a2647,mer_1006,cust_20257,32493.15,INR,card_debit,ICICI,captured,none,0,none,46.9,13,5,0,0,19.43,1258,0,mobile_android,Hyderabad,Pune,2026-07-25T13:08:45.124880
pay_39e77927406b4f,mer_1022,cust_20103,4219.68,INR,upi,SBI,captured,none,0,none,19.7,13,5,0,0,2.32,0,0,desktop_chrome,Kochi,Kochi,2026-07-25T13:12:35.124880
pay_ad386cdd933e43,mer_1037,cust_20022,3690.34,INR,card_credit,HDFC,captured,none,0,none,38.4,13,5,0,0,7.27,551,0,mobile_ios,Bengaluru,Delhi NCR,2026-07-25T13:24:56.124880
pay_433c2c219a0445,mer_1009,cust_20033,19909.0,INR,upi,KOTAK,captured,none,0,none,25.1,13,5,0,1,9.0,0,0,desktop_safari,Chennai,Chennai,2026-07-25T13:33:49.124880
pay_1e3e7148288843,mer_1024,cust_20036,6069.81,INR,upi,SBI,captured,none,0,none,15.7,14,5,0,0,1.67,0,0,mobile_ios,Kolkata,Kolkata,2026-07-25T14:03:02.124880
pay_fec6cdb0cacb45,mer_1036,cust_20544,47557.46,INR,netbanking,KOTAK,captured,none,0,none,28.2,14,5,0,2,30.21,0,0,mobile_ios,Kochi,Kochi,2026-07-25T14:13:40.124880
pay_55a8e9d1f15444,mer_1029,cust_20436,1107.78,INR,upi,AXIS,captured,none,0,none,6.4,14,5,0,0,0.79,0,0,mobile_android,Bengaluru,Bengaluru,2026-07-25T14:33:48.124880
pay_522f7f12e71a41,mer_1038,cust_20119,5757.86,INR,card_debit,HDFC,captured,none,0,none,16.1,14,5,0,0,1.86,0,0,desktop_windows,Kolkata,Kolkata,2026-07-25T14:36:14.124880
pay_99f4c26f382540,mer_1009,cust_20055,18065.64,INR,upi,ICICI,captured,none,0,none,32.9,14,5,0,0,14.39,0,0,desktop_windows,Hyderabad,Hyderabad,2026-07-25T14:47:08.124880
pay_5f9163536f8f45,mer_1006,cust_20266,30889.72,INR,upi,ICICI,captured,none,0,none,34.4,15,5,0,0,37.58,0,0,mobile_ios,Bengaluru,Bengaluru,2026-07-25T15:00:08.124880
pay_c4451cb22fbd44,mer_1005,cust_20433,58726.37,INR,card_credit,ICICI,captured,none,0,none,36.6,15,5,0,1,8.84,0,0,desktop_chrome,Ahmedabad,Ahmedabad,2026-07-25T15:16:06.124880
pay_f5c0f90780654d,mer_1002,cust_20032,67088.85,INR,upi,HDFC,captured,none,0,none,44.5,16,5,0,0,41.5,1134,0,mobile_android,Kolkata,Hyderabad,2026-07-25T16:12:36.124880
pay_4d5783a6a87a48,mer_1039,cust_20027,17251.0,INR,card_credit,PAYTM_BANK,captured,none,0,none,37.2,16,5,0,0,7.2,0,0,desktop_chrome,Kolkata,Kolkata,2026-07-25T16:19:13.124880
pay_c2e5e7c9717546,mer_1039,cust_20591,27606.06,INR,upi,HDFC,captured,none,0,none,32.6,16,5,0,1,30.32,0,0,desktop_chrome,Mumbai,Mumbai,2026-07-25T16:47:12.124880
pay_f0b875659bac48,mer_1030,cust_20027,65737.3,INR,upi,HDFC,captured,none,0,none,33.4,17,5,0,1,27.43,0,0,mobile_android,Kolkata,Kolkata,2026-07-25T17:30:54.124880
pay_36743caf466f41,mer_1016,cust_20423,19419.24,INR,upi,HDFC,captured,none,0,none,34.4,17,5,0,0,26.23,0,0,mobile_ios,Pune,Pune,2026-07-25T17:31:44.124880
pay_ca3a26f4390246,mer_1004,cust_20417,39860.88,INR,upi,ICICI,captured,none,0,none,32.9,17,5,0,0,38.4,0,0,mobile_android,Kochi,Kochi,2026-07-25T17:34:44.124880
pay_a2d657ae245146,mer_1009,cust_20067,90582.63,INR,upi,AXIS,captured,none,0,none,39.4,17,5,0,0,101.15,0,0,desktop_windows,Kochi,Kochi,2026-07-25T17:47:44.124880
pay_47f62fb7514247,mer_1012,cust_20561,42361.55,INR,netbanking,ICICI,captured,none,0,none,35.1,18,5,0,0,69.21,0,0,desktop_windows,Hyderabad,Hyderabad,2026-07-25T18:10:11.124880
pay_1f0336e50cc54e,mer_1010,cust_20410,1832.43,INR,card_credit,HDFC,failed,insufficient_funds,0,none,16.3,18,5,0,0,1.0,0,0,desktop_safari,Mumbai,Mumbai,2026-07-25T18:19:06.124880
pay_9e654825bb2c4d,mer_1009,cust_20378,31783.41,INR,card_credit,AXIS,captured,none,0,none,39.7,18,5,0,2,14.45,0,0,desktop_safari,Ahmedabad,Ahmedabad,2026-07-25T18:27:51.124880
pay_df6057bef2f749,mer_1025,cust_20161,74391.97,INR,upi,SBI,captured,none,0,none,48.7,18,5,0,0,44.27,1765,0,desktop_chrome,Pune,Kolkata,2026-07-25T18:47:19.124880
pay_a822ae9a6f0e49,mer_1002,cust_20087,77582.46,INR,upi,HDFC,captured,none,0,none,30.5,19,5,0,0,22.26,0,0,desktop_windows,Ahmedabad,Ahmedabad,2026-07-25T19:14:11.124880
pay_f7078983db314d,mer_1036,cust_20513,15882.21,INR,upi,AXIS,captured,none,0,none,39.9,19,5,0,0,17.56,0,0,mobile_android,Jaipur,Jaipur,2026-07-25T19:17:51.124880
pay_1dcc9f52c6a44d,mer_1019,cust_20245,5480.34,INR,upi,HDFC,captured,none,0,none,27.1,19,5,0,0,9.89,0,0,desktop_windows,Mumbai,Mumbai,2026-07-25T19:25:20.124880
pay_8e4f9da7565145,mer_1007,cust_20093,49717.86,INR,upi,SBI,captured,none,0,none,32.4,19,5,0,0,11.44,0,0,desktop_windows,Hyderabad,Hyderabad,2026-07-25T19:36:26.124880
pay_cd109a33fd4343,mer_1009,cust_20415,5058.31,INR,card_credit,PAYTM_BANK,captured,none,0,none,39.9,19,5,0,1,3.08,321,0,desktop_windows,Jaipur,Mumbai,2026-07-25T19:37:43.124880
pay_ca3bebd79d9142,mer_1007,cust_20473,72522.62,INR,wallet,AXIS,failed,insufficient_funds,0,none,48.8,19,5,0,0,53.37,0,1,mobile_ios,Bengaluru,Bengaluru,2026-07-25T19:42:33.124880
pay_0ffb234b625b43,mer_1022,cust_20425,3539.91,INR,upi,HDFC,captured,none,0,none,13.9,19,5,0,0,1.01,0,0,desktop_safari,Hyderabad,Hyderabad,2026-07-25T19:53:11.124880
pay_6c66a55201c440,mer_1027,cust_20004,2108.29,INR,netbanking,SBI,captured,none,0,none,12.9,19,5,0,0,0.58,0,0,mobile_android,Ahmedabad,Ahmedabad,2026-07-25T19:53:37.124880
pay_9a0ed6d141144c,mer_1037,cust_20294,1248.36,INR,upi,HDFC,captured,none,0,none,34.1,20,5,0,0,0.85,0,1,mobile_ios,Kochi,Kochi,2026-07-25T20:02:59.124880
pay_1a41d566cefd48,mer_1039,cust_20518,13606.16,INR,upi,HDFC,captured,none,0,none,30.5,20,5,0,0,18.46,224,0,desktop_chrome,Delhi NCR,Pune,2026-07-25T20:03:39.124880
pay_5a75b125629246,mer_1002,cust_20346,44588.73,INR,upi,KOTAK,refunded,customer_return,0,none,25.6,20,5,0,0,46.5,0,0,mobile_android,Hyderabad,Hyderabad,2026-07-25T20:07:58.124880
pay_33ac94556b854f,mer_1013,cust_20057,22389.53,INR,upi,HDFC,captured,none,0,none,46.5,20,5,0,0,8.29,941,0,desktop_safari,Kochi,Bengaluru,2026-07-25T20:12:23.124880
pay_4b26ada25a6e49,mer_1017,cust_20349,1175.83,INR,upi,AXIS,captured,none,0,none,19.8,20,5,0,0,2.5,0,0,desktop_safari,Kochi,Kochi,2026-07-25T20:18:56.124880
pay_61dc8b29f90043,mer_1017,cust_20298,832.92,INR,card_credit,HDFC,captured,none,0,none,23.3,20,5,0,0,1.3,1066,0,desktop_chrome,Kochi,Jaipur,2026-07-25T20:27:42.124880
pay_bd6141e7f08545,mer_1034,cust_20140,3410.54,INR,upi,HDFC,captured,none,0,none,10.5,20,5,0,1,0.82,0,0,desktop_chrome,Kochi,Kochi,2026-07-25T20:27:56.124880
pay_85ed7413cf8e4e,mer_1037,cust_20595,1309.28,INR,card_credit,AXIS,captured,none,0,none,29.1,20,5,0,0,1.25,672,0,mobile_ios,Kochi,Ahmedabad,2026-07-25T20:38:57.124880
pay_4632ea1572304f,mer_1027,cust_20587,3756.55,INR,card_debit,AXIS,captured,none,0,none,36.8,20,5,0,0,6.76,0,0,desktop_safari,Mumbai,Mumbai,2026-07-25T20:42:21.124880
pay_4e0f972759a248,mer_1038,cust_20394,9410.83,INR,card_credit,ICICI,captured,none,0,none,39.3,20,5,0,0,3.06,0,0,desktop_chrome,Chennai,Chennai,2026-07-25T20:42:51.124880
pay_d8383964dee540,mer_1013,cust_20111,34336.96,INR,upi,AXIS,captured,none,0,none,25.3,21,5,0,1,37.1,0,0,desktop_safari,Delhi NCR,Delhi NCR,2026-07-25T21:11:08.124880
pay_c186f88129634b,mer_1036,cust_20485,21470.78,INR,upi,SBI,captured,none,0,none,32.8,21,5,0,1,11.66,0,0,mobile_ios,Delhi NCR,Delhi NCR,2026-07-25T21:12:04.124880
pay_f4343bbea8c34d,mer_1015,cust_20334,1681.02,INR,card_credit,SBI,captured,none,0,none,17.4,21,5,0,0,0.68,0,0,desktop_windows,Bengaluru,Bengaluru,2026-07-25T21:21:59.124880
pay_237977fb92af4b,mer_1023,cust_20418,1690.85,INR,netbanking,HDFC,captured,none,0,none,16.4,22,5,0,0,0.73,0,0,desktop_windows,Kochi,Kochi,2026-07-25T22:04:07.124880
pay_88388d21cd1546,mer_1035,cust_20151,63886.27,INR,upi,HDFC,captured,none,0,none,26.5,22,5,0,0,26.54,0,0,mobile_android,Delhi NCR,Delhi NCR,2026-07-25T22:43:29.124880
pay_93e5997b2d914e,mer_1010,cust_20195,3539.46,INR,card_debit,HDFC,captured,none,0,none,16.6,22,5,0,0,1.39,0,0,desktop_chrome,Chennai,Chennai,2026-07-25T22:48:34.124880
pay_ab0cb413405c43,mer_1033,cust_20279,289.2,INR,card_credit,HDFC,captured,none,0,none,18.6,22,5,0,0,0.29,0,0,mobile_android,Mumbai,Mumbai,2026-07-25T22:56:18.124880
pay_11bd9fba64524b,mer_1025,cust_20065,79551.58,INR,wallet,HDFC,captured,none,0,none,37.8,22,5,0,0,108.01,0,0,mobile_ios,Mumbai,Mumbai,2026-07-25T22:59:50.124880
pay_5d508956c0cc4b,mer_1004,cust_20068,25150.94,INR,upi,HDFC,captured,none,0,none,27.9,23,5,0,1,12.82,0,0,desktop_chrome,Chennai,Chennai,2026-07-25T23:03:39.124880
pay_a6d4e6e799e743,mer_1038,cust_20454,4843.36,INR,card_credit,SBI,captured,none,0,none,25.9,23,5,0,0,3.41,0,0,desktop_safari,Kochi,Kochi,2026-07-25T23:13:48.124880
pay_cccd3bb9a3344b,mer_1029,cust_20144,952.01,INR,card_credit,SBI,captured,none,0,none,27.1,23,5,0,0,0.99,0,1,mobile_android,Pune,Pune,2026-07-25T23:14:14.124880
pay_ed07d82995f44c,mer_1025,cust_20049,65638.3,INR,wallet,ICICI,captured,none,0,none,43.0,23,5,0,0,50.11,0,1,desktop_windows,Hyderabad,Hyderabad,2026-07-25T23:15:58.124880
pay_54dfd40c8eb24b,mer_1030,cust_20238,74796.72,INR,upi,HDFC,refunded,customer_return,0,none,37.7,23,5,0,0,54.57,0,0,desktop_safari,Kolkata,Kolkata,2026-07-25T23:16:40.124880
pay_b1dc78ef55c245,mer_1011,cust_20105,16821.56,INR,upi,HDFC,captured,none,0,none,26.8,23,5,0,0,4.51,0,0,desktop_chrome,Bengaluru,Bengaluru,2026-07-25T23:41:22.124880
pay_7bbd9daa48fe46,mer_1014,cust_20459,14006.62,INR,upi,SBI,captured,none,0,none,41.5,23,5,0,0,6.3,1335,0,mobile_ios,Kolkata,Delhi NCR,2026-07-25T23:49:28.124880
pay_9ee553da74ed4d,mer_1019,cust_20055,1114.37,INR,upi,HDFC,captured,none,0,none,18.7,23,5,0,1,0.89,0,0,mobile_ios,Hyderabad,Hyderabad,2026-07-25T23:58:24.124880
pay_79966ef42d904d,mer_1005,cust_20015,86699.55,INR,card_debit,SBI,captured,none,0,none,31.3,0,6,0,0,28.14,0,0,mobile_android,Delhi NCR,Delhi NCR,2026-07-26T00:00:28.124880
pay_ccec13a02fe747,mer_1037,cust_20560,4238.16,INR,upi,AXIS,captured,none,0,none,7.7,0,6,0,0,1.43,0,0,mobile_ios,Bengaluru,Bengaluru,2026-07-26T00:05:08.124880
pay_2a0b08a033de48,mer_1021,cust_20419,76092.67,INR,upi,HDFC,captured,none,0,none,25.9,0,6,0,0,14.97,0,0,desktop_safari,Kochi,Kochi,2026-07-26T00:50:35.124880
pay_8a3c5c52563643,mer_1032,cust_20242,42237.33,INR,netbanking,ICICI,captured,none,0,none,40.2,0,6,0,0,25.78,920,0,mobile_android,Chennai,Bengaluru,2026-07-26T00:56:02.124880
pay_b8e05592909b48,mer_1011,cust_20089,24743.2,INR,wallet,SBI,captured,none,0,none,36.1,1,6,0,1,11.8,0,0,mobile_android,Ahmedabad,Ahmedabad,2026-07-26T01:04:39.124880
pay_a05062e80ccd44,mer_1012,cust_20075,31886.66,INR,wallet,HDFC,captured,none,0,none,41.4,1,6,0,0,12.93,0,0,desktop_windows,Hyderabad,Hyderabad,2026-07-26T01:17:38.124880
pay_0e45c11deaaf4b,mer_1039,cust_20555,3176.19,INR,upi,ICICI,captured,none,0,none,42.6,1,6,0,0,1.28,0,1,desktop_chrome,Mumbai,Mumbai,2026-07-26T01:24:29.124880
pay_c3fe8be06f0842,mer_1028,cust_20257,3250.26,INR,upi,HDFC,captured,none,0,none,24.4,1,6,0,1,1.94,0,0,desktop_windows,Hyderabad,Hyderabad,2026-07-26T01:46:55.124880
pay_9e3d30a75a3146,mer_1033,cust_20469,292.47,INR,wallet,SBI,captured,none,0,none,39.6,2,6,0,0,0.54,631,0,desktop_safari,Kochi,Delhi NCR,2026-07-26T02:01:06.124880
pay_3583dc464f4e45,mer_1012,cust_20027,15775.14,INR,netbanking,ICICI,captured,none,0,none,37.2,2,6,0,2,6.58,0,0,desktop_safari,Kolkata,Kolkata,2026-07-26T02:08:11.124880
pay_33528f94d5734a,mer_1040,cust_20589,28585.62,INR,netbanking,ICICI,captured,none,0,none,44.6,2,6,0,1,7.17,0,0,desktop_windows,Jaipur,Jaipur,2026-07-26T02:10:14.124880
pay_f5307a1ef6fb4e,mer_1021,cust_20537,65492.08,INR,upi,SBI,captured,none,0,none,45.9,2,6,0,0,86.43,0,0,mobile_android,Hyderabad,Hyderabad,2026-07-26T02:17:24.124880
pay_58077bc9a9ab4c,mer_1022,cust_20468,648.91,INR,card_credit,HDFC,captured,none,0,none,22.9,2,6,0,0,0.51,0,0,desktop_chrome,Delhi NCR,Delhi NCR,2026-07-26T02:17:52.124880
pay_92429568385641,mer_1030,cust_20404,63928.08,INR,upi,ICICI,captured,none,0,none,47.5,2,6,0,1,34.17,0,0,mobile_ios,Chennai,Chennai,2026-07-26T02:23:23.124880
pay_159e9bf17a754d,mer_1015,cust_20200,2444.4,INR,upi,KOTAK,captured,none,0,none,17.7,2,6,0,0,1.44,0,0,desktop_chrome,Delhi NCR,Delhi NCR,2026-07-26T02:50:40.124880
pay_a349c135727248,mer_1022,cust_20399,2151.97,INR,upi,ICICI,captured,none,0,none,29.1,3,6,0,1,0.73,0,0,desktop_windows,Chennai,Chennai,2026-07-26T03:28:41.124880
pay_ddd18ec2693f4b,mer_1007,cust_20574,4370.6,INR,card_credit,ICICI,captured,none,0,none,26.6,3,6,0,0,0.95,0,0,desktop_windows,Kochi,Kochi,2026-07-26T03:41:40.124880
pay_c626cc93ccef45,mer_1019,cust_20268,2694.77,INR,upi,HDFC,captured,none,0,none,17.5,4,6,0,0,1.87,0,0,desktop_windows,Ahmedabad,Ahmedabad,2026-07-26T04:02:52.124880
pay_e3986965812f4d,mer_1013,cust_20535,14428.46,INR,card_debit,ICICI,captured,none,0,none,49.9,4,6,0,1,21.85,580,0,mobile_android,Jaipur,Chennai,2026-07-26T04:17:21.124880
pay_75613daa512142,mer_1007,cust_20222,85141.75,INR,card_credit,ICICI,captured,none,0,none,39.8,4,6,0,0,73.06,0,0,desktop_windows,Bengaluru,Bengaluru,2026-07-26T04:25:46.124880
pay_f2452b8ceb7a42,mer_1002,cust_20273,82651.77,INR,wallet,HDFC,captured,none,0,none,44.2,4,6,0,0,75.46,0,0,mobile_android,Ahmedabad,Ahmedabad,2026-07-26T04:36:33.124880
pay_4ea18fda057847,mer_1008,cust_20537,53544.65,INR,upi,HDFC,captured,none,0,none,41.0,4,6,0,1,70.66,0,0,mobile_ios,Hyderabad,Hyderabad,2026-07-26T04:51:11.124880
pay_e1db1d570df44b,mer_1009,cust_20339,64167.6,INR,card_credit,KOTAK,captured,none,0,none,41.6,4,6,0,1,25.54,0,0,desktop_windows,Kolkata,Kolkata,2026-07-26T04:53:11.124880
pay_61dfeb40d8a74b,mer_1020,cust_20172,29149.89,INR,upi,SBI,captured,none,0,none,36.8,5,6,0,0,5.76,0,0,desktop_chrome,Hyderabad,Hyderabad,2026-07-26T05:08:29.124880
pay_57e3b5ae33224f,mer_1040,cust_20295,50335.37,INR,upi,HDFC,refunded,customer_return,0,none,25.6,5,6,0,0,108.5,0,0,desktop_safari,Delhi NCR,Delhi NCR,2026-07-26T05:08:56.124880
pay_c1bbe3b5f16b45,mer_1010,cust_20315,4781.18,INR,upi,HDFC,refunded,customer_return,0,none,10.1,5,6,0,0,2.9,0,0,mobile_android,Ahmedabad,Ahmedabad,2026-07-26T05:21:38.124880
pay_a5682c2f2dce41,mer_1003,cust_20535,2463.36,INR,upi,SBI,captured,none,0,none,37.2,5,6,0,2,3.73,732,0,desktop_windows,Jaipur,Pune,2026-07-26T05:25:22.124880
pay_eb2ca11abe1c47,mer_1015,cust_20434,2667.74,INR,upi,SBI,captured,none,0,none,18.8,5,6,0,0,0.73,0,0,mobile_android,Pune,Pune,2026-07-26T05:45:17.124880
pay_14d965a041194f,mer_1019,cust_20215,1317.14,INR,netbanking,HDFC,captured,none,0,none,8.0,6,6,0,0,2.28,0,0,mobile_android,Jaipur,Jaipur,2026-07-26T06:01:44.124880
pay_8b40ecd692754a,mer_1010,cust_20008,1032.21,INR,card_credit,SBI,captured,none,0,none,11.9,6,6,0,0,0.94,0,0,desktop_safari,Chennai,Chennai,2026-07-26T06:08:15.124880
pay_5cc2fe0d88bd41,mer_1002,cust_20546,37609.85,INR,upi,ICICI,captured,none,0,none,34.4,6,6,0,0,27.93,0,0,desktop_chrome,Kochi,Kochi,2026-07-26T06:13:12.124880
pay_d4affdf3750b4a,mer_1031,cust_20139,39597.29,INR,upi,AXIS,captured,none,0,none,25.8,6,6,0,0,58.0,0,0,desktop_safari,Jaipur,Jaipur,2026-07-26T06:39:42.124880
pay_f0d6b413927843,mer_1012,cust_20451,10195.33,INR,wallet,SBI,captured,none,0,none,39.4,7,6,0,0,6.41,0,0,mobile_ios,Bengaluru,Bengaluru,2026-07-26T07:02:30.124880
pay_7b56e9cdc45f47,mer_1002,cust_20334,94599.43,INR,upi,HDFC,captured,none,0,none,33.8,7,6,0,1,38.32,0,0,mobile_ios,Bengaluru,Bengaluru,2026-07-26T07:11:21.124880
pay_3179af50a16f46,mer_1020,cust_20242,37817.03,INR,card_credit,HDFC,captured,none,0,none,39.1,8,6,0,1,23.08,0,0,desktop_windows,Chennai,Chennai,2026-07-26T08:10:53.124880
pay_70672c00493542,mer_1018,cust_20428,8211.06,INR,upi,SBI,captured,none,0,none,28.8,8,6,0,0,8.59,0,0,desktop_safari,Pune,Pune,2026-07-26T08:15:56.124880
pay_65054415c9f34d,mer_1032,cust_20120,43074.56,INR,upi,ICICI,captured,none,0,none,13.9,8,6,0,0,2.05,0,0,mobile_ios,Chennai,Chennai,2026-07-26T08:32:41.124880
pay_969d38b3736f45,mer_1034,cust_20510,4022.04,INR,card_credit,HDFC,captured,none,0,none,16.3,8,6,0,0,2.01,0,0,desktop_windows,Mumbai,Mumbai,2026-07-26T08:45:20.124880
pay_23fa90ec747742,mer_1007,cust_20138,77436.25,INR,card_debit,ICICI,captured,none,0,none,39.1,8,6,0,1,49.67,0,0,mobile_android,Delhi NCR,Delhi NCR,2026-07-26T08:52:03.124880
pay_4ae2bc3967b748,mer_1030,cust_20532,41203.64,INR,upi,AXIS,captured,none,0,none,38.9,8,6,0,0,33.2,0,0,desktop_chrome,Kolkata,Kolkata,2026-07-26T08:57:09.124880
pay_7291a62ddb4a41,mer_1003,cust_20207,1201.38,INR,upi,PAYTM_BANK,captured,none,0,none,28.1,8,6,0,0,1.05,1776,0,mobile_android,Delhi NCR,Kochi,2026-07-26T08:59:07.124880
pay_8fdcfe2bd38249,mer_1037,cust_20096,3255.27,INR,upi,HDFC,captured,none,0,none,38.0,9,6,0,0,7.42,0,0,desktop_chrome,Ahmedabad,Ahmedabad,2026-07-26T09:03:52.124880
pay_6bb92aa3e9ed4f,mer_1033,cust_20198,4706.95,INR,upi,AXIS,captured,none,0,none,34.5,9,6,0,0,5.76,0,0,desktop_windows,Pune,Pune,2026-07-26T09:06:09.124880
pay_a020f4a894124a,mer_1010,cust_20119,6103.87,INR,upi,HDFC,captured,none,0,none,6.7,9,6,0,1,1.97,0,0,mobile_ios,Kolkata,Kolkata,2026-07-26T09:26:48.124880
pay_67e7edb621504f,mer_1026,cust_20108,13106.93,INR,upi,HDFC,captured,none,0,none,35.9,9,6,0,0,5.99,0,0,desktop_windows,Pune,Pune,2026-07-26T09:34:59.124880
pay_b1d2d0b3211a40,mer_1003,cust_20301,1778.18,INR,card_credit,ICICI,captured,none,0,none,29.2,9,6,0,0,5.93,0,0,desktop_chrome,Jaipur,Jaipur,2026-07-26T09:59:48.124880
pay_07b2a7b76b7146,mer_1007,cust_20093,61635.26,INR,upi,AXIS,captured,none,0,none,30.6,10,6,0,1,14.18,0,0,mobile_android,Hyderabad,Hyderabad,2026-07-26T10:02:50.124880
pay_7ac6bebd87fe40,mer_1002,cust_20199,89612.88,INR,card_credit,ICICI,captured,none,0,none,33.9,10,6,0,0,142.05,0,0,mobile_android,Mumbai,Mumbai,2026-07-26T10:09:14.124880
pay_2868b7fecc024c,mer_1009,cust_20598,11952.67,INR,upi,HDFC,captured,none,0,none,17.0,10,6,0,0,2.76,540,0,desktop_chrome,Ahmedabad,Pune,2026-07-26T10:18:44.124880
pay_e1c6c737182849,mer_1002,cust_20266,53977.17,INR,netbanking,AXIS,captured,none,0,none,33.4,10,6,0,1,65.67,0,0,desktop_safari,Bengaluru,Bengaluru,2026-07-26T10:35:07.124880
pay_c003073eed8c42,mer_1018,cust_20062,7841.37,INR,upi,SBI,captured,none,0,none,31.6,10,6,0,0,2.93,1359,1,mobile_ios,Pune,Kolkata,2026-07-26T10:37:07.124880
pay_e03b81d2767a40,mer_1021,cust_20268,78870.71,INR,wallet,HDFC,captured,none,0,none,39.3,10,6,0,1,54.79,216,0,mobile_android,Ahmedabad,Pune,2026-07-26T10:49:02.124880
pay_9152d601b49646,mer_1037,cust_20463,1330.17,INR,upi,AXIS,captured,none,0,none,12.2,10,6,0,0,0.69,0,0,desktop_chrome,Pune,Pune,2026-07-26T10:56:51.124880
pay_16b1308d172d45,mer_1007,cust_20141,32112.04,INR,card_debit,HDFC,captured,none,0,none,36.1,10,6,0,0,27.45,0,0,desktop_windows,Pune,Pune,2026-07-26T10:57:06.124880
pay_c01acaaf66614b,mer_1027,cust_20568,1710.87,INR,upi,ICICI,captured,none,0,none,11.7,11,6,0,0,0.35,0,0,mobile_android,Kolkata,Kolkata,2026-07-26T11:02:55.124880
pay_4c96b99f37a443,mer_1010,cust_20032,2530.99,INR,card_debit,HDFC,captured,none,0,none,6.2,11,6,0,1,1.57,236,0,mobile_android,Kolkata,Jaipur,2026-07-26T11:08:24.124880
pay_d010f15a4dfc4c,mer_1004,cust_20295,13408.55,INR,upi,ICICI,captured,none,0,none,32.9,11,6,0,1,28.9,0,0,mobile_ios,Delhi NCR,Delhi NCR,2026-07-26T11:18:01.124880
pay_829987b30e6e43,mer_1023,cust_20458,1951.1,INR,upi,ICICI,captured,none,0,none,42.3,11,6,0,0,3.26,0,1,mobile_ios,Bengaluru,Bengaluru,2026-07-26T11:19:47.124880
pay_750a8fcdf4bf41,mer_1029,cust_20261,1011.28,INR,card_debit,AXIS,captured,none,0,none,5.5,11,6,0,0,0.48,0,0,mobile_ios,Chennai,Chennai,2026-07-26T11:24:19.124880
pay_6e0e889f119249,mer_1018,cust_20413,15247.32,INR,upi,HDFC,captured,none,0,none,35.3,11,6,0,0,30.42,1778,0,desktop_safari,Jaipur,Mumbai,2026-07-26T11:27:47.124880
pay_95386ba767394d,mer_1017,cust_20600,1632.85,INR,upi,SBI,captured,none,0,none,29.7,11,6,0,0,5.44,0,0,desktop_chrome,Hyderabad,Hyderabad,2026-07-26T11:43:04.124880
pay_8da8d4469b8543,mer_1012,cust_20044,4756.36,INR,upi,SBI,captured,none,0,none,34.6,11,6,0,0,5.51,0,0,desktop_safari,Ahmedabad,Ahmedabad,2026-07-26T11:48:15.124880
pay_90755dcf920548,mer_1005,cust_20204,11573.61,INR,upi,ICICI,captured,none,0,none,29.3,11,6,0,0,4.01,0,0,mobile_android,Kochi,Kochi,2026-07-26T11:59:59.124880
pay_b251adf73f0e48,mer_1004,cust_20497,11130.62,INR,upi,HDFC,captured,none,0,none,39.9,12,6,0,0,3.9,0,0,desktop_windows,Hyderabad,Hyderabad,2026-07-26T12:25:52.124880
pay_08cfaa8b07a540,mer_1029,cust_20016,888.86,INR,upi,AXIS,captured,none,0,none,13.1,12,6,0,0,0.87,0,0,mobile_ios,Mumbai,Mumbai,2026-07-26T12:26:51.124880
pay_53c69d8d05de41,mer_1011,cust_20109,10289.41,INR,upi,HDFC,captured,none,0,none,16.3,13,6,0,0,1.24,344,0,desktop_windows,Delhi NCR,Pune,2026-07-26T13:00:01.124880
pay_c55774d462324a,mer_1037,cust_20526,3841.52,INR,card_credit,AXIS,captured,none,0,none,14.4,13,6,0,0,1.09,0,0,desktop_safari,Jaipur,Jaipur,2026-07-26T13:01:39.124880
pay_73b6cd7ced1d4a,mer_1019,cust_20521,454.3,INR,upi,AXIS,captured,none,0,none,10.3,13,6,0,0,0.53,0,0,desktop_windows,Hyderabad,Hyderabad,2026-07-26T13:09:09.124880
pay_5804d14390d34e,mer_1033,cust_20239,2519.14,INR,card_credit,ICICI,captured,none,0,none,15.0,13,6,0,0,2.51,276,0,desktop_chrome,Chennai,Delhi NCR,2026-07-26T13:10:02.124880
pay_efc4f28012914d,mer_1012,cust_20194,23440.38,INR,upi,HDFC,captured,none,0,none,27.5,13,6,0,0,33.51,0,0,mobile_ios,Hyderabad,Hyderabad,2026-07-26T13:13:32.124880
pay_3c5b4149d91b4f,mer_1028,cust_20574,10684.67,INR,netbanking,HDFC,captured,none,0,none,10.3,13,6,0,1,2.33,0,0,desktop_safari,Kochi,Kochi,2026-07-26T13:27:54.124880
pay_9033473d8d044e,mer_1008,cust_20265,42436.52,INR,netbanking,HDFC,captured,none,0,none,38.4,13,6,0,0,15.77,0,0,desktop_windows,Kochi,Kochi,2026-07-26T13:47:26.124880
pay_66895043431d49,mer_1036,cust_20572,19864.28,INR,upi,SBI,captured,none,0,none,35.5,13,6,0,0,7.24,0,0,desktop_safari,Hyderabad,Hyderabad,2026-07-26T13:51:18.124880
pay_3a4262fc193942,mer_1019,cust_20386,1460.18,INR,upi,HDFC,captured,none,0,none,7.1,13,6,0,0,0.97,0,0,mobile_ios,Ahmedabad,Ahmedabad,2026-07-26T13:52:24.124880
pay_0d8c918f3a784f,mer_1023,cust_20594,3610.25,INR,card_debit,AXIS,captured,none,0,none,11.0,13,6,0,0,2.5,0,0,desktop_windows,Pune,Pune,2026-07-26T13:59:10.124880
pay_a001f77a667743,mer_1033,cust_20234,698.84,INR,card_credit,AXIS,captured,none,0,none,14.3,14,6,0,0,1.04,0,0,desktop_windows,Delhi NCR,Delhi NCR,2026-07-26T14:15:35.124880
pay_cb690d8f97d443,mer_1005,cust_20092,73316.65,INR,upi,HDFC,captured,none,0,none,37.3,14,6,0,0,68.49,0,0,desktop_chrome,Pune,Pune,2026-07-26T14:17:11.124880
pay_403bb8a489b44c,mer_1014,cust_20418,38470.62,INR,upi,HDFC,captured,none,0,none,36.7,14,6,0,1,16.56,0,0,mobile_android,Kochi,Kochi,2026-07-26T14:19:41.124880
pay_7b7f8a79703542,mer_1002,cust_20170,64176.19,INR,upi,KOTAK,captured,none,0,none,25.4,14,6,0,0,46.73,0,0,desktop_safari,Jaipur,Jaipur,2026-07-26T14:24:57.124880
pay_338fff9e5ad54d,mer_1037,cust_20427,3778.5,INR,upi,HDFC,captured,none,0,none,14.5,14,6,0,0,1.52,0,0,desktop_windows,Hyderabad,Hyderabad,2026-07-26T14:39:17.124880
pay_fcda58261b1a4e,mer_1035,cust_20555,72771.35,INR,wallet,SBI,captured,none,0,none,26.6,15,6,0,1,29.39,0,0,mobile_android,Mumbai,Mumbai,2026-07-26T15:18:42.124880
pay_d63def2914494d,mer_1015,cust_20335,3737.37,INR,card_credit,KOTAK,captured,none,0,none,13.7,15,6,0,0,2.82,0,0,desktop_windows,Hyderabad,Hyderabad,2026-07-26T15:26:19.124880
pay_2f934ffabcad4a,mer_1040,cust_20563,17582.02,INR,upi,KOTAK,captured,none,0,none,26.9,15,6,0,0,28.61,0,0,desktop_chrome,Kochi,Kochi,2026-07-26T15:39:58.124880
pay_dcea6e2514af4d,mer_1009,cust_20185,39343.12,INR,upi,SBI,captured,none,0,none,25.9,15,6,0,0,8.08,0,0,mobile_android,Chennai,Chennai,2026-07-26T15:52:18.124880
pay_6896ba8b1e9e43,mer_1039,cust_20551,18968.26,INR,card_debit,ICICI,captured,none,0,none,34.0,16,6,0,0,7.18,0,0,mobile_ios,Kolkata,Kolkata,2026-07-26T16:09:35.124880
pay_b78428a4d48f46,mer_1025,cust_20498,58088.2,INR,upi,HDFC,captured,none,0,none,35.2,16,6,0,0,20.04,0,0,desktop_windows,Chennai,Chennai,2026-07-26T16:15:21.124880
pay_2670ac20860b4d,mer_1018,cust_20571,6278.7,INR,card_credit,ICICI,captured,none,0,none,31.6,16,6,0,0,3.06,0,0,desktop_chrome,Ahmedabad,Ahmedabad,2026-07-26T16:17:20.124880
pay_9c181243a8994a,mer_1035,cust_20030,25607.76,INR,card_credit,AXIS,captured,none,0,none,30.5,16,6,0,0,8.06,0,0,desktop_windows,Chennai,Chennai,2026-07-26T16:30:43.124880
pay_4ec9106d670b42,mer_1026,cust_20391,16736.68,INR,card_debit,AXIS,captured,none,0,none,38.9,16,6,0,0,20.9,0,0,desktop_safari,Jaipur,Jaipur,2026-07-26T16:38:20.124880
pay_34aeb77a88f54b,mer_1001,cust_20436,878.23,INR,upi,HDFC,captured,none,0,none,7.0,16,6,0,0,0.63,0,0,desktop_safari,Bengaluru,Bengaluru,2026-07-26T16:45:32.124880
pay_f1b5d4c06fd540,mer_1021,cust_20069,18076.29,INR,upi,HDFC,captured,none,0,none,46.4,16,6,0,0,9.77,1180,0,desktop_chrome,Mumbai,Chennai,2026-07-26T16:45:53.124880
pay_db1945d642714d,mer_1035,cust_20016,82876.28,INR,upi,SBI,captured,none,0,none,31.7,17,6,0,1,80.75,0,0,mobile_ios,Mumbai,Mumbai,2026-07-26T17:09:58.124880
pay_dd9f692a00d24c,mer_1001,cust_20280,1902.73,INR,upi,PAYTM_BANK,captured,none,0,none,8.8,17,6,0,0,0.32,0,0,mobile_android,Mumbai,Mumbai,2026-07-26T17:38:31.124880
pay_61e88650bce64e,mer_1031,cust_20351,26461.37,INR,upi,ICICI,captured,none,0,none,39.2,17,6,0,0,44.16,0,0,desktop_windows,Kochi,Kochi,2026-07-26T17:54:11.124880
pay_cf0cdf7c93184a,mer_1012,cust_20318,28735.8,INR,upi,SBI,captured,none,0,none,30.5,18,6,0,0,6.21,0,0,desktop_chrome,Chennai,Chennai,2026-07-26T18:00:22.124880
pay_5df9c0dc91a246,mer_1030,cust_20347,59956.37,INR,card_credit,AXIS,captured,none,0,none,36.0,18,6,0,0,11.06,0,0,desktop_safari,Bengaluru,Bengaluru,2026-07-26T18:28:34.124880
pay_724a0dd6304243,mer_1032,cust_20087,17404.94,INR,upi,KOTAK,captured,none,0,none,30.7,19,6,0,1,4.99,0,0,mobile_ios,Ahmedabad,Ahmedabad,2026-07-26T19:02:30.124880
pay_021bba4605f741,mer_1011,cust_20075,3590.43,INR,netbanking,ICICI,captured,none,0,none,15.7,19,6,0,1,1.46,0,0,desktop_safari,Hyderabad,Hyderabad,2026-07-26T19:17:56.124880
pay_7b314e6d98ec47,mer_1013,cust_20034,41024.3,INR,upi,PAYTM_BANK,captured,none,0,none,25.2,19,6,0,0,67.34,0,0,desktop_chrome,Kolkata,Kolkata,2026-07-26T19:32:20.124880
pay_c3bff4d227fd4a,mer_1007,cust_20528,38644.5,INR,upi,AXIS,captured,none,0,none,39.3,19,6,0,0,78.99,0,0,desktop_safari,Pune,Pune,2026-07-26T19:37:49.124880
pay_43c4e7978c7f43,mer_1017,cust_20269,653.16,INR,upi,AXIS,captured,none,0,none,14.6,19,6,0,0,0.11,0,0,desktop_windows,Mumbai,Mumbai,2026-07-26T19:50:09.124880
pay_5708b434c4e740,mer_1021,cust_20247,55110.21,INR,card_credit,HDFC,captured,none,0,none,31.4,20,6,0,0,53.69,0,0,desktop_windows,Jaipur,Jaipur,2026-07-26T20:06:18.124880
pay_057be970c9644a,mer_1038,cust_20541,43310.52,INR,upi,HDFC,captured,none,0,none,38.8,20,6,0,0,29.58,1135,0,mobile_ios,Jaipur,Chennai,2026-07-26T20:13:17.124880
pay_c05233710cef4a,mer_1015,cust_20038,5013.65,INR,card_debit,AXIS,captured,none,0,none,34.7,20,6,0,0,13.01,0,0,mobile_ios,Kochi,Kochi,2026-07-26T20:23:51.124880
pay_7e9cc1f044cd4f,mer_1038,cust_20461,22593.92,INR,upi,HDFC,captured,none,0,none,33.5,20,6,0,0,22.6,0,0,desktop_windows,Kolkata,Kolkata,2026-07-26T20:57:56.124880
pay_f25d6f0ae91847,mer_1012,cust_20530,33641.53,INR,card_debit,KOTAK,failed,issuer_bank_down,0,none,38.3,20,6,0,0,13.42,0,0,mobile_android,Kochi,Kochi,2026-07-26T20:59:02.124880
pay_e61a0f447cec46,mer_1002,cust_20065,32158.68,INR,card_credit,ICICI,captured,none,0,none,32.2,21,6,0,1,43.66,0,0,desktop_windows,Mumbai,Mumbai,2026-07-26T21:18:36.124880
pay_c0f69aa0bc6246,mer_1025,cust_20125,25173.24,INR,upi,HDFC,captured,none,0,none,39.2,21,6,0,0,21.77,0,0,mobile_ios,Mumbai,Mumbai,2026-07-26T21:38:16.124880
pay_f91e745f7e694b,mer_1038,cust_20523,16261.04,INR,card_debit,AXIS,captured,none,0,none,33.8,21,6,0,0,19.59,0,0,mobile_ios,Kolkata,Kolkata,2026-07-26T21:40:06.124880
pay_96b9a6d21e3440,mer_1007,cust_20036,83097.79,INR,upi,SBI,captured,none,0,none,33.8,21,6,0,0,22.89,0,0,mobile_android,Kolkata,Kolkata,2026-07-26T21:41:47.124880
pay_ce9cc0eeaf724a,mer_1029,cust_20077,251.34,INR,upi,KOTAK,captured,none,0,none,9.5,21,6,0,0,0.14,0,0,desktop_chrome,Pune,Pune,2026-07-26T21:43:09.124880
pay_9c448cc803f941,mer_1006,cust_20093,50881.66,INR,card_credit,AXIS,captured,none,0,none,46.6,21,6,0,1,11.7,1259,0,desktop_safari,Hyderabad,Ahmedabad,2026-07-26T21:52:46.124880
pay_aa8d472f26a44d,mer_1031,cust_20043,39157.68,INR,upi,HDFC,captured,none,0,none,31.1,22,6,0,0,86.04,0,0,desktop_chrome,Kochi,Kochi,2026-07-26T22:18:29.124880
pay_20cc411ffc6c4e,mer_1025,cust_20471,47901.32,INR,card_debit,ICICI,captured,none,0,none,32.3,22,6,0,0,32.17,0,0,mobile_android,Jaipur,Jaipur,2026-07-26T22:20:16.124880
pay_da900421919c4c,mer_1040,cust_20075,24280.83,INR,upi,ICICI,captured,none,0,none,39.1,22,6,0,2,9.84,0,0,desktop_safari,Hyderabad,Hyderabad,2026-07-26T22:20:26.124880
pay_4a9bc313012a4b,mer_1009,cust_20442,36192.63,INR,netbanking,SBI,captured,none,0,none,37.8,22,6,0,0,37.6,0,0,mobile_ios,Jaipur,Jaipur,2026-07-26T22:45:15.124880
pay_9302954e53ee47,mer_1037,cust_20378,3722.61,INR,netbanking,KOTAK,captured,none,0,none,15.1,22,6,0,0,1.69,0,0,mobile_android,Ahmedabad,Ahmedabad,2026-07-26T22:46:52.124880
pay_b421a7f4fbec49,mer_1009,cust_20500,56252.57,INR,upi,SBI,captured,none,0,none,27.1,22,6,0,0,35.98,0,0,desktop_windows,Delhi NCR,Delhi NCR,2026-07-26T22:49:34.124880
pay_ea513652aa1b4a,mer_1018,cust_20182,7722.45,INR,upi,SBI,captured,none,0,none,43.3,22,6,0,0,25.74,1598,0,desktop_chrome,Pune,Bengaluru,2026-07-26T22:53:16.124880
pay_8cfa6cdc30af4a,mer_1019,cust_20382,1848.82,INR,upi,AXIS,refunded,customer_return,0,none,33.6,23,6,0,0,6.16,0,0,mobile_ios,Delhi NCR,Delhi NCR,2026-07-26T23:11:15.124880
pay_8e8e576a69bc46,mer_1004,cust_20065,30516.92,INR,card_credit,HDFC,captured,none,0,none,32.1,23,6,0,1,41.43,0,0,mobile_ios,Mumbai,Mumbai,2026-07-26T23:15:42.124880
pay_33e494ca825940,mer_1012,cust_20516,18264.3,INR,upi,ICICI,captured,none,0,none,42.4,23,6,0,0,7.49,0,1,mobile_android,Chennai,Chennai,2026-07-26T23:42:29.124880
pay_88688083be5f4b,mer_1017,cust_20464,56.59,INR,upi,HDFC,captured,none,1,card_testing,89.8,23,6,0,0,0.02,0,0,desktop_chrome,Bengaluru,Bengaluru,2026-07-26T23:48:04.124880
pay_50463f53acf748,mer_1004,cust_20094,2651.13,INR,upi,ICICI,captured,none,0,none,10.4,0,0,0,0,0.59,0,0,mobile_android,Chennai,Chennai,2026-07-27T00:29:31.124880
pay_aa743ff9426740,mer_1029,cust_20055,98.39,INR,card_debit,HDFC,captured,none,1,card_testing,94.1,0,0,0,0,0.08,0,0,mobile_android,Hyderabad,Hyderabad,2026-07-27T00:57:09.124880
pay_cef0027cac964d,mer_1006,cust_20517,35496.56,INR,card_credit,HDFC,captured,none,0,none,38.2,1,0,0,0,10.97,0,0,desktop_windows,Jaipur,Jaipur,2026-07-27T01:07:51.124880
pay_1e9f668d63324c,mer_1027,cust_20353,5296.42,INR,upi,HDFC,captured,none,0,none,47.1,1,0,0,0,3.72,0,0,desktop_windows,Jaipur,Jaipur,2026-07-27T01:08:48.124880
pay_c77d73c5b62a45,mer_1035,cust_20085,53897.38,INR,upi,SBI,captured,none,0,none,48.4,1,0,0,0,20.03,0,0,desktop_windows,Ahmedabad,Ahmedabad,2026-07-27T01:17:23.124880
pay_0566fd79480e45,mer_1014,cust_20369,35884.74,INR,upi,ICICI,captured,none,0,none,46.2,1,0,0,0,4.63,0,0,desktop_windows,Kolkata,Kolkata,2026-07-27T01:28:47.124880
pay_ba7667b3eaf24c,mer_1029,cust_20199,1654.04,INR,card_credit,HDFC,captured,none,0,none,18.4,1,0,0,1,2.62,0,0,mobile_ios,Mumbai,Mumbai,2026-07-27T01:33:23.124880
pay_3086fb2ae9db45,mer_1020,cust_20416,13875.18,INR,netbanking,ICICI,captured,none,0,none,36.2,1,0,0,0,25.22,0,0,mobile_android,Ahmedabad,Ahmedabad,2026-07-27T01:33:49.124880
pay_7ea56b7059df42,mer_1026,cust_20164,73096.76,INR,upi,HDFC,captured,none,0,none,45.0,1,0,0,0,53.34,0,0,desktop_chrome,Mumbai,Mumbai,2026-07-27T01:46:31.124880
pay_82b0c40dc8ad4b,mer_1039,cust_20105,5460.35,INR,netbanking,HDFC,captured,none,0,none,27.1,1,0,0,0,1.46,0,0,mobile_android,Bengaluru,Bengaluru,2026-07-27T01:57:19.124880
pay_d0ef9489ee6c4b,mer_1029,cust_20399,441.39,INR,upi,SBI,captured,none,0,none,25.2,2,0,0,1,0.15,0,0,mobile_ios,Chennai,Chennai,2026-07-27T02:12:08.124880
pay_3dde4a58190140,mer_1001,cust_20085,5030.12,INR,card_credit,HDFC,captured,none,0,none,25.5,2,0,1,1,1.87,0,0,mobile_android,Ahmedabad,Ahmedabad,2026-07-27T02:14:46.124880
pay_81e39c28b54f41,mer_1004,cust_20081,45995.5,INR,upi,ICICI,captured,none,0,none,39.2,2,0,0,0,16.35,0,0,desktop_windows,Pune,Pune,2026-07-27T02:20:51.124880
pay_7d3eb1ab08ec49,mer_1032,cust_20103,37911.39,INR,card_debit,SBI,captured,none,0,none,45.0,2,0,0,0,20.88,0,0,desktop_windows,Kochi,Kochi,2026-07-27T02:21:45.124880
pay_cc319c35031046,mer_1005,cust_20050,85440.34,INR,upi,ICICI,captured,none,0,none,36.9,2,0,0,0,16.23,0,0,mobile_android,Delhi NCR,Delhi NCR,2026-07-27T02:48:24.124880
pay_3dd9faa7bef54b,mer_1003,cust_20220,3890.7,INR,upi,ICICI,captured,none,0,none,38.4,2,0,0,0,1.98,764,0,mobile_android,Kochi,Jaipur,2026-07-27T02:53:32.124880
pay_83a2a6d9b8eb4b,mer_1035,cust_20368,83236.8,INR,upi,SBI,captured,none,0,none,43.7,2,0,0,0,53.13,0,0,desktop_safari,Hyderabad,Hyderabad,2026-07-27T02:54:33.124880
pay_8d3e2f51366c4f,mer_1002,cust_20408,78904.33,INR,card_credit,KOTAK,captured,none,0,none,52.2,3,0,0,0,135.67,1618,0,desktop_chrome,Mumbai,Kolkata,2026-07-27T03:13:15.124880
pay_530769f12d3942,mer_1018,cust_20129,10559.35,INR,card_credit,KOTAK,failed,issuer_bank_down,0,none,41.9,3,0,0,0,7.3,0,0,desktop_chrome,Kochi,Kochi,2026-07-27T03:18:45.124880
pay_aeff63f0df3143,mer_1011,cust_20343,33467.36,INR,upi,HDFC,captured,none,0,none,47.8,3,0,0,0,97.0,927,0,mobile_ios,Delhi NCR,Hyderabad,2026-07-27T03:28:31.124880
pay_11b15dfaf6ed4c,mer_1004,cust_20192,31704.61,INR,card_credit,ICICI,captured,none,0,none,35.6,3,0,0,0,18.01,0,0,mobile_android,Chennai,Chennai,2026-07-27T03:28:59.124880
pay_d1572a0e164449,mer_1027,cust_20048,3908.18,INR,upi,HDFC,captured,none,0,none,41.7,3,0,0,0,6.66,0,0,mobile_ios,Bengaluru,Bengaluru,2026-07-27T03:40:15.124880
pay_b1a5d680667f4f,mer_1009,cust_20007,95293.13,INR,upi,SBI,captured,none,0,none,47.9,3,0,0,0,84.68,0,0,desktop_windows,Kochi,Kochi,2026-07-27T03:47:06.124880
pay_af436adee6d842,mer_1006,cust_20176,18022.14,INR,card_credit,SBI,captured,none,0,none,50.6,3,0,0,0,5.34,1008,0,mobile_ios,Mumbai,Hyderabad,2026-07-27T03:55:31.124880
pay_966e697a5b0640,mer_1034,cust_20192,1919.79,INR,upi,ICICI,captured,none,0,none,41.3,3,0,1,1,1.09,0,1,desktop_safari,Chennai,Chennai,2026-07-27T03:58:30.124880
pay_ed914b78e53142,mer_1001,cust_20186,978.79,INR,upi,SBI,captured,none,0,none,28.6,4,0,0,0,0.52,0,0,mobile_android,Mumbai,Mumbai,2026-07-27T04:08:19.124880
pay_ef521f7ee67f4a,mer_1001,cust_20375,3891.6,INR,card_credit,ICICI,captured,none,0,none,43.5,4,0,0,0,4.16,0,0,desktop_windows,Ahmedabad,Ahmedabad,2026-07-27T04:20:02.124880
pay_b878b468465f49,mer_1030,cust_20482,33908.6,INR,upi,SBI,captured,none,0,none,47.9,4,0,0,0,18.14,0,0,desktop_chrome,Hyderabad,Hyderabad,2026-07-27T04:32:48.124880
pay_58a4f539b0f044,mer_1005,cust_20561,17253.41,INR,wallet,SBI,captured,none,0,none,35.8,4,0,0,0,28.19,0,0,desktop_windows,Hyderabad,Hyderabad,2026-07-27T04:40:11.124880
pay_9d3a79e9eb6649,mer_1007,cust_20527,33277.94,INR,upi,SBI,captured,none,0,none,44.9,4,0,0,0,21.23,0,0,desktop_chrome,Jaipur,Jaipur,2026-07-27T04:49:09.124880
pay_72406ea5fc4d4b,mer_1010,cust_20061,3786.9,INR,upi,HDFC,captured,none,0,none,33.7,5,0,0,0,3.73,0,0,desktop_windows,Ahmedabad,Ahmedabad,2026-07-27T05:12:30.124880
pay_d7542f302eeb4b,mer_1013,cust_20011,28816.83,INR,card_credit,SBI,captured,none,0,none,27.0,5,0,0,0,52.41,0,0,desktop_chrome,Mumbai,Mumbai,2026-07-27T05:19:56.124880
pay_9af3aca2ec784a,mer_1029,cust_20510,1501.13,INR,upi,KOTAK,captured,none,0,none,10.9,5,0,0,1,0.75,0,0,mobile_ios,Mumbai,Mumbai,2026-07-27T05:34:09.124880
pay_b5a787e63ab940,mer_1001,cust_20059,1392.55,INR,upi,AXIS,captured,none,0,none,5.3,5,0,0,0,1.03,0,0,desktop_windows,Mumbai,Mumbai,2026-07-27T05:41:16.124880
pay_4052f4927f1e43,mer_1011,cust_20092,34885.39,INR,upi,AXIS,captured,none,0,none,28.3,5,0,0,1,32.59,0,0,desktop_windows,Pune,Pune,2026-07-27T05:48:16.124880
pay_1e6dc73e70cb4b,mer_1002,cust_20270,42714.76,INR,upi,PAYTM_BANK,captured,none,0,none,32.3,6,0,0,0,28.56,0,0,mobile_ios,Bengaluru,Bengaluru,2026-07-27T06:00:04.124880
pay_d9b4bedb0e0f40,mer_1033,cust_20058,2166.18,INR,upi,ICICI,captured,none,0,none,10.9,6,0,0,0,0.63,0,0,desktop_safari,Mumbai,Mumbai,2026-07-27T06:10:22.124880
pay_2347d7f6f40d4d,mer_1010,cust_20087,2650.05,INR,card_credit,AXIS,failed,incorrect_otp,0,none,10.9,6,0,0,1,0.76,0,0,desktop_chrome,Ahmedabad,Ahmedabad,2026-07-27T06:20:00.124880
pay_a9fadbdd49134e,mer_1013,cust_20314,12024.44,INR,card_credit,HDFC,captured,none,0,none,48.2,6,0,0,0,31.52,921,0,mobile_ios,Delhi NCR,Kochi,2026-07-27T06:36:21.124880
pay_0370fabe130d49,mer_1008,cust_20091,19253.44,INR,upi,HDFC,captured,none,0,none,26.5,7,0,0,0,15.26,0,0,desktop_chrome,Hyderabad,Hyderabad,2026-07-27T07:12:13.124880
pay_519742ae0df74d,mer_1033,cust_20526,2708.01,INR,card_credit,KOTAK,captured,none,0,none,14.6,7,0,0,1,0.77,0,0,desktop_windows,Jaipur,Jaipur,2026-07-27T07:14:51.124880
pay_1cd477ceaa1644,mer_1020,cust_20087,16850.99,INR,card_credit,ICICI,captured,none,0,none,31.9,7,0,0,2,4.83,0,0,mobile_ios,Ahmedabad,Ahmedabad,2026-07-27T07:21:44.124880
pay_ace4ea03a9e040,mer_1012,cust_20375,11592.02,INR,card_credit,ICICI,captured,none,0,none,37.5,7,0,0,1,12.38,0,0,mobile_android,Ahmedabad,Ahmedabad,2026-07-27T07:25:18.124880
pay_507ce285973645,mer_1034,cust_20512,3433.32,INR,upi,ICICI,captured,none,0,none,35.7,7,0,0,0,3.88,0,0,desktop_windows,Kolkata,Kolkata,2026-07-27T07:37:22.124880
pay_f293e908d41641,mer_1018,cust_20344,4132.87,INR,netbanking,ICICI,captured,none,0,none,10.7,7,0,0,0,0.69,0,0,desktop_safari,Delhi NCR,Delhi NCR,2026-07-27T07:48:09.124880
pay_8315a06e646b44,mer_1005,cust_20442,8026.62,INR,upi,HDFC,captured,none,0,none,29.6,7,0,0,1,8.34,0,0,mobile_android,Jaipur,Jaipur,2026-07-27T07:56:48.124880
pay_fde8dad03a6f4c,mer_1006,cust_20350,10019.24,INR,upi,ICICI,captured,none,0,none,31.8,8,0,0,0,13.39,0,0,desktop_chrome,Kolkata,Kolkata,2026-07-27T08:18:59.124880
pay_b049386c1bd94a,mer_1018,cust_20140,7829.4,INR,upi,SBI,captured,none,0,none,7.9,8,0,0,0,1.88,0,0,desktop_chrome,Kochi,Kochi,2026-07-27T08:29:17.124880
pay_b80324cb8d8345,mer_1011,cust_20426,15056.98,INR,card_debit,HDFC,captured,none,0,none,26.6,8,0,0,0,6.94,0,0,desktop_windows,Jaipur,Jaipur,2026-07-27T08:52:55.124880
pay_72cc4b14681542,mer_1002,cust_20031,14259.12,INR,upi,SBI,captured,none,0,none,38.7,9,0,0,0,7.9,0,0,mobile_ios,Kolkata,Kolkata,2026-07-27T09:21:10.124880
pay_edc1e568a86b45,mer_1036,cust_20288,39610.89,INR,upi,HDFC,captured,none,0,none,35.2,9,0,0,0,14.56,0,0,desktop_windows,Pune,Pune,2026-07-27T09:36:15.124880
pay_2b121d5b3ec94b,mer_1004,cust_20116,10456.02,INR,upi,SBI,captured,none,0,none,53.6,9,0,0,0,6.19,0,1,desktop_windows,Pune,Pune,2026-07-27T09:46:18.124880
pay_7fc67f8578a643,mer_1030,cust_20464,56417.2,INR,upi,ICICI,captured,none,0,none,50.5,9,0,0,1,19.78,0,1,desktop_chrome,Bengaluru,Bengaluru,2026-07-27T09:49:45.124880
pay_af3c82ac3f084f,mer_1010,cust_20450,7061.54,INR,netbanking,HDFC,captured,none,0,none,35.2,9,0,0,0,3.43,0,0,mobile_android,Delhi NCR,Delhi NCR,2026-07-27T09:52:19.124880
pay_731a92edd31c41,mer_1009,cust_20068,67146.21,INR,upi,HDFC,captured,none,0,none,42.9,9,0,0,0,34.22,1387,0,desktop_windows,Chennai,Bengaluru,2026-07-27T09:54:42.124880
pay_fc38468798814f,mer_1006,cust_20507,9966.52,INR,wallet,KOTAK,captured,none,0,none,25.4,9,0,0,0,17.77,0,0,mobile_ios,Bengaluru,Bengaluru,2026-07-27T09:59:26.124880
pay_2726bdf509264f,mer_1012,cust_20590,33689.32,INR,card_credit,AXIS,captured,none,0,none,38.6,10,0,0,0,7.96,0,0,desktop_chrome,Pune,Pune,2026-07-27T10:12:51.124880
pay_35017468ea2b49,mer_1010,cust_20174,5887.86,INR,upi,SBI,captured,none,0,none,15.4,10,0,0,0,1.59,0,0,desktop_windows,Hyderabad,Hyderabad,2026-07-27T10:17:34.124880
pay_46bf0f7754dd46,mer_1015,cust_20363,2197.8,INR,upi,HDFC,captured,none,0,none,10.8,10,0,0,0,2.31,0,0,mobile_android,Chennai,Chennai,2026-07-27T10:32:59.124880
pay_d86da4a21e394a,mer_1032,cust_20124,33306.65,INR,card_debit,AXIS,captured,none,0,none,49.7,10,0,0,0,33.33,1156,0,desktop_safari,Kochi,Bengaluru,2026-07-27T10:47:43.124880
pay_b1adf94daf814b,mer_1015,cust_20572,832.63,INR,card_credit,SBI,captured,none,0,none,8.9,10,0,0,1,0.3,0,0,desktop_safari,Hyderabad,Hyderabad,2026-07-27T10:48:38.124880
pay_6bf30eda98e542,mer_1026,cust_20490,20422.17,INR,upi,ICICI,refunded,customer_return,0,none,26.6,11,0,0,0,14.98,0,0,mobile_ios,Delhi NCR,Delhi NCR,2026-07-27T11:13:44.124880
pay_d217f6792c8f44,mer_1039,cust_20300,28336.66,INR,upi,HDFC,captured,none,0,none,37.3,11,0,0,0,86.49,0,0,mobile_ios,Kolkata,Kolkata,2026-07-27T11:19:42.124880
pay_a2849083b7f740,mer_1040,cust_20346,36601.63,INR,upi,SBI,captured,none,0,none,25.8,11,0,0,0,38.17,0,0,desktop_safari,Hyderabad,Hyderabad,2026-07-27T11:25:19.124880
pay_024f36c6c4e94e,mer_1026,cust_20504,2694.59,INR,upi,AXIS,refunded,customer_return,0,none,14.9,11,0,0,0,1.44,0,0,desktop_chrome,Hyderabad,Hyderabad,2026-07-27T11:27:49.124880
pay_94cbc727e91c41,mer_1015,cust_20395,2371.64,INR,upi,SBI,captured,none,0,none,12.1,12,0,0,0,1.01,0,0,desktop_safari,Delhi NCR,Delhi NCR,2026-07-27T12:29:17.124880
pay_3145a7e7080944,mer_1024,cust_20327,1898.33,INR,upi,HDFC,captured,none,0,none,41.4,12,0,0,0,6.33,1026,0,desktop_chrome,Pune,Mumbai,2026-07-27T12:39:29.124880
pay_0a67c0c2e2fa4d,mer_1002,cust_20584,64120.43,INR,netbanking,HDFC,captured,none,0,none,37.1,12,0,0,0,35.58,0,0,desktop_windows,Kolkata,Kolkata,2026-07-27T12:43:21.124880
pay_84cbd9e2110b4e,mer_1009,cust_20019,12201.12,INR,upi,ICICI,captured,none,0,none,28.0,12,0,0,0,4.44,0,0,mobile_android,Pune,Pune,2026-07-27T12:45:12.124880
pay_8db0ee5a078548,mer_1016,cust_20441,41484.22,INR,netbanking,SBI,captured,none,0,none,53.4,12,0,0,0,20.76,0,1,desktop_windows,Chennai,Chennai,2026-07-27T12:49:47.124880
pay_cd5d3ed2c64740,mer_1015,cust_20082,983.27,INR,card_debit,PAYTM_BANK,captured,none,0,none,13.0,12,0,0,0,0.22,0,0,desktop_safari,Kolkata,Kolkata,2026-07-27T12:53:45.124880
pay_bef137df67254b,mer_1031,cust_20558,26293.72,INR,upi,HDFC,captured,none,0,none,29.6,13,0,0,0,14.16,0,0,desktop_chrome,Chennai,Chennai,2026-07-27T13:06:15.124880
pay_0a936fa328524f,mer_1002,cust_20525,47879.82,INR,card_credit,AXIS,captured,none,0,none,30.2,13,0,0,0,159.6,0,0,mobile_android,Jaipur,Jaipur,2026-07-27T13:07:05.124880
pay_a03c9efe7ba14f,mer_1025,cust_20279,46578.13,INR,wallet,ICICI,captured,none,0,none,29.6,13,0,0,0,46.63,0,0,mobile_android,Mumbai,Mumbai,2026-07-27T13:09:06.124880
pay_71c542190d0a4b,mer_1035,cust_20446,38388.35,INR,upi,HDFC,captured,none,0,none,25.5,13,0,0,0,9.83,0,0,desktop_safari,Kochi,Kochi,2026-07-27T13:09:34.124880
pay_2a70b4676a2c41,mer_1022,cust_20034,1458.66,INR,upi,HDFC,captured,none,0,none,11.6,13,0,0,1,2.39,0,0,desktop_safari,Kolkata,Kolkata,2026-07-27T13:14:12.124880
pay_e667e0f79b4743,mer_1008,cust_20580,53135.47,INR,card_credit,HDFC,failed,issuer_bank_down,0,none,26.7,13,0,0,0,10.04,0,0,desktop_windows,Delhi NCR,Delhi NCR,2026-07-27T13:20:31.124880
pay_e89c5e6679b546,mer_1034,cust_20165,1957.82,INR,upi,SBI,captured,none,0,none,20.9,13,0,0,0,1.25,1407,0,desktop_windows,Delhi NCR,Chennai,2026-07-27T13:34:17.124880
pay_5fb4df4ae5f148,mer_1019,cust_20424,5358.34,INR,card_credit,HDFC,captured,none,0,none,6.1,13,0,0,0,2.3,0,0,desktop_chrome,Ahmedabad,Ahmedabad,2026-07-27T13:41:35.124880
pay_df448bbf9ed049,mer_1020,cust_20125,30548.96,INR,upi,KOTAK,captured,none,0,none,38.2,13,0,0,1,26.42,0,0,desktop_chrome,Mumbai,Mumbai,2026-07-27T13:44:46.124880
pay_950438988d584b,mer_1017,cust_20018,1736.45,INR,upi,SBI,captured,none,0,none,8.3,13,0,0,0,2.22,0,0,desktop_chrome,Bengaluru,Bengaluru,2026-07-27T13:44:56.124880
pay_eb0063901c264b,mer_1037,cust_20546,3467.61,INR,card_credit,AXIS,captured,none,0,none,17.9,13,0,0,0,2.58,362,0,desktop_windows,Kochi,Delhi NCR,2026-07-27T13:47:27.124880
pay_e379ef77a28d43,mer_1003,cust_20491,2316.39,INR,upi,AXIS,captured,none,0,none,5.6,13,0,0,0,0.24,0,0,desktop_chrome,Ahmedabad,Ahmedabad,2026-07-27T13:50:38.124880
pay_55453a37a1e846,mer_1001,cust_20044,4054.7,INR,upi,ICICI,captured,none,0,none,36.7,14,0,0,0,4.7,607,0,mobile_android,Ahmedabad,Kochi,2026-07-27T14:40:50.124880
pay_cc7d290abb4c4f,mer_1030,cust_20342,47629.49,INR,card_debit,AXIS,captured,none,0,none,37.1,14,0,0,0,84.12,0,0,desktop_safari,Kolkata,Kolkata,2026-07-27T14:41:02.124880
pay_903294a0a58443,mer_1037,cust_20224,1715.88,INR,netbanking,HDFC,captured,none,0,none,13.3,14,0,0,0,0.54,0,0,desktop_safari,Ahmedabad,Ahmedabad,2026-07-27T14:46:09.124880
pay_2dab1bb5d5c449,mer_1004,cust_20210,32631.26,INR,upi,HDFC,captured,none,0,none,34.8,14,0,0,0,61.58,0,0,mobile_ios,Bengaluru,Bengaluru,2026-07-27T14:49:34.124880
pay_6c8697acdaed44,mer_1002,cust_20309,50182.84,INR,upi,ICICI,failed,auth_timeout,0,none,38.5,14,0,0,0,94.89,0,0,desktop_safari,Ahmedabad,Ahmedabad,2026-07-27T14:55:12.124880
pay_0abd1659b84b49,mer_1021,cust_20145,76373.67,INR,card_credit,HDFC,captured,none,0,none,29.3,15,0,0,0,32.59,0,0,mobile_android,Jaipur,Jaipur,2026-07-27T15:44:44.124880
pay_75af79b7cea346,mer_1030,cust_20270,17853.35,INR,upi,HDFC,captured,none,0,none,29.2,15,0,0,1,11.94,0,0,desktop_chrome,Bengaluru,Bengaluru,2026-07-27T15:48:33.124880
pay_b0116c5b8ba545,mer_1026,cust_20347,68931.14,INR,upi,SBI,refunded,customer_return,0,none,25.2,15,0,0,1,12.72,0,0,mobile_ios,Bengaluru,Bengaluru,2026-07-27T15:50:54.124880
pay_5b1fb115db3640,mer_1022,cust_20411,885.68,INR,card_credit,HDFC,captured,none,0,none,21.4,16,0,0,0,1.21,669,0,desktop_safari,Bengaluru,Hyderabad,2026-07-27T16:03:12.124880
pay_4a7c540f677941,mer_1030,cust_20374,62580.45,INR,netbanking,HDFC,captured,none,0,none,34.6,16,0,0,0,51.68,0,0,desktop_chrome,Hyderabad,Hyderabad,2026-07-27T16:04:00.124880
pay_baa3e23ffbbc4e,mer_1014,cust_20058,45100.8,INR,upi,KOTAK,captured,none,0,none,36.9,16,0,0,1,13.2,0,0,desktop_safari,Mumbai,Mumbai,2026-07-27T16:04:33.124880
pay_f72bc6cf6e0d47,mer_1003,cust_20131,5305.81,INR,upi,ICICI,captured,none,0,none,27.0,16,0,0,0,4.5,0,0,mobile_android,Kolkata,Kolkata,2026-07-27T16:23:16.124880
pay_3bf398a08b5147,mer_1004,cust_20383,38883.41,INR,upi,AXIS,captured,none,0,none,34.5,16,0,0,0,23.37,0,0,desktop_safari,Kochi,Kochi,2026-07-27T16:25:02.124880
pay_1233c47a145047,mer_1032,cust_20329,33010.59,INR,card_debit,ICICI,captured,none,0,none,33.1,16,0,0,0,21.0,0,0,desktop_chrome,Pune,Pune,2026-07-27T16:33:24.124880
pay_5a6ab980649c46,mer_1029,cust_20158,499.75,INR,card_debit,ICICI,captured,none,0,none,15.3,16,0,0,0,0.29,0,0,desktop_chrome,Delhi NCR,Delhi NCR,2026-07-27T16:34:23.124880
pay_4e5f695b6e7645,mer_1025,cust_20404,23208.0,INR,card_debit,HDFC,captured,none,0,none,39.1,16,0,0,0,12.41,0,0,desktop_safari,Chennai,Chennai,2026-07-27T16:42:15.124880
pay_5c1dbbffa5eb46,mer_1012,cust_20103,5041.73,INR,upi,HDFC,captured,none,0,none,5.7,17,0,0,1,2.78,0,0,desktop_chrome,Kochi,Kochi,2026-07-27T17:05:09.124880
pay_5fe9250377fd4f,mer_1005,cust_20466,45502.96,INR,card_debit,AXIS,captured,none,0,none,34.3,17,0,0,0,20.02,0,0,desktop_windows,Pune,Pune,2026-07-27T17:18:09.124880
pay_340a00b8fc6a45,mer_1023,cust_20183,6100.78,INR,card_credit,SBI,captured,none,0,none,27.7,17,0,0,0,4.73,441,0,desktop_safari,Jaipur,Delhi NCR,2026-07-27T17:31:26.124880
pay_86df0f6c140b41,mer_1002,cust_20370,9904.0,INR,card_debit,HDFC,captured,none,0,none,27.9,17,0,0,0,14.62,0,0,desktop_chrome,Ahmedabad,Ahmedabad,2026-07-27T17:40:35.124880
pay_259d6df44c6f42,mer_1013,cust_20002,10532.59,INR,card_credit,AXIS,captured,none,0,none,34.0,17,0,0,0,35.11,0,0,mobile_android,Mumbai,Mumbai,2026-07-27T17:43:22.124880
pay_ed53cb1834d44f,mer_1022,cust_20013,1046.17,INR,upi,HDFC,captured,none,0,none,16.8,18,0,0,0,1.53,0,0,desktop_windows,Ahmedabad,Ahmedabad,2026-07-27T18:14:38.124880
pay_eaf610572f5447,mer_1029,cust_20509,560.09,INR,upi,SBI,captured,none,0,none,12.5,18,0,0,0,0.15,0,0,desktop_windows,Jaipur,Jaipur,2026-07-27T18:18:41.124880
pay_80a369dd519c4b,mer_1021,cust_20175,14268.05,INR,upi,ICICI,failed,issuer_bank_down,0,none,35.9,18,0,0,0,14.19,0,0,mobile_android,Hyderabad,Hyderabad,2026-07-27T18:33:16.124880
pay_11a9b6161f5747,mer_1011,cust_20155,18962.35,INR,card_credit,HDFC,captured,none,0,none,35.5,18,0,0,0,3.99,0,0,mobile_android,Pune,Pune,2026-07-27T18:53:36.124880
pay_a0f1e40056ba4e,mer_1026,cust_20239,53231.01,INR,upi,ICICI,captured,none,0,none,30.0,18,0,0,0,53.05,0,0,desktop_chrome,Chennai,Chennai,2026-07-27T18:56:32.124880
pay_a9431ddd7c7148,mer_1017,cust_20527,832.31,INR,upi,SBI,captured,none,0,none,17.8,19,0,0,1,0.53,0,0,desktop_windows,Jaipur,Jaipur,2026-07-27T19:02:35.124880
pay_b6afbde7c92d44,mer_1011,cust_20066,32438.44,INR,card_debit,HDFC,captured,none,0,none,26.7,19,0,0,0,26.04,0,0,desktop_chrome,Ahmedabad,Ahmedabad,2026-07-27T19:04:05.124880
pay_4f89db5f23ad45,mer_1024,cust_20552,3627.95,INR,upi,ICICI,captured,none,0,none,25.9,19,0,0,0,3.2,0,0,mobile_android,Kochi,Kochi,2026-07-27T19:08:46.124880
pay_ab5cd20c76d542,mer_1020,cust_20313,25570.01,INR,card_debit,AXIS,captured,none,0,none,32.2,19,0,0,0,17.16,0,0,desktop_windows,Delhi NCR,Delhi NCR,2026-07-27T19:11:49.124880
pay_dda821dfd35443,mer_1021,cust_20534,32836.88,INR,upi,SBI,captured,none,0,none,29.4,19,0,0,0,41.79,0,0,desktop_chrome,Kolkata,Kolkata,2026-07-27T19:18:36.124880
pay_9744ab4ed3a848,mer_1012,cust_20115,18288.53,INR,card_credit,SBI,captured,none,0,none,28.3,19,0,0,0,4.1,185,0,mobile_android,Kochi,Delhi NCR,2026-07-27T19:28:17.124880
pay_8b734c5312d749,mer_1008,cust_20289,80249.73,INR,card_credit,KOTAK,captured,none,0,none,36.4,19,0,0,0,28.97,0,0,mobile_android,Delhi NCR,Delhi NCR,2026-07-27T19:57:14.124880
pay_46225ba5418e49,mer_1038,cust_20285,30537.16,INR,card_credit,ICICI,captured,none,0,none,25.3,20,0,0,0,12.41,0,0,mobile_android,Hyderabad,Hyderabad,2026-07-27T20:12:14.124880
pay_c6742d20bd464e,mer_1011,cust_20003,9735.98,INR,upi,ICICI,captured,none,0,none,7.7,20,0,0,0,2.35,0,0,mobile_ios,Kolkata,Kolkata,2026-07-27T20:38:51.124880
pay_aafdb02b289142,mer_1016,cust_20543,2033.65,INR,netbanking,ICICI,captured,none,0,none,25.9,20,0,0,0,5.48,0,0,desktop_windows,Delhi NCR,Delhi NCR,2026-07-27T20:42:06.124880
pay_64743c5603c24d,mer_1029,cust_20408,2296.75,INR,upi,ICICI,captured,none,0,none,34.1,20,0,0,1,3.95,0,0,mobile_ios,Mumbai,Mumbai,2026-07-27T20:52:39.124880
pay_73d1621784d046,mer_1025,cust_20209,63924.57,INR,upi,ICICI,captured,none,0,none,31.8,21,0,0,0,79.19,0,0,desktop_windows,Hyderabad,Hyderabad,2026-07-27T21:04:11.124880
pay_db8aaf63e98145,mer_1016,cust_20445,13104.2,INR,card_credit,PAYTM_BANK,captured,none,0,none,26.5,21,0,0,0,7.86,0,0,mobile_ios,Pune,Pune,2026-07-27T21:04:44.124880
pay_db929a1ed63542,mer_1035,cust_20521,75319.15,INR,card_credit,HDFC,captured,none,0,none,39.1,21,0,0,0,88.65,0,0,desktop_windows,Hyderabad,Hyderabad,2026-07-27T21:10:58.124880
pay_865207872ce048,mer_1002,cust_20416,36057.59,INR,wallet,ICICI,captured,none,0,none,39.0,21,0,0,1,65.54,0,0,desktop_chrome,Ahmedabad,Ahmedabad,2026-07-27T21:23:28.124880
pay_2910c9fca3694c,mer_1034,cust_20103,1089.05,INR,card_debit,AXIS,captured,none,0,none,10.3,21,0,0,2,0.6,0,0,desktop_safari,Kochi,Kochi,2026-07-27T21:23:36.124880
pay_d10a4ecc826f4e,mer_1038,cust_20430,14403.02,INR,card_credit,ICICI,captured,none,0,none,30.9,21,0,0,0,40.12,0,0,mobile_android,Chennai,Chennai,2026-07-27T21:25:44.124880
pay_ec4bf6e4ea4046,mer_1024,cust_20409,4789.97,INR,upi,SBI,captured,none,0,none,27.4,21,0,0,0,3.73,0,0,desktop_safari,Delhi NCR,Delhi NCR,2026-07-27T21:39:02.124880
pay_a1220a007e674d,mer_1021,cust_20229,43513.06,INR,card_credit,SBI,captured,none,0,none,34.4,22,0,0,0,66.55,0,0,mobile_ios,Ahmedabad,Ahmedabad,2026-07-27T22:01:49.124880
pay_d1e05bd1e10144,mer_1010,cust_20422,3078.34,INR,upi,PAYTM_BANK,captured,none,0,none,35.2,22,0,0,0,7.47,0,0,mobile_android,Hyderabad,Hyderabad,2026-07-27T22:33:10.124880
pay_1bfc589d579342,mer_1017,cust_20573,1435.49,INR,upi,SBI,captured,none,0,none,21.9,22,0,0,0,0.55,546,0,desktop_windows,Ahmedabad,Jaipur,2026-07-27T22:36:05.124880
pay_dc3260a782604a,mer_1022,cust_20212,3422.56,INR,upi,SBI,failed,auth_timeout,0,none,34.9,22,0,0,0,5.72,0,0,desktop_windows,Mumbai,Mumbai,2026-07-27T22:50:25.124880
pay_1958ce120d9e4f,mer_1033,cust_20404,1063.29,INR,netbanking,ICICI,failed,issuer_bank_down,0,none,13.3,22,0,0,1,0.57,0,0,mobile_ios,Chennai,Chennai,2026-07-27T22:51:32.124880
pay_2a3ae86581d64a,mer_1004,cust_20019,22936.55,INR,card_debit,HDFC,captured,none,0,none,38.1,23,0,0,1,8.34,0,0,mobile_android,Pune,Pune,2026-07-27T23:01:07.124880
pay_c041f635575347,mer_1003,cust_20338,2460.84,INR,upi,SBI,refunded,customer_return,0,none,18.9,23,0,0,0,1.38,0,0,mobile_android,Mumbai,Mumbai,2026-07-27T23:02:07.124880
pay_3651ee9a6cf74b,mer_1029,cust_20380,696.93,INR,netbanking,HDFC,captured,none,0,none,10.3,23,0,0,0,0.33,0,0,desktop_safari,Ahmedabad,Ahmedabad,2026-07-27T23:04:25.124880
pay_bcacc7e4214a43,mer_1014,cust_20018,16165.14,INR,netbanking,KOTAK,captured,none,0,none,29.4,23,0,0,1,20.62,0,0,desktop_safari,Bengaluru,Bengaluru,2026-07-27T23:05:58.124880
pay_0e8c225349544c,mer_1029,cust_20584,2676.79,INR,upi,SBI,failed,issuer_bank_down,0,none,16.3,23,0,0,1,1.49,0,0,mobile_ios,Kolkata,Kolkata,2026-07-27T23:32:01.124880
pay_3fbec389d3504e,mer_1028,cust_20382,4941.4,INR,netbanking,HDFC,captured,none,0,none,29.1,0,1,0,0,16.47,0,0,mobile_ios,Delhi NCR,Delhi NCR,2026-07-28T00:02:00.124880
pay_5787c8458cea40,mer_1022,cust_20433,3903.84,INR,card_credit,KOTAK,captured,none,0,none,25.2,0,1,0,0,0.59,0,1,mobile_ios,Ahmedabad,Ahmedabad,2026-07-28T00:14:52.124880
pay_17278c3fee1141,mer_1039,cust_20447,46684.24,INR,netbanking,HDFC,captured,none,0,none,34.5,0,1,0,0,12.47,0,0,mobile_android,Delhi NCR,Delhi NCR,2026-07-28T00:25:33.124880
pay_8fe539c90bf44c,mer_1019,cust_20451,1863.2,INR,card_debit,HDFC,captured,none,0,none,7.6,0,1,0,0,1.17,0,0,desktop_chrome,Bengaluru,Bengaluru,2026-07-28T00:38:45.124880
pay_df92ae1f0eb64d,mer_1015,cust_20548,4952.02,INR,upi,HDFC,captured,none,0,none,5.0,0,1,0,0,1.16,0,0,mobile_ios,Hyderabad,Hyderabad,2026-07-28T00:44:29.124880
pay_c144ee0550c649,mer_1016,cust_20404,11001.26,INR,upi,HDFC,captured,none,0,none,27.4,0,1,0,2,5.88,0,0,mobile_ios,Chennai,Chennai,2026-07-28T00:47:21.124880
pay_10cede039d8d42,mer_1018,cust_20549,9859.23,INR,card_credit,SBI,captured,none,0,none,35.2,0,1,0,0,8.44,0,0,desktop_chrome,Mumbai,Mumbai,2026-07-28T00:51:08.124880
pay_ef1260360a1b4a,mer_1023,cust_20144,4222.81,INR,card_credit,HDFC,captured,none,0,none,32.9,0,1,0,0,4.38,0,0,mobile_android,Pune,Pune,2026-07-28T00:56:28.124880
pay_aa23898da1be4f,mer_1004,cust_20372,20143.22,INR,upi,HDFC,captured,none,0,none,46.2,1,1,0,0,58.02,0,0,mobile_ios,Kolkata,Kolkata,2026-07-28T01:01:14.124880
pay_f6e463df454e4d,mer_1019,cust_20115,705.54,INR,card_debit,AXIS,captured,none,0,none,18.0,1,1,0,1,0.16,0,0,desktop_safari,Kochi,Kochi,2026-07-28T01:03:23.124880
pay_e07a7f9ad5c74d,mer_1022,cust_20237,1010.56,INR,upi,ICICI,captured,none,0,none,29.7,1,1,0,0,0.51,0,0,mobile_android,Pune,Pune,2026-07-28T01:06:52.124880
pay_a829005c19c544,mer_1028,cust_20039,15134.23,INR,upi,ICICI,failed,insufficient_funds,0,none,41.5,1,1,0,0,14.18,0,0,mobile_ios,Delhi NCR,Delhi NCR,2026-07-28T01:12:12.124880
pay_650c1d05e97143,mer_1021,cust_20065,57223.65,INR,upi,HDFC,captured,none,0,none,36.5,1,1,0,0,77.69,0,0,desktop_chrome,Mumbai,Mumbai,2026-07-28T01:12:24.124880
pay_4cd53b290dbd47,mer_1037,cust_20110,930.98,INR,upi,SBI,captured,none,0,none,23.8,1,1,0,0,0.86,0,0,desktop_safari,Kochi,Kochi,2026-07-28T01:15:32.124880
pay_98de9b14cbf848,mer_1005,cust_20318,13891.69,INR,upi,AXIS,captured,none,0,none,23.8,1,1,0,0,3.0,0,0,desktop_safari,Chennai,Chennai,2026-07-28T01:30:35.124880
pay_3484445a5de443,mer_1002,cust_20038,47600.73,INR,upi,ICICI,captured,none,0,none,36.3,1,1,0,0,123.51,0,0,mobile_ios,Kochi,Kochi,2026-07-28T01:39:22.124880
pay_72c5f687ee4941,mer_1039,cust_20420,15982.37,INR,card_credit,HDFC,captured,none,0,none,48.5,1,1,0,0,30.48,0,0,desktop_windows,Kolkata,Kolkata,2026-07-28T01:41:03.124880
pay_418ddea388b749,mer_1040,cust_20469,30567.8,INR,card_credit,ICICI,captured,none,0,none,36.9,1,1,0,0,56.26,0,0,desktop_chrome,Kochi,Kochi,2026-07-28T01:56:12.124880
pay_66e6690bde8e43,mer_1034,cust_20114,784.04,INR,card_debit,HDFC,captured,none,0,none,16.1,2,1,0,0,0.3,0,0,desktop_windows,Pune,Pune,2026-07-28T02:11:36.124880
pay_28ac178705d04f,mer_1009,cust_20307,60057.67,INR,upi,HDFC,captured,none,0,none,39.9,2,1,0,0,200.19,0,0,desktop_chrome,Kolkata,Kolkata,2026-07-28T02:22:34.124880
pay_0c658ed2f1844f,mer_1007,cust_20273,49655.73,INR,card_debit,HDFC,captured,none,0,none,35.4,2,1,0,0,45.33,0,0,desktop_windows,Ahmedabad,Ahmedabad,2026-07-28T02:50:58.124880
pay_ebd1558c6e1f40,mer_1034,cust_20515,3028.74,INR,upi,ICICI,captured,none,0,none,35.2,2,1,0,0,10.1,0,0,desktop_safari,Jaipur,Jaipur,2026-07-28T02:57:01.124880
pay_789d88a791b345,mer_1002,cust_20587,10607.89,INR,card_credit,HDFC,captured,none,0,none,46.8,3,1,0,0,19.09,452,0,desktop_safari,Mumbai,Chennai,2026-07-28T03:12:12.124880
pay_2a99a08e2e7d4d,mer_1006,cust_20321,4211.38,INR,card_credit,ICICI,captured,none,1,account_takeover,75.5,3,1,0,0,2.71,0,1,desktop_chrome,Delhi NCR,Delhi NCR,2026-07-28T03:16:26.124880
pay_d8235675489041,mer_1008,cust_20125,7757.81,INR,card_credit,AXIS,captured,none,0,none,39.7,3,1,0,1,6.71,0,0,desktop_windows,Mumbai,Mumbai,2026-07-28T03:22:33.124880
pay_58c2b9ad21f14d,mer_1008,cust_20250,6988.8,INR,card_credit,HDFC,captured,none,0,none,48.2,3,1,0,0,23.3,0,0,desktop_windows,Kolkata,Kolkata,2026-07-28T03:23:53.124880
pay_a41af3ad47a64e,mer_1020,cust_20218,5554.92,INR,card_credit,HDFC,captured,none,0,none,41.6,3,1,0,0,4.28,0,0,desktop_safari,Jaipur,Jaipur,2026-07-28T03:24:03.124880
pay_9bfa3717720c4d,mer_1014,cust_20358,23742.8,INR,upi,SBI,captured,none,0,none,47.6,3,1,0,0,9.94,0,0,mobile_android,Mumbai,Mumbai,2026-07-28T03:30:18.124880
pay_6ce6dd90e0714c,mer_1028,cust_20093,6563.3,INR,upi,KOTAK,captured,none,0,none,28.2,3,1,0,0,1.51,0,0,desktop_safari,Hyderabad,Hyderabad,2026-07-28T03:34:56.124880
pay_8ac0d3c0f60c45,mer_1007,cust_20389,47669.04,INR,upi,ICICI,failed,issuer_bank_down,0,none,43.9,3,1,0,0,122.91,0,0,mobile_ios,Kolkata,Kolkata,2026-07-28T03:50:59.124880
pay_37e3c1b5f61d45,mer_1025,cust_20420,26708.78,INR,upi,KOTAK,captured,none,0,none,44.4,3,1,0,1,50.93,0,0,mobile_android,Kolkata,Kolkata,2026-07-28T03:57:40.124880
pay_6ca3b837ab5c43,mer_1030,cust_20332,52348.89,INR,card_credit,HDFC,captured,none,0,none,37.8,4,1,0,0,33.8,0,0,desktop_chrome,Delhi NCR,Delhi NCR,2026-07-28T04:02:22.124880
pay_ca9d9f244ddb4c,mer_1036,cust_20560,10856.36,INR,upi,ICICI,captured,none,0,none,45.1,4,1,0,0,3.66,0,0,mobile_ios,Bengaluru,Bengaluru,2026-07-28T04:29:33.124880
pay_84c7b2201b0645,mer_1030,cust_20119,57152.57,INR,upi,ICICI,captured,none,0,none,47.9,4,1,0,0,18.48,0,0,desktop_windows,Kolkata,Kolkata,2026-07-28T04:42:55.124880
pay_f065713531dd40,mer_1039,cust_20004,29195.22,INR,card_credit,HDFC,captured,none,0,none,47.8,4,1,0,0,8.02,0,0,desktop_chrome,Ahmedabad,Ahmedabad,2026-07-28T04:57:04.124880
pay_4ceb353016ba41,mer_1016,cust_20337,13222.15,INR,upi,AXIS,captured,none,0,none,26.8,5,1,0,0,36.66,0,0,mobile_android,Ahmedabad,Ahmedabad,2026-07-28T05:04:09.124880
pay_2c78d141e52c4a,mer_1007,cust_20393,73433.71,INR,card_debit,AXIS,captured,none,0,none,42.0,5,1,0,0,39.52,576,0,desktop_windows,Chennai,Pune,2026-07-28T05:14:30.124880
pay_b64129afbe1545,mer_1023,cust_20525,3904.33,INR,upi,HDFC,failed,incorrect_otp,0,none,39.1,5,1,0,1,13.01,0,0,mobile_android,Jaipur,Jaipur,2026-07-28T05:30:48.124880
pay_bfb6c2b99ec24d,mer_1023,cust_20198,2948.59,INR,upi,SBI,failed,issuer_bank_down,0,none,34.8,5,1,0,0,3.61,0,0,desktop_chrome,Pune,Pune,2026-07-28T05:38:31.124880
pay_f42c6381a1f24e,mer_1011,cust_20239,31491.41,INR,netbanking,SBI,failed,risk_blocked,1,account_takeover,90.9,5,1,0,1,31.38,0,1,desktop_chrome,Chennai,Chennai,2026-07-28T05:46:45.124880
pay_6c71ee97d57d4a,mer_1038,cust_20279,17231.95,INR,upi,HDFC,captured,none,0,none,34.5,5,1,0,1,17.25,0,0,mobile_android,Mumbai,Mumbai,2026-07-28T05:50:13.124880
pay_0247e3832f974b,mer_1010,cust_20148,4131.66,INR,card_debit,ICICI,captured,none,0,none,8.1,6,1,0,0,2.39,0,0,desktop_safari,Kolkata,Kolkata,2026-07-28T06:03:41.124880
pay_24f93282606845,mer_1012,cust_20383,13327.19,INR,upi,ICICI,captured,none,0,none,25.5,6,1,0,1,8.01,0,0,mobile_ios,Kochi,Kochi,2026-07-28T06:09:07.124880
pay_ba56b583f8994c,mer_1020,cust_20392,15600.24,INR,upi,HDFC,captured,none,0,none,30.0,6,1,0,0,12.19,0,0,mobile_ios,Jaipur,Jaipur,2026-07-28T06:13:11.124880
pay_71dbe740806549,mer_1016,cust_20401,13627.56,INR,netbanking,ICICI,captured,none,0,none,29.7,6,1,0,0,3.59,0,0,desktop_windows,Delhi NCR,Delhi NCR,2026-07-28T06:19:56.124880
pay_64def642e60f4d,mer_1004,cust_20099,44211.41,INR,upi,HDFC,captured,none,0,none,36.4,6,1,0,0,77.69,592,0,mobile_android,Kolkata,Ahmedabad,2026-07-28T06:28:36.124880
pay_f520b6ac149846,mer_1014,cust_20554,33841.45,INR,card_debit,ICICI,captured,none,0,none,48.8,6,1,0,0,15.76,1165,0,mobile_android,Pune,Kolkata,2026-07-28T06:53:09.124880
pay_79f2233973c74f,mer_1018,cust_20418,2212.73,INR,card_debit,PAYTM_BANK,captured,none,0,none,11.1,6,1,0,0,0.95,0,0,desktop_safari,Kochi,Kochi,2026-07-28T06:56:00.124880
pay_89c5c49f594f42,mer_1010,cust_20231,7428.83,INR,card_debit,HDFC,captured,none,0,none,33.8,7,1,0,0,8.62,0,0,desktop_safari,Kolkata,Kolkata,2026-07-28T07:13:01.124880
pay_438addd5ab2243,mer_1006,cust_20146,24931.46,INR,wallet,KOTAK,captured,none,0,none,34.3,7,1,0,0,5.77,0,0,desktop_safari,Kolkata,Kolkata,2026-07-28T07:15:52.124880
pay_fc79fecc537541,mer_1014,cust_20188,14472.56,INR,upi,SBI,captured,none,0,none,35.2,7,1,0,0,7.23,0,0,desktop_safari,Delhi NCR,Delhi NCR,2026-07-28T07:29:36.124880
pay_467e66ce836548,mer_1018,cust_20354,7231.51,INR,card_debit,ICICI,captured,none,0,none,37.6,7,1,0,0,4.97,367,0,mobile_android,Delhi NCR,Mumbai,2026-07-28T07:31:41.124880
pay_ffaa3b31ec0b4b,mer_1011,cust_20441,31826.38,INR,upi,ICICI,captured,none,0,none,32.7,7,1,0,1,15.93,0,0,desktop_safari,Chennai,Chennai,2026-07-28T07:51:47.124880
pay_702115e0d03a42,mer_1027,cust_20130,311.95,INR,upi,ICICI,captured,none,0,none,19.6,8,1,0,0,0.16,0,0,desktop_chrome,Jaipur,Jaipur,2026-07-28T08:16:03.124880
pay_8a4baa354f6746,mer_1037,cust_20113,3220.96,INR,card_credit,ICICI,captured,none,0,none,36.5,8,1,0,0,5.8,239,0,desktop_windows,Kolkata,Pune,2026-07-28T08:29:58.124880
pay_5c61eca7817a47,mer_1013,cust_20403,7356.84,INR,card_credit,SBI,captured,none,0,none,39.3,8,1,0,0,12.52,0,0,desktop_windows,Pune,Pune,2026-07-28T08:33:17.124880
pay_0bc3e67a68f740,mer_1033,cust_20162,2491.19,INR,upi,ICICI,captured,none,0,none,15.3,8,1,0,0,1.31,0,0,mobile_android,Mumbai,Mumbai,2026-07-28T08:49:44.124880
pay_272131f752d943,mer_1010,cust_20015,7831.08,INR,upi,ICICI,captured,none,0,none,8.6,8,1,0,0,2.54,187,0,desktop_safari,Delhi NCR,Bengaluru,2026-07-28T08:54:09.124880
pay_94cc1c9cf6364b,mer_1008,cust_20005,67545.66,INR,upi,ICICI,captured,none,0,none,36.3,8,1,0,0,81.09,393,0,mobile_android,Jaipur,Pune,2026-07-28T08:58:01.124880
pay_7b656b4946bc45,mer_1010,cust_20241,8230.49,INR,upi,ICICI,captured,none,0,none,33.1,9,1,0,0,7.98,0,0,desktop_windows,Delhi NCR,Delhi NCR,2026-07-28T09:08:59.124880
pay_26c84188cce74e,mer_1022,cust_20308,574.09,INR,upi,AXIS,failed,auth_timeout,0,none,17.6,9,1,0,0,0.83,0,0,desktop_chrome,Chennai,Chennai,2026-07-28T09:10:52.124880
pay_36c0160f84cb41,mer_1038,cust_20528,24569.56,INR,upi,HDFC,captured,none,0,none,34.9,9,1,0,0,50.22,0,0,desktop_safari,Pune,Pune,2026-07-28T09:17:15.124880
pay_477039489c4146,mer_1036,cust_20379,9206.25,INR,card_credit,ICICI,captured,none,0,none,25.2,9,1,0,0,5.9,0,0,mobile_android,Mumbai,Mumbai,2026-07-28T09:18:34.124880
pay_1593b371aebd4f,mer_1024,cust_20209,2920.35,INR,upi,HDFC,captured,none,0,none,31.1,9,1,0,1,3.62,0,0,desktop_windows,Hyderabad,Hyderabad,2026-07-28T09:23:59.124880
pay_4c48f30f5df64f,mer_1029,cust_20152,1309.2,INR,card_credit,HDFC,captured,none,0,none,27.6,9,1,0,0,1.09,0,1,mobile_ios,Ahmedabad,Ahmedabad,2026-07-28T09:26:23.124880
pay_362575af0caa45,mer_1009,cust_20228,77962.28,INR,upi,SBI,captured,none,0,none,35.3,9,1,0,0,87.15,0,0,mobile_ios,Delhi NCR,Delhi NCR,2026-07-28T09:33:16.124880
pay_84274639299548,mer_1009,cust_20479,48137.86,INR,upi,KOTAK,failed,issuer_bank_down,0,none,34.3,9,1,0,0,64.18,0,0,mobile_ios,Ahmedabad,Ahmedabad,2026-07-28T09:59:13.124880
pay_fbd0719dd6ce4d,mer_1036,cust_20143,28001.0,INR,card_credit,ICICI,failed,auth_timeout,0,none,38.4,10,1,0,0,29.93,0,0,desktop_chrome,Hyderabad,Hyderabad,2026-07-28T10:05:27.124880
pay_b29f3567d9d841,mer_1008,cust_20033,18281.1,INR,upi,SBI,captured,none,0,none,35.9,10,1,0,0,8.26,0,0,mobile_ios,Chennai,Chennai,2026-07-28T10:20:24.124880
pay_80704093bcb44b,mer_1012,cust_20206,39631.42,INR,wallet,HDFC,captured,none,0,none,35.7,10,1,0,0,33.36,0,0,mobile_ios,Jaipur,Jaipur,2026-07-28T10:25:01.124880
pay_ff63dbaa99b044,mer_1001,cust_20510,2001.62,INR,card_credit,ICICI,captured,none,0,none,9.6,10,1,0,0,1.0,0,0,desktop_chrome,Mumbai,Mumbai,2026-07-28T10:49:13.124880
pay_e207305678ec40,mer_1012,cust_20148,12841.39,INR,wallet,ICICI,refunded,customer_return,0,none,32.5,10,1,0,1,7.42,0,0,mobile_android,Kolkata,Kolkata,2026-07-28T10:58:39.124880
pay_a5fd501ecab247,mer_1014,cust_20317,13165.08,INR,upi,HDFC,captured,none,0,none,35.2,11,1,0,0,3.87,0,0,desktop_safari,Jaipur,Jaipur,2026-07-28T11:03:36.124880
pay_f8663fc4b77844,mer_1030,cust_20188,50430.54,INR,upi,PAYTM_BANK,captured,none,0,none,29.1,11,1,0,1,25.2,0,0,desktop_chrome,Delhi NCR,Delhi NCR,2026-07-28T11:46:12.124880
pay_333fbbafdaa249,mer_1005,cust_20453,47500.79,INR,netbanking,ICICI,captured,none,0,none,33.7,12,1,0,0,47.14,0,0,desktop_chrome,Kochi,Kochi,2026-07-28T12:06:37.124880
pay_cf31b26c8c1040,mer_1014,cust_20371,47337.7,INR,upi,ICICI,captured,none,0,none,28.1,12,1,0,0,22.78,0,0,desktop_chrome,Kolkata,Kolkata,2026-07-28T12:06:52.124880
pay_b870b46223f746,mer_1004,cust_20315,35324.96,INR,card_credit,AXIS,captured,none,0,none,36.1,12,1,0,0,21.44,0,0,desktop_chrome,Ahmedabad,Ahmedabad,2026-07-28T12:30:12.124880
pay_2efbfb37d23846,mer_1023,cust_20168,2127.05,INR,upi,ICICI,captured,none,0,none,14.2,12,1,0,0,1.71,0,0,desktop_chrome,Ahmedabad,Ahmedabad,2026-07-28T12:32:42.124880
pay_420b5039981044,mer_1013,cust_20560,17999.6,INR,card_credit,ICICI,captured,none,0,none,38.1,12,1,0,1,6.06,0,0,mobile_ios,Bengaluru,Bengaluru,2026-07-28T12:37:53.124880
pay_e12d35f46da945,mer_1033,cust_20184,1634.22,INR,card_credit,ICICI,captured,none,0,none,26.5,12,1,0,0,5.45,0,0,desktop_safari,Chennai,Chennai,2026-07-28T12:57:05.124880
pay_5a85455b701f47,mer_1007,cust_20045,69226.07,INR,upi,HDFC,captured,none,0,none,34.2,13,1,0,0,72.27,0,0,mobile_ios,Hyderabad,Hyderabad,2026-07-28T13:06:21.124880
pay_966d204d9f6641,mer_1034,cust_20435,2128.79,INR,upi,KOTAK,captured,none,0,none,28.0,13,1,0,0,3.01,0,0,desktop_safari,Ahmedabad,Ahmedabad,2026-07-28T13:13:44.124880
pay_f61391b5445148,mer_1039,cust_20458,33584.06,INR,card_credit,SBI,captured,none,0,none,28.6,13,1,0,0,56.18,216,0,mobile_ios,Bengaluru,Pune,2026-07-28T13:16:53.124880
pay_6455d0bf63ed4c,mer_1032,cust_20102,29359.62,INR,card_credit,ICICI,captured,none,0,none,30.3,13,1,0,0,12.33,0,0,desktop_safari,Pune,Pune,2026-07-28T13:18:04.124880
pay_2517ee8a87fc45,mer_1040,cust_20053,25076.31,INR,card_credit,HDFC,refunded,customer_return,0,none,26.8,13,1,0,0,7.3,0,0,desktop_windows,Bengaluru,Bengaluru,2026-07-28T13:23:25.124880
pay_74e25b6ccb2042,mer_1014,cust_20449,8441.27,INR,upi,ICICI,refunded,customer_return,0,none,27.1,13,1,0,0,23.16,0,0,desktop_windows,Chennai,Chennai,2026-07-28T13:36:07.124880
pay_badd11538f3344,mer_1030,cust_20058,67785.98,INR,card_credit,ICICI,captured,none,0,none,35.2,13,1,0,1,19.84,377,0,desktop_safari,Mumbai,Jaipur,2026-07-28T13:37:41.124880
pay_082b3fd8843f4a,mer_1038,cust_20394,7091.35,INR,upi,ICICI,captured,none,0,none,7.7,14,1,0,0,2.31,0,0,desktop_safari,Chennai,Chennai,2026-07-28T14:29:11.124880
pay_1078e435fc5e4c,mer_1019,cust_20561,3107.7,INR,upi,SBI,captured,none,0,none,37.0,14,1,0,0,5.08,0,0,mobile_android,Hyderabad,Hyderabad,2026-07-28T14:38:11.124880
pay_4db786ad40d64e,mer_1009,cust_20219,17474.54,INR,netbanking,PAYTM_BANK,captured,none,0,none,52.7,14,1,0,0,7.41,0,1,desktop_safari,Kolkata,Kolkata,2026-07-28T14:55:10.124880
pay_b72266f8ffb74e,mer_1017,cust_20408,2180.11,INR,card_credit,HDFC,captured,none,0,none,30.5,15,1,0,1,3.75,0,0,mobile_android,Mumbai,Mumbai,2026-07-28T15:07:52.124880
pay_e7d1b15c5c6540,mer_1010,cust_20092,7862.41,INR,upi,SBI,captured,none,0,none,39.1,15,1,0,0,7.34,0,0,mobile_android,Pune,Pune,2026-07-28T15:17:02.124880
pay_cbf5a3b1eaa748,mer_1034,cust_20265,4603.24,INR,netbanking,HDFC,captured,none,0,none,12.6,15,1,0,0,1.71,0,0,mobile_ios,Kochi,Kochi,2026-07-28T15:40:23.124880
pay_02d5ffd494604c,mer_1015,cust_20025,3868.88,INR,upi,KOTAK,failed,incorrect_otp,0,none,30.7,16,1,0,0,4.91,0,0,desktop_chrome,Chennai,Chennai,2026-07-28T16:19:20.124880
pay_60dbe42218424a,mer_1024,cust_20564,3947.74,INR,wallet,SBI,captured,none,0,none,26.4,16,1,0,0,7.27,0,0,desktop_windows,Pune,Pune,2026-07-28T16:33:11.124880
pay_7da6ef52c41d45,mer_1021,cust_20018,24906.13,INR,card_debit,AXIS,captured,none,0,none,37.8,16,1,0,1,31.77,0,0,desktop_safari,Bengaluru,Bengaluru,2026-07-28T16:40:05.124880
pay_ddb2c42eed4549,mer_1008,cust_20328,31673.78,INR,upi,ICICI,captured,none,0,none,28.5,16,1,0,0,11.27,0,0,mobile_android,Delhi NCR,Delhi NCR,2026-07-28T16:51:51.124880
pay_843dc574422b4c,mer_1024,cust_20577,2772.84,INR,upi,HDFC,captured,none,0,none,16.8,16,1,0,0,1.41,0,0,desktop_windows,Ahmedabad,Ahmedabad,2026-07-28T16:58:36.124880
pay_a068293f99394d,mer_1028,cust_20379,6403.08,INR,card_debit,ICICI,captured,none,0,none,26.8,17,1,0,1,4.1,0,0,mobile_android,Mumbai,Mumbai,2026-07-28T17:06:58.124880
pay_21b8a517261148,mer_1025,cust_20270,93124.36,INR,card_debit,ICICI,captured,none,0,none,33.0,17,1,0,0,62.27,0,0,mobile_ios,Bengaluru,Bengaluru,2026-07-28T17:09:36.124880
pay_1af67f8dd3f44e,mer_1012,cust_20453,17845.24,INR,upi,HDFC,captured,none,0,none,30.9,17,1,0,1,17.71,0,0,desktop_safari,Kochi,Kochi,2026-07-28T17:16:16.124880
pay_12ab7872b5114a,mer_1034,cust_20413,1017.64,INR,wallet,AXIS,captured,none,0,none,18.4,17,1,0,0,2.03,0,0,desktop_safari,Jaipur,Jaipur,2026-07-28T17:36:09.124880
pay_d3d62aca2dbc44,mer_1014,cust_20148,33594.87,INR,upi,HDFC,captured,none,0,none,38.4,18,1,0,2,19.41,0,0,desktop_safari,Kolkata,Kolkata,2026-07-28T18:05:45.124880
pay_ffd5d4b411a841,mer_1028,cust_20517,7149.29,INR,card_debit,SBI,captured,none,0,none,15.9,18,1,0,0,2.21,1208,0,desktop_windows,Jaipur,Pune,2026-07-28T18:43:07.124880
pay_1114d933c69141,mer_1022,cust_20380,1457.95,INR,card_debit,HDFC,captured,none,0,none,19.4,19,1,0,1,0.68,0,0,mobile_ios,Ahmedabad,Ahmedabad,2026-07-28T19:06:23.124880
pay_5a85740e4e7e44,mer_1021,cust_20461,2396.37,INR,upi,HDFC,captured,none,0,none,15.7,19,1,0,0,2.4,0,0,desktop_safari,Kolkata,Kolkata,2026-07-28T19:16:44.124880
pay_6bcd2fc1b8dd41,mer_1023,cust_20261,5611.06,INR,upi,AXIS,captured,none,0,none,17.6,19,1,0,0,2.66,0,0,desktop_chrome,Chennai,Chennai,2026-07-28T19:23:50.124880
pay_6d1066428add47,mer_1030,cust_20212,17512.02,INR,upi,SBI,captured,none,0,none,34.1,19,1,0,1,29.29,0,0,mobile_android,Mumbai,Mumbai,2026-07-28T19:38:56.124880
pay_6c9efd42109e43,mer_1032,cust_20110,16088.2,INR,upi,HDFC,captured,none,0,none,27.6,19,1,0,1,14.87,0,0,desktop_chrome,Kochi,Kochi,2026-07-28T19:50:43.124880
pay_1c6837cc679240,mer_1007,cust_20436,56707.2,INR,wallet,HDFC,captured,none,0,none,25.2,19,1,0,0,40.4,0,0,desktop_safari,Bengaluru,Bengaluru,2026-07-28T19:53:30.124880
pay_ea6d1ed27c7541,mer_1018,cust_20189,10387.96,INR,card_credit,HDFC,refunded,customer_return,0,none,28.2,20,1,0,0,5.77,0,0,desktop_safari,Kolkata,Kolkata,2026-07-28T20:18:56.124880
pay_f5f17b82e9984e,mer_1006,cust_20410,41241.21,INR,netbanking,ICICI,captured,none,0,none,31.9,20,1,0,0,22.41,0,0,desktop_chrome,Mumbai,Mumbai,2026-07-28T20:34:38.124880
pay_8870d2b7c88648,mer_1017,cust_20287,467.15,INR,upi,HDFC,captured,none,0,none,19.4,20,1,0,0,0.24,0,0,desktop_safari,Chennai,Chennai,2026-07-28T20:47:55.124880
pay_f0941bb5abfd48,mer_1003,cust_20408,458.93,INR,card_debit,ICICI,captured,none,0,none,14.1,21,1,0,1,0.79,0,0,desktop_windows,Mumbai,Mumbai,2026-07-28T21:25:30.124880
pay_36248760a4e848,mer_1009,cust_20474,43643.09,INR,card_credit,PAYTM_BANK,captured,none,0,none,33.4,21,1,0,0,72.08,391,0,mobile_ios,Chennai,Kochi,2026-07-28T21:42:16.124880
pay_3d25e85789ab49,mer_1028,cust_20061,6587.92,INR,upi,ICICI,captured,none,0,none,29.0,21,1,0,0,6.49,0,0,mobile_ios,Ahmedabad,Ahmedabad,2026-07-28T21:47:18.124880
pay_ed303455de3e4d,mer_1038,cust_20383,24685.2,INR,upi,SBI,captured,none,0,none,40.7,21,1,0,1,14.84,0,1,desktop_safari,Kochi,Kochi,2026-07-28T21:59:52.124880
pay_514fd4cb96fc49,mer_1001,cust_20106,770.79,INR,card_credit,AXIS,captured,none,0,none,8.6,22,1,0,0,0.63,0,0,desktop_chrome,Chennai,Chennai,2026-07-28T22:08:07.124880
pay_8ad7750c64394c,mer_1003,cust_20287,239.89,INR,upi,ICICI,captured,none,0,none,6.0,22,1,0,1,0.12,0,0,mobile_ios,Chennai,Chennai,2026-07-28T22:24:09.124880
pay_da4e663cf32e47,mer_1010,cust_20384,3663.73,INR,netbanking,AXIS,captured,none,0,none,43.3,22,1,0,0,6.84,841,0,mobile_android,Bengaluru,Hyderabad,2026-07-28T22:24:31.124880
pay_096e18d1cbdb46,mer_1036,cust_20292,12360.95,INR,card_credit,HDFC,captured,none,0,none,25.1,22,1,0,0,8.13,0,0,mobile_ios,Jaipur,Jaipur,2026-07-28T22:30:45.124880
pay_ee91c2645ea142,mer_1035,cust_20028,49394.1,INR,upi,SBI,captured,none,0,none,36.7,22,1,0,0,116.43,0,0,desktop_chrome,Hyderabad,Hyderabad,2026-07-28T22:32:26.124880
pay_3b79c28066c04c,mer_1039,cust_20403,24111.35,INR,upi,AXIS,captured,none,0,none,37.4,22,1,0,1,41.04,647,0,desktop_safari,Pune,Delhi NCR,2026-07-28T22:38:04.124880
pay_9a265c1f65fd43,mer_1001,cust_20394,1183.91,INR,upi,SBI,captured,none,0,none,6.1,22,1,0,1,0.39,0,0,desktop_windows,Chennai,Chennai,2026-07-28T22:59:01.124880
pay_a437510e5a2a4b,mer_1015,cust_20103,2430.5,INR,upi,HDFC,captured,none,0,none,10.7,23,1,0,0,1.34,0,0,desktop_chrome,Kochi,Kochi,2026-07-28T23:06:30.124880
pay_67ac1e9a3eb64c,mer_1010,cust_20027,4276.12,INR,netbanking,ICICI,captured,none,0,none,15.9,23,1,0,0,1.78,1364,0,desktop_windows,Kolkata,Kochi,2026-07-28T23:08:04.124880
pay_21930834792d47,mer_1011,cust_20109,36847.55,INR,upi,SBI,captured,none,0,none,25.7,23,1,0,0,4.45,0,0,mobile_ios,Delhi NCR,Delhi NCR,2026-07-28T23:10:37.124880
pay_8f11f5ac9ccf49,mer_1029,cust_20497,471.72,INR,netbanking,ICICI,captured,none,0,none,13.2,23,1,0,0,0.17,0,0,desktop_chrome,Hyderabad,Hyderabad,2026-07-28T23:23:09.124880
pay_ba596be53ca94a,mer_1017,cust_20330,355.16,INR,card_credit,ICICI,captured,none,0,none,25.7,23,1,0,0,0.3,0,1,desktop_windows,Mumbai,Mumbai,2026-07-28T23:24:37.124880
pay_54ecfb711fb348,mer_1037,cust_20204,3947.59,INR,wallet,AXIS,captured,none,0,none,10.1,23,1,0,0,1.37,0,0,mobile_android,Kochi,Kochi,2026-07-28T23:25:25.124880
pay_de05c33375eb4d,mer_1035,cust_20297,70308.63,INR,wallet,HDFC,captured,none,0,none,39.6,23,1,0,0,24.65,0,0,desktop_windows,Chennai,Chennai,2026-07-28T23:27:08.124880
pay_aeea19040fc64b,mer_1021,cust_20448,30907.07,INR,card_credit,ICICI,captured,none,0,none,29.6,23,1,0,0,12.58,0,0,desktop_safari,Chennai,Chennai,2026-07-28T23:28:27.124880
pay_4e07e479560746,mer_1014,cust_20327,23939.17,INR,card_credit,HDFC,captured,none,0,none,35.9,23,1,0,0,79.8,0,0,desktop_chrome,Pune,Pune,2026-07-28T23:30:17.124880
pay_c5703a631f2c47,mer_1026,cust_20173,39940.49,INR,card_debit,PAYTM_BANK,captured,none,0,none,36.9,23,1,0,0,15.27,0,0,mobile_ios,Delhi NCR,Delhi NCR,2026-07-28T23:42:08.124880
pay_f14fbd89662e43,mer_1016,cust_20281,13295.86,INR,upi,ICICI,failed,incorrect_otp,0,none,48.4,23,1,0,0,24.46,957,0,desktop_safari,Ahmedabad,Kolkata,2026-07-28T23:51:16.124880
pay_4fc4f7f59ca142,mer_1004,cust_20595,6583.54,INR,upi,HDFC,captured,none,0,none,43.7,23,1,0,0,6.3,0,1,mobile_ios,Kochi,Kochi,2026-07-28T23:53:16.124880
pay_7331b5652f2940,mer_1013,cust_20552,15285.56,INR,card_credit,HDFC,captured,none,0,none,32.9,23,1,0,0,13.46,0,0,mobile_android,Kochi,Kochi,2026-07-28T23:56:03.124880
pay_50ae0c0a3bb247,mer_1030,cust_20498,21380.76,INR,card_credit,ICICI,captured,none,0,none,29.2,0,2,0,0,7.37,0,0,mobile_android,Chennai,Chennai,2026-07-29T00:10:02.124880
pay_5715e8b9d4194b,mer_1034,cust_20363,1059.36,INR,upi,ICICI,captured,none,0,none,18.0,0,2,0,0,1.11,0,0,desktop_safari,Chennai,Chennai,2026-07-29T00:17:32.124880
pay_9f58c9243fba4c,mer_1013,cust_20421,32789.2,INR,upi,SBI,captured,none,0,none,38.5,0,2,0,0,85.36,0,0,desktop_chrome,Kolkata,Kolkata,2026-07-29T00:18:34.124880
pay_b6e571d6938a41,mer_1019,cust_20120,963.76,INR,netbanking,HDFC,captured,none,0,none,11.3,0,2,0,0,0.05,0,0,desktop_safari,Chennai,Chennai,2026-07-29T00:28:21.124880
pay_0b50c8006a5b41,mer_1014,cust_20258,49539.07,INR,card_credit,HDFC,captured,none,0,none,31.6,0,2,0,0,68.62,0,0,desktop_safari,Kochi,Kochi,2026-07-29T00:32:43.124880
pay_3899b714c88f49,mer_1006,cust_20507,11050.75,INR,card_credit,ICICI,captured,none,0,none,42.4,0,2,0,0,19.7,737,0,desktop_safari,Bengaluru,Delhi NCR,2026-07-29T00:35:21.124880
pay_ba15dd9cc1104d,mer_1015,cust_20276,4002.61,INR,upi,AXIS,captured,none,0,none,13.0,0,2,0,0,2.95,0,0,desktop_windows,Hyderabad,Hyderabad,2026-07-29T00:41:22.124880
pay_e96dab2fc2fa4b,mer_1015,cust_20388,2320.01,INR,card_debit,HDFC,captured,none,0,none,15.2,1,2,0,0,1.29,0,0,desktop_windows,Chennai,Chennai,2026-07-29T01:04:08.124880
pay_9a5a6de4b72e4b,mer_1001,cust_20348,2929.61,INR,upi,AXIS,captured,none,0,none,15.2,1,2,0,0,2.94,0,0,mobile_android,Kolkata,Kolkata,2026-07-29T01:08:22.124880
pay_b0a7b72ab3714a,mer_1003,cust_20596,513.55,INR,card_debit,ICICI,captured,none,0,none,32.8,1,2,0,0,0.18,1476,0,mobile_android,Hyderabad,Ahmedabad,2026-07-29T01:09:31.124880
pay_1992ccf1cd4e4c,mer_1018,cust_20218,6357.46,INR,upi,ICICI,captured,none,0,none,45.2,1,2,0,1,4.9,0,0,desktop_chrome,Jaipur,Jaipur,2026-07-29T01:11:12.124880
pay_0ef3839ac22542,mer_1025,cust_20240,85479.07,INR,upi,KOTAK,captured,none,0,none,49.1,1,2,0,0,106.38,0,0,mobile_android,Bengaluru,Bengaluru,2026-07-29T01:17:22.124880
pay_4bb2a7e8b2c84f,mer_1010,cust_20464,4073.55,INR,upi,SBI,captured,none,0,none,19.4,1,2,0,0,1.43,0,0,mobile_android,Bengaluru,Bengaluru,2026-07-29T01:17:48.124880
pay_9a396f316bcd40,mer_1016,cust_20373,5521.77,INR,upi,AXIS,captured,none,0,none,42.2,1,2,0,0,9.88,0,0,desktop_chrome,Pune,Pune,2026-07-29T01:19:50.124880
pay_a662bb4bc4704f,mer_1029,cust_20217,2075.63,INR,upi,ICICI,captured,none,0,none,23.6,1,2,0,0,2.27,0,0,mobile_ios,Delhi NCR,Delhi NCR,2026-07-29T01:29:14.124880
pay_d3b94a6e07fc44,mer_1018,cust_20084,7760.24,INR,card_credit,SBI,captured,none,0,none,42.1,1,2,0,0,4.19,0,0,desktop_chrome,Kochi,Kochi,2026-07-29T01:32:17.124880
pay_c3c2dc05134c48,mer_1014,cust_20587,40073.18,INR,upi,HDFC,failed,insufficient_funds,0,none,47.0,1,2,0,1,72.13,0,0,desktop_windows,Mumbai,Mumbai,2026-07-29T01:35:23.124880
pay_8ab23b3a794b4e,mer_1021,cust_20023,42260.75,INR,card_debit,SBI,captured,none,0,none,48.0,1,2,0,0,72.51,270,0,desktop_windows,Pune,Ahmedabad,2026-07-29T01:35:52.124880
pay_d5962d446b9a4c,mer_1029,cust_20031,2344.29,INR,upi,HDFC,captured,none,0,none,27.6,1,2,0,0,1.3,0,0,mobile_android,Kolkata,Kolkata,2026-07-29T01:43:24.124880
pay_e42b3ff094b440,mer_1040,cust_20083,22058.12,INR,card_credit,ICICI,captured,none,0,none,56.1,1,2,0,0,14.23,1007,0,mobile_ios,Chennai,Delhi NCR,2026-07-29T01:53:37.124880
pay_7b247a94f8ee40,mer_1001,cust_20547,2686.42,INR,upi,AXIS,captured,none,0,none,29.6,1,2,0,0,1.31,0,0,mobile_ios,Bengaluru,Bengaluru,2026-07-29T01:55:58.124880
pay_2e3bfe3a756c41,mer_1006,cust_20244,46371.1,INR,wallet,HDFC,captured,none,0,none,54.0,1,2,0,0,18.77,884,0,desktop_windows,Hyderabad,Pune,2026-07-29T01:57:40.124880
pay_8c39b76a75d943,mer_1005,cust_20349,1956.11,INR,card_debit,ICICI,captured,none,0,none,39.2,2,2,0,0,4.17,0,0,desktop_chrome,Kochi,Kochi,2026-07-29T02:21:02.124880
pay_6ad14392d02244,mer_1016,cust_20056,67254.8,INR,card_credit,AXIS,failed,auth_timeout,0,none,49.3,2,2,0,0,129.33,378,0,desktop_windows,Delhi NCR,Jaipur,2026-07-29T02:23:30.124880
pay_70a2fa205f7b46,mer_1018,cust_20228,10353.07,INR,card_credit,ICICI,captured,none,0,none,46.6,2,2,0,1,11.57,0,0,mobile_android,Delhi NCR,Delhi NCR,2026-07-29T02:56:50.124880
pay_c8330fa90b084d,mer_1010,cust_20524,8375.32,INR,upi,HDFC,captured,none,0,none,52.7,3,2,0,0,6.38,1376,0,desktop_safari,Pune,Bengaluru,2026-07-29T03:01:13.124880
pay_9fdb09328aa640,mer_1035,cust_20033,67551.41,INR,upi,AXIS,captured,none,0,none,39.4,3,2,0,1,30.52,0,0,mobile_ios,Chennai,Chennai,2026-07-29T03:14:08.124880
pay_52331b0a739e46,mer_1020,cust_20540,24829.84,INR,upi,KOTAK,captured,none,0,none,44.5,3,2,0,0,15.41,0,0,desktop_windows,Delhi NCR,Delhi NCR,2026-07-29T03:21:36.124880
pay_dc2bcbe8b33d45,mer_1006,cust_20078,45498.03,INR,upi,HDFC,captured,none,0,none,35.2,3,2,0,0,20.8,0,0,desktop_safari,Ahmedabad,Ahmedabad,2026-07-29T03:37:53.124880
pay_5370e55770f547,mer_1003,cust_20544,3106.73,INR,upi,HDFC,captured,none,0,none,19.9,3,2,0,0,1.97,0,0,desktop_safari,Kochi,Kochi,2026-07-29T03:38:54.124880
pay_c4c712f52a9046,mer_1039,cust_20391,16346.16,INR,card_credit,HDFC,failed,insufficient_funds,0,none,47.2,3,2,0,0,20.41,0,0,mobile_android,Jaipur,Jaipur,2026-07-29T03:40:29.124880
pay_9107cdadae0f4a,mer_1010,cust_20306,2193.79,INR,upi,AXIS,captured,none,0,none,28.6,3,2,0,0,1.33,0,0,mobile_ios,Delhi NCR,Delhi NCR,2026-07-29T03:42:28.124880
pay_49efd6a04db542,mer_1037,cust_20463,3195.49,INR,upi,AXIS,captured,none,0,none,27.7,3,2,0,0,1.66,0,0,mobile_android,Pune,Pune,2026-07-29T03:53:35.124880
pay_f2382e9bf5c341,mer_1020,cust_20044,31664.92,INR,upi,HDFC,refunded,customer_return,0,none,38.6,4,2,0,0,36.67,0,0,desktop_safari,Ahmedabad,Ahmedabad,2026-07-29T04:00:48.124880
pay_5c4e032d358d40,mer_1026,cust_20279,40159.2,INR,card_debit,AXIS,captured,none,0,none,41.0,4,2,0,1,40.2,0,0,desktop_safari,Mumbai,Mumbai,2026-07-29T04:15:20.124880
pay_30580704681240,mer_1010,cust_20203,757.79,INR,wallet,HDFC,captured,none,0,none,23.7,4,2,0,0,2.53,0,0,desktop_windows,Jaipur,Jaipur,2026-07-29T04:31:59.124880
pay_cb56764ba44b40,mer_1037,cust_20497,2927.51,INR,wallet,AXIS,captured,none,0,none,21.2,4,2,0,1,1.03,0,0,mobile_ios,Hyderabad,Hyderabad,2026-07-29T04:33:47.124880
pay_ecfe2de1acd646,mer_1040,cust_20132,5940.13,INR,upi,ICICI,captured,none,0,none,28.3,4,2,0,0,0.78,0,0,mobile_ios,Ahmedabad,Ahmedabad,2026-07-29T04:46:03.124880
pay_8f0e686f78c948,mer_1039,cust_20159,39618.38,INR,card_credit,SBI,captured,none,0,none,42.7,4,2,0,0,9.6,0,0,desktop_windows,Bengaluru,Bengaluru,2026-07-29T04:46:15.124880
pay_860c882c564e4a,mer_1032,cust_20462,28818.19,INR,card_credit,ICICI,captured,none,0,none,48.4,4,2,0,0,17.59,0,0,mobile_ios,Chennai,Chennai,2026-07-29T04:52:53.124880
pay_4782180be0aa43,mer_1016,cust_20098,76092.74,INR,upi,SBI,captured,none,0,none,35.7,4,2,0,0,22.7,0,0,mobile_ios,Mumbai,Mumbai,2026-07-29T04:55:38.124880
pay_cc1aec8462eb4f,mer_1030,cust_20409,52924.22,INR,upi,SBI,captured,none,0,none,28.3,5,2,0,0,41.17,0,0,mobile_ios,Delhi NCR,Delhi NCR,2026-07-29T05:09:44.124880
pay_80e89eb245e14b,mer_1008,cust_20018,37143.3,INR,upi,AXIS,captured,none,0,none,35.1,5,2,0,1,47.38,0,0,mobile_ios,Bengaluru,Bengaluru,2026-07-29T05:12:07.124880
pay_332c6d13e8f945,mer_1020,cust_20164,29662.81,INR,card_credit,SBI,captured,none,0,none,35.5,5,2,0,0,21.64,1602,0,mobile_android,Mumbai,Kochi,2026-07-29T05:30:01.124880
pay_7c553d1d16574a,mer_1032,cust_20437,8590.61,INR,upi,KOTAK,captured,none,0,none,38.8,5,2,0,0,3.94,0,0,mobile_ios,Pune,Pune,2026-07-29T05:36:05.124880
pay_0db42e0518f74c,mer_1003,cust_20379,119.87,INR,upi,HDFC,captured,none,0,none,13.6,5,2,0,2,0.08,0,0,mobile_android,Mumbai,Mumbai,2026-07-29T05:42:59.124880
pay_a10615dab9394b,mer_1031,cust_20157,40028.15,INR,card_debit,SBI,captured,none,0,none,26.8,5,2,0,0,42.8,0,0,desktop_chrome,Bengaluru,Bengaluru,2026-07-29T05:45:01.124880
pay_148ad0e3536749,mer_1011,cust_20326,11871.25,INR,upi,HDFC,captured,none,0,none,32.4,5,2,0,0,4.57,0,0,mobile_android,Jaipur,Jaipur,2026-07-29T05:55:32.124880
pay_56d8eee88ede43,mer_1023,cust_20064,5131.52,INR,upi,HDFC,captured,none,0,none,13.9,5,2,0,0,0.67,0,0,desktop_chrome,Pune,Pune,2026-07-29T05:55:34.124880
pay_08cd885a02b940,mer_1034,cust_20496,1125.92,INR,upi,ICICI,refunded,customer_return,0,none,9.1,6,2,0,0,1.44,0,0,desktop_chrome,Kolkata,Kolkata,2026-07-29T06:03:16.124880
pay_cbf6265865c143,mer_1028,cust_20027,5809.72,INR,upi,KOTAK,captured,none,0,none,14.1,6,2,0,1,2.42,0,0,mobile_android,Kolkata,Kolkata,2026-07-29T06:17:16.124880
pay_f169f70ef2e94c,mer_1031,cust_20035,46219.36,INR,wallet,SBI,captured,none,0,none,37.9,6,2,0,0,27.5,1496,0,desktop_windows,Delhi NCR,Hyderabad,2026-07-29T06:20:19.124880
pay_d5e91e9fe12842,mer_1017,cust_20038,2024.92,INR,card_credit,HDFC,captured,none,0,none,37.5,6,2,0,0,5.25,0,0,mobile_android,Kochi,Kochi,2026-07-29T06:26:19.124880
pay_b0ac341634c44a,mer_1017,cust_20278,1549.32,INR,card_credit,SBI,refunded,customer_return,0,none,9.3,6,2,0,0,2.1,0,0,mobile_android,Kolkata,Kolkata,2026-07-29T06:32:26.124880
pay_0280aeec239343,mer_1038,cust_20252,30708.82,INR,netbanking,AXIS,captured,none,0,none,35.7,6,2,0,0,7.52,0,0,mobile_android,Delhi NCR,Delhi NCR,2026-07-29T06:35:39.124880
pay_a2de881dd44945,mer_1010,cust_20183,5805.94,INR,upi,ICICI,captured,none,0,none,35.3,6,2,0,0,4.5,0,0,mobile_android,Jaipur,Jaipur,2026-07-29T06:43:09.124880
pay_c68045ec983143,mer_1018,cust_20022,1122.47,INR,card_credit,ICICI,captured,none,0,none,15.6,6,2,0,0,2.21,0,0,mobile_android,Bengaluru,Bengaluru,2026-07-29T06:55:54.124880
pay_726894e319ad43,mer_1014,cust_20209,18072.39,INR,card_credit,ICICI,captured,none,0,none,32.6,7,2,0,1,22.39,0,0,desktop_safari,Hyderabad,Hyderabad,2026-07-29T07:01:54.124880
pay_5227fc2e4c814f,mer_1004,cust_20443,44544.72,INR,upi,ICICI,captured,none,0,none,26.4,7,2,0,0,66.22,0,0,mobile_ios,Ahmedabad,Ahmedabad,2026-07-29T07:12:12.124880
pay_591d740651f542,mer_1019,cust_20228,3685.71,INR,upi,HDFC,captured,none,0,none,37.0,7,2,0,2,4.12,0,0,desktop_chrome,Delhi NCR,Delhi NCR,2026-07-29T07:26:03.124880
pay_6b8eb981014e41,mer_1016,cust_20191,45902.15,INR,card_credit,HDFC,captured,none,0,none,32.1,7,2,0,0,12.85,0,0,mobile_ios,Ahmedabad,Ahmedabad,2026-07-29T07:31:44.124880
pay_33dc918c5baa44,mer_1001,cust_20488,3292.59,INR,upi,HDFC,captured,none,0,none,14.6,7,2,0,0,0.87,0,0,mobile_android,Pune,Pune,2026-07-29T07:37:21.124880
pay_ceeac7c6ee8649,mer_1013,cust_20082,16087.21,INR,upi,HDFC,captured,none,0,none,40.0,7,2,0,0,3.56,0,0,mobile_ios,Kolkata,Kolkata,2026-07-29T07:41:27.124880
pay_3674878361ed41,mer_1009,cust_20418,61766.84,INR,upi,ICICI,failed,issuer_bank_down,0,none,37.2,7,2,0,0,26.59,177,0,desktop_safari,Kochi,Hyderabad,2026-07-29T07:44:38.124880
pay_e7e23428a90e40,mer_1029,cust_20007,1018.98,INR,upi,ICICI,captured,none,0,none,6.9,8,2,0,0,0.91,0,0,mobile_android,Kochi,Kochi,2026-07-29T08:20:29.124880
pay_ae48aa857f3748,mer_1034,cust_20090,4411.58,INR,card_credit,ICICI,captured,none,0,none,20.9,8,2,0,0,0.8,0,1,mobile_ios,Mumbai,Mumbai,2026-07-29T08:21:44.124880
pay_1366b360cee146,mer_1016,cust_20030,49108.69,INR,upi,HDFC,captured,none,0,none,37.9,8,2,0,0,15.45,0,0,desktop_safari,Chennai,Chennai,2026-07-29T08:33:53.124880
pay_25ec6f35eb194d,mer_1037,cust_20192,3196.27,INR,wallet,HDFC,captured,none,0,none,19.1,8,2,0,0,1.82,864,0,desktop_safari,Chennai,Ahmedabad,2026-07-29T08:50:43.124880
pay_a7c5c89591df42,mer_1038,cust_20141,27495.14,INR,upi,HDFC,failed,auth_timeout,0,none,35.8,8,2,0,0,23.51,0,0,mobile_ios,Pune,Pune,2026-07-29T08:54:44.124880
pay_de5a4ab7b0d34e,mer_1039,cust_20399,13712.51,INR,upi,ICICI,captured,none,0,none,30.6,8,2,0,0,4.62,0,0,desktop_safari,Chennai,Chennai,2026-07-29T08:55:29.124880
pay_49c5212e13704b,mer_1008,cust_20506,57165.95,INR,card_credit,HDFC,captured,none,0,none,31.3,8,2,0,0,94.88,0,0,mobile_android,Chennai,Chennai,2026-07-29T08:56:25.124880
pay_34a1ea1443614c,mer_1029,cust_20011,496.45,INR,upi,AXIS,captured,none,0,none,21.1,9,2,0,0,0.9,0,1,mobile_ios,Mumbai,Mumbai,2026-07-29T09:15:28.124880
pay_b598d8205d5a49,mer_1013,cust_20005,39527.52,INR,upi,HDFC,captured,none,0,none,26.9,9,2,0,0,47.45,0,0,desktop_chrome,Jaipur,Jaipur,2026-07-29T09:23:30.124880
pay_b0d7293d0ef146,mer_1017,cust_20310,895.88,INR,upi,HDFC,captured,none,0,none,15.4,9,2,0,0,1.07,0,0,desktop_chrome,Chennai,Chennai,2026-07-29T09:34:18.124880
pay_44c7865e46aa4f,mer_1030,cust_20598,14336.95,INR,upi,SBI,captured,none,0,none,43.7,9,2,0,0,3.31,1455,0,desktop_safari,Ahmedabad,Jaipur,2026-07-29T09:51:42.124880
pay_8980cf44af614c,mer_1028,cust_20339,4943.93,INR,upi,HDFC,failed,auth_timeout,0,none,5.7,9,2,0,0,1.97,0,0,desktop_windows,Kolkata,Kolkata,2026-07-29T09:53:57.124880
pay_402359c4074c44,mer_1012,cust_20249,43249.36,INR,wallet,SBI,captured,none,0,none,41.5,10,2,0,0,9.12,650,0,mobile_android,Mumbai,Pune,2026-07-29T10:10:54.124880
pay_2ef4616ea5404f,mer_1016,cust_20223,61746.19,INR,upi,AXIS,captured,none,0,none,27.8,10,2,0,0,83.59,0,0,mobile_ios,Ahmedabad,Ahmedabad,2026-07-29T10:41:09.124880
pay_137b93f8391d40,mer_1036,cust_20137,43728.14,INR,upi,SBI,captured,none,0,none,38.8,10,2,0,0,142.74,0,0,desktop_windows,Bengaluru,Bengaluru,2026-07-29T10:49:05.124880
pay_f86ad648f08642,mer_1040,cust_20164,14729.85,INR,upi,ICICI,captured,none,0,none,34.3,11,2,0,1,10.75,0,0,mobile_android,Mumbai,Mumbai,2026-07-29T11:00:50.124880
pay_58eac8a7645741,mer_1015,cust_20180,1048.18,INR,upi,HDFC,captured,none,0,none,37.3,11,2,0,0,3.1,0,0,desktop_windows,Delhi NCR,Delhi NCR,2026-07-29T11:43:34.124880
pay_bf85d11d22e441,mer_1006,cust_20337,7957.47,INR,card_debit,SBI,captured,none,0,none,33.3,12,2,0,0,22.06,0,0,desktop_safari,Ahmedabad,Ahmedabad,2026-07-29T12:09:17.124880
pay_1d974819a4144d,mer_1015,cust_20128,1852.52,INR,upi,SBI,captured,none,0,none,38.7,12,2,0,0,3.15,0,0,mobile_ios,Delhi NCR,Delhi NCR,2026-07-29T12:21:13.124880
pay_8245c7f69eb140,mer_1032,cust_20461,40990.44,INR,upi,HDFC,captured,none,0,none,38.9,12,2,0,1,41.0,0,0,mobile_android,Kolkata,Kolkata,2026-07-29T12:58:07.124880
pay_3ec2cd8fbd6048,mer_1029,cust_20004,793.83,INR,upi,ICICI,captured,none,0,none,17.4,13,2,0,0,0.22,0,0,desktop_windows,Ahmedabad,Ahmedabad,2026-07-29T13:01:44.124880
pay_4fdbd4ce07614f,mer_1031,cust_20305,19243.98,INR,card_credit,HDFC,captured,none,0,none,30.6,13,2,0,0,3.19,0,0,desktop_chrome,Jaipur,Jaipur,2026-07-29T13:03:12.124880
pay_79aa27e850054c,mer_1001,cust_20441,320.51,INR,card_debit,HDFC,captured,none,0,none,18.2,13,2,0,0,0.16,0,0,desktop_chrome,Chennai,Chennai,2026-07-29T13:04:07.124880
pay_4a1acfdfc3b745,mer_1017,cust_20422,1113.42,INR,card_credit,HDFC,captured,none,0,none,16.6,13,2,0,0,2.7,0,0,mobile_android,Hyderabad,Hyderabad,2026-07-29T13:04:30.124880
pay_eed088b38c4341,mer_1032,cust_20589,39875.23,INR,card_debit,SBI,captured,none,0,none,39.7,13,2,0,0,10.01,1596,0,mobile_android,Jaipur,Kochi,2026-07-29T13:46:11.124880
pay_0d68964d110a4c,mer_1019,cust_20213,4018.8,INR,upi,ICICI,captured,none,0,none,13.2,13,2,0,0,2.66,0,0,desktop_windows,Bengaluru,Bengaluru,2026-07-29T13:48:15.124880
pay_2d783d8576b242,mer_1035,cust_20077,57.32,INR,card_credit,KOTAK,captured,none,1,card_testing,85.0,13,2,0,0,0.03,0,0,mobile_android,Pune,Pune,2026-07-29T13:51:15.124880
pay_cff278febd4b4d,mer_1011,cust_20141,47393.68,INR,netbanking,AXIS,captured,none,0,none,31.0,13,2,0,1,40.52,0,0,mobile_ios,Pune,Pune,2026-07-29T13:59:06.124880
pay_0bc46b7be1df40,mer_1030,cust_20517,44632.7,INR,card_credit,HDFC,captured,none,0,none,25.9,13,2,0,1,13.79,0,0,mobile_ios,Jaipur,Jaipur,2026-07-29T13:59:32.124880
pay_72f020b299124d,mer_1035,cust_20298,28170.27,INR,upi,ICICI,captured,none,0,none,33.6,14,2,0,0,43.87,0,0,desktop_chrome,Kochi,Kochi,2026-07-29T14:04:05.124880
pay_5667bfc2309c4a,mer_1035,cust_20278,28110.05,INR,upi,SBI,refunded,customer_return,0,none,34.3,14,2,0,1,38.1,0,0,desktop_safari,Kolkata,Kolkata,2026-07-29T14:17:46.124880
pay_71c1d274857347,mer_1029,cust_20158,273.76,INR,upi,AXIS,captured,none,0,none,18.5,14,2,0,0,0.16,0,0,mobile_android,Delhi NCR,Delhi NCR,2026-07-29T14:19:11.124880
pay_2143abda203f44,mer_1029,cust_20519,1549.17,INR,upi,HDFC,captured,none,0,none,12.1,14,2,0,0,1.05,0,0,desktop_chrome,Bengaluru,Bengaluru,2026-07-29T14:37:06.124880
pay_b28b310ba44748,mer_1018,cust_20006,7310.15,INR,upi,ICICI,captured,none,0,none,28.8,14,2,0,0,16.17,0,0,mobile_ios,Bengaluru,Bengaluru,2026-07-29T14:39:18.124880
pay_aa5fa355eb1644,mer_1007,cust_20158,130.17,INR,upi,HDFC,failed,risk_blocked,1,card_testing,84.4,15,2,1,1,0.08,0,0,desktop_chrome,Delhi NCR,Delhi NCR,2026-07-29T15:03:41.124880
pay_11f4b1d5c13248,mer_1035,cust_20437,80588.87,INR,upi,SBI,captured,none,0,none,29.5,15,2,0,1,36.92,0,0,desktop_safari,Pune,Pune,2026-07-29T15:05:45.124880
pay_7a759a90c45044,mer_1018,cust_20158,5873.62,INR,netbanking,ICICI,captured,none,0,none,54.7,15,2,2,2,3.46,0,0,mobile_android,Delhi NCR,Delhi NCR,2026-07-29T15:13:18.124880
pay_80eaa8fde9dd47,mer_1018,cust_20071,1294.92,INR,upi,SBI,captured,none,0,none,18.2,15,2,0,0,0.7,0,0,desktop_safari,Bengaluru,Bengaluru,2026-07-29T15:18:09.124880
pay_eaa2713216e247,mer_1009,cust_20280,21482.5,INR,upi,HDFC,captured,none,0,none,36.6,15,2,0,0,3.62,0,0,mobile_android,Mumbai,Mumbai,2026-07-29T15:31:00.124880
pay_0f7baac8a9b143,mer_1032,cust_20307,3338.61,INR,wallet,PAYTM_BANK,failed,issuer_bank_down,0,none,37.4,15,2,0,0,11.13,0,0,desktop_windows,Kolkata,Kolkata,2026-07-29T15:31:16.124880
pay_5a2e0c58dfd745,mer_1036,cust_20047,3310.42,INR,upi,PAYTM_BANK,captured,none,0,none,19.6,15,2,0,0,2.24,0,0,mobile_android,Chennai,Chennai,2026-07-29T15:44:28.124880
pay_7373ceaea9cc4a,mer_1009,cust_20341,73361.54,INR,upi,SBI,captured,none,0,none,33.0,16,2,0,0,12.62,0,0,mobile_ios,Bengaluru,Bengaluru,2026-07-29T16:08:55.124880
pay_239aeffc71f444,mer_1030,cust_20372,10560.59,INR,card_credit,KOTAK,captured,none,0,none,28.0,16,2,0,0,30.42,0,0,desktop_chrome,Kolkata,Kolkata,2026-07-29T16:10:25.124880
pay_e7e5a713b15d4f,mer_1033,cust_20535,3423.45,INR,card_debit,HDFC,captured,none,0,none,27.4,16,2,0,0,5.18,0,0,desktop_windows,Jaipur,Jaipur,2026-07-29T16:28:31.124880
pay_6e139eab730640,mer_1015,cust_20173,3503.56,INR,wallet,ICICI,captured,none,0,none,18.9,16,2,0,1,1.34,0,0,desktop_chrome,Delhi NCR,Delhi NCR,2026-07-29T16:45:19.124880
pay_aa976830353443,mer_1014,cust_20102,30887.72,INR,card_debit,ICICI,captured,none,0,none,38.4,17,2,0,0,12.97,0,0,mobile_android,Pune,Pune,2026-07-29T17:03:09.124880
pay_ac4df46135af4e,mer_1006,cust_20480,41234.98,INR,upi,HDFC,captured,none,0,none,31.3,17,2,0,0,23.02,0,0,desktop_windows,Chennai,Chennai,2026-07-29T17:13:10.124880
pay_6a485d540b1342,mer_1010,cust_20242,2127.9,INR,upi,SBI,captured,none,0,none,17.4,17,2,0,0,1.3,0,0,desktop_windows,Chennai,Chennai,2026-07-29T17:33:47.124880
pay_c911cdfefa454d,mer_1004,cust_20037,40857.54,INR,card_credit,AXIS,captured,none,0,none,33.3,17,2,0,0,44.27,0,0,desktop_windows,Jaipur,Jaipur,2026-07-29T17:46:08.124880
pay_f6fb99928c0041,mer_1030,cust_20458,8775.0,INR,card_credit,SBI,captured,none,0,none,38.0,18,2,0,0,14.68,0,0,mobile_ios,Bengaluru,Bengaluru,2026-07-29T18:00:57.124880
pay_cf82cdd9d1734d,mer_1035,cust_20041,33399.67,INR,card_debit,SBI,captured,none,0,none,39.8,18,2,0,0,15.29,0,0,desktop_windows,Mumbai,Mumbai,2026-07-29T18:11:00.124880
pay_a5f16d98a56641,mer_1025,cust_20172,44846.68,INR,upi,ICICI,captured,none,0,none,27.3,18,2,0,0,8.86,0,0,mobile_android,Hyderabad,Hyderabad,2026-07-29T18:46:42.124880
pay_38788a82a26646,mer_1038,cust_20409,47142.25,INR,card_credit,HDFC,captured,none,0,none,26.5,19,2,0,1,36.67,0,0,desktop_chrome,Delhi NCR,Delhi NCR,2026-07-29T19:07:44.124880
pay_583655f96c0247,mer_1037,cust_20553,3660.48,INR,upi,ICICI,captured,none,0,none,16.4,19,2,0,0,2.32,0,0,mobile_android,Kolkata,Kolkata,2026-07-29T19:10:02.124880
pay_8e6437d22ca445,mer_1039,cust_20038,24518.42,INR,netbanking,HDFC,captured,none,0,none,29.1,19,2,0,1,63.62,0,0,mobile_ios,Kochi,Kochi,2026-07-29T19:16:40.124880
pay_e8bebf4e981547,mer_1033,cust_20448,1903.14,INR,card_credit,SBI,captured,none,0,none,12.8,19,2,0,1,0.77,0,0,desktop_safari,Chennai,Chennai,2026-07-29T19:29:59.124880
pay_1063f629ddb944,mer_1015,cust_20196,164.15,INR,upi,SBI,captured,none,0,none,9.9,19,2,0,0,0.05,0,0,mobile_ios,Delhi NCR,Delhi NCR,2026-07-29T19:33:20.124880
pay_4744c41670bd46,mer_1003,cust_20326,1958.07,INR,upi,KOTAK,captured,none,0,none,10.5,19,2,0,1,0.75,0,0,mobile_ios,Jaipur,Jaipur,2026-07-29T19:38:51.124880
pay_cd28c5bdc6774a,mer_1033,cust_20551,1501.2,INR,upi,PAYTM_BANK,captured,none,0,none,17.8,19,2,0,0,0.57,0,0,mobile_android,Kolkata,Kolkata,2026-07-29T19:43:33.124880
pay_a099ae314a8a4b,mer_1013,cust_20411,18282.98,INR,upi,ICICI,captured,none,0,none,31.8,19,2,0,0,25.05,0,0,desktop_windows,Bengaluru,Bengaluru,2026-07-29T19:48:08.124880
pay_7235a19afae04e,mer_1029,cust_20551,827.21,INR,upi,AXIS,captured,none,0,none,17.2,19,2,1,1,0.31,0,0,desktop_chrome,Kolkata,Kolkata,2026-07-29T19:48:17.124880
pay_0acd3aa379ca43,mer_1002,cust_20238,86329.1,INR,card_debit,ICICI,captured,none,0,none,36.4,19,2,0,0,62.99,0,0,mobile_ios,Kolkata,Kolkata,2026-07-29T19:53:01.124880
pay_9fa72cea48b444,mer_1033,cust_20214,4476.59,INR,card_debit,ICICI,captured,none,0,none,19.4,20,2,0,0,2.52,0,0,mobile_ios,Jaipur,Jaipur,2026-07-29T20:02:09.124880
pay_53ba381c239b40,mer_1014,cust_20039,16028.51,INR,upi,AXIS,captured,none,0,none,37.8,20,2,0,0,15.02,0,0,mobile_ios,Delhi NCR,Delhi NCR,2026-07-29T20:04:48.124880
pay_5a96b19788044b,mer_1024,cust_20071,2163.99,INR,upi,SBI,captured,none,0,none,15.6,20,2,0,1,1.17,0,0,desktop_safari,Bengaluru,Bengaluru,2026-07-29T20:05:16.124880
pay_e9fe74b2930540,mer_1025,cust_20181,51350.21,INR,card_credit,ICICI,captured,none,0,none,26.7,20,2,0,0,14.69,0,0,desktop_safari,Ahmedabad,Ahmedabad,2026-07-29T20:12:41.124880
pay_8d2efd7eb2634f,mer_1005,cust_20453,13348.36,INR,upi,HDFC,captured,none,0,none,26.5,20,2,0,0,13.25,0,0,desktop_windows,Kochi,Kochi,2026-07-29T20:22:43.124880
pay_dba5862713664d,mer_1020,cust_20281,43665.81,INR,card_credit,ICICI,captured,none,0,none,26.9,20,2,0,1,80.32,0,0,desktop_safari,Ahmedabad,Ahmedabad,2026-07-29T20:34:38.124880
pay_0cdca74e67744b,mer_1009,cust_20549,100713.43,INR,upi,SBI,captured,none,0,none,40.4,20,2,0,0,86.25,0,1,mobile_ios,Mumbai,Mumbai,2026-07-29T20:58:26.124880
pay_15e356070b2640,mer_1038,cust_20394,23136.97,INR,card_credit,HDFC,captured,none,0,none,39.3,20,2,0,1,7.53,0,0,desktop_windows,Chennai,Chennai,2026-07-29T20:59:21.124880
pay_6335b6878aec48,mer_1001,cust_20143,4177.48,INR,wallet,SBI,captured,none,0,none,35.5,21,2,0,0,4.46,0,0,mobile_ios,Hyderabad,Hyderabad,2026-07-29T21:04:12.124880
pay_e3aca07e5d894d,mer_1015,cust_20276,543.46,INR,card_credit,ICICI,captured,none,0,none,16.1,21,2,0,1,0.4,0,0,desktop_windows,Hyderabad,Hyderabad,2026-07-29T21:20:26.124880
pay_f6bd8614c9e241,mer_1007,cust_20486,30757.17,INR,card_debit,SBI,captured,none,0,none,36.7,21,2,0,0,22.75,0,0,desktop_chrome,Chennai,Chennai,2026-07-29T21:32:27.124880
pay_e0b5684baf594e,mer_1023,cust_20065,7117.59,INR,upi,AXIS,captured,none,0,none,26.9,22,2,0,0,9.66,0,0,desktop_safari,Mumbai,Mumbai,2026-07-29T22:11:11.124880
pay_2c70cd1b12aa41,mer_1014,cust_20069,20891.68,INR,card_credit,AXIS,captured,none,0,none,32.3,22,2,0,0,11.29,0,0,desktop_chrome,Mumbai,Mumbai,2026-07-29T22:12:04.124880
pay_171dbbe1456647,mer_1029,cust_20385,383.67,INR,card_debit,HDFC,captured,none,0,none,40.8,22,2,0,0,0.12,812,1,mobile_ios,Hyderabad,Jaipur,2026-07-29T22:12:50.124880
pay_e28957b65a0f42,mer_1014,cust_20278,14015.54,INR,card_debit,KOTAK,failed,auth_timeout,0,none,28.6,22,2,0,2,19.0,0,0,desktop_windows,Kolkata,Kolkata,2026-07-29T22:27:03.124880
pay_8caedcde31c64c,mer_1015,cust_20068,2138.62,INR,upi,ICICI,captured,none,0,none,21.9,22,2,0,0,1.09,748,0,mobile_ios,Chennai,Ahmedabad,2026-07-29T22:56:18.124880
pay_94960607fb5941,mer_1034,cust_20478,472.95,INR,card_credit,HDFC,captured,none,0,none,22.7,23,2,0,0,0.17,1344,0,mobile_ios,Chennai,Bengaluru,2026-07-29T23:32:03.124880
pay_2669f8bfd84f4d,mer_1004,cust_20542,6002.26,INR,card_debit,ICICI,captured,none,0,none,39.1,23,2,0,0,3.4,0,0,mobile_android,Ahmedabad,Ahmedabad,2026-07-29T23:38:23.124880
pay_304f4e61a5e24d,mer_1017,cust_20235,464.08,INR,upi,ICICI,captured,none,0,none,14.5,23,2,0,0,0.31,0,0,desktop_windows,Delhi NCR,Delhi NCR,2026-07-29T23:44:00.124880
pay_28e614a1cfa84c,mer_1021,cust_20434,32594.58,INR,upi,ICICI,captured,none,0,none,38.9,23,2,0,0,8.91,0,0,mobile_android,Pune,Pune,2026-07-29T23:48:12.124880
pay_8c3eda842d714b,mer_1005,cust_20382,51249.93,INR,netbanking,HDFC,captured,none,0,none,34.7,23,2,0,0,170.83,0,0,mobile_ios,Delhi NCR,Delhi NCR,2026-07-29T23:52:12.124880
pay_f2e61ed3d98c43,mer_1022,cust_20020,710.95,INR,card_credit,KOTAK,captured,none,0,none,6.1,23,2,0,0,0.26,0,0,mobile_android,Pune,Pune,2026-07-29T23:55:25.124880
pay_e4f35e17bf294e,mer_1021,cust_20580,71154.69,INR,upi,HDFC,captured,none,0,none,39.9,0,3,0,0,13.45,0,0,desktop_windows,Delhi NCR,Delhi NCR,2026-07-30T00:45:31.124880
pay_d77298507fec47,mer_1015,cust_20134,1647.63,INR,upi,HDFC,captured,none,0,none,23.6,0,3,0,0,0.99,1701,0,mobile_android,Pune,Kochi,2026-07-30T00:54:47.124880
pay_026efb84eee24f,mer_1013,cust_20234,29216.63,INR,card_credit,ICICI,captured,none,0,none,39.2,1,3,0,0,43.66,474,0,desktop_windows,Delhi NCR,Hyderabad,2026-07-30T01:24:02.124880
pay_10651238f5f549,mer_1009,cust_20222,30023.87,INR,upi,ICICI,captured,none,0,none,37.6,1,3,0,0,25.76,0,0,mobile_android,Bengaluru,Bengaluru,2026-07-30T01:34:09.124880
pay_ae69c25e163643,mer_1004,cust_20598,36401.56,INR,wallet,HDFC,captured,none,0,none,40.4,2,3,0,1,8.41,0,0,mobile_ios,Ahmedabad,Ahmedabad,2026-07-30T02:01:33.124880
pay_ef382ae8e94146,mer_1040,cust_20484,31853.08,INR,card_debit,ICICI,captured,none,0,none,39.0,2,3,0,0,22.76,0,0,desktop_safari,Bengaluru,Bengaluru,2026-07-30T02:15:32.124880
pay_af168024248948,mer_1025,cust_20162,45402.97,INR,upi,HDFC,captured,none,0,none,47.7,2,3,0,0,23.95,0,0,mobile_android,Mumbai,Mumbai,2026-07-30T02:19:32.124880
pay_1e71d8c35bb741,mer_1024,cust_20164,7214.97,INR,upi,ICICI,captured,none,0,none,45.5,2,3,0,2,5.26,0,0,desktop_chrome,Mumbai,Mumbai,2026-07-30T02:56:48.124880
pay_a2a0dc50892545,mer_1027,cust_20131,3379.54,INR,card_debit,AXIS,captured,none,0,none,22.4,3,3,0,0,2.87,0,0,mobile_ios,Kolkata,Kolkata,2026-07-30T03:00:32.124880
pay_4b0d7a1613c947,mer_1038,cust_20155,6798.28,INR,upi,ICICI,captured,none,0,none,19.1,3,3,0,0,1.43,0,0,desktop_safari,Pune,Pune,2026-07-30T03:01:11.124880
pay_003f7c3a203646,mer_1019,cust_20421,2351.61,INR,upi,ICICI,captured,none,0,none,56.3,3,3,0,0,6.12,955,0,mobile_ios,Kolkata,Mumbai,2026-07-30T03:17:39.124880
pay_912d8fcd0e694f,mer_1035,cust_20080,24327.44,INR,upi,ICICI,captured,none,0,none,48.1,3,3,0,0,28.31,1750,0,mobile_ios,Jaipur,Kolkata,2026-07-30T03:20:58.124880
pay_d35208dc21f142,mer_1009,cust_20389,73576.2,INR,upi,SBI,captured,none,0,none,43.3,3,3,0,0,189.71,0,0,desktop_windows,Kolkata,Kolkata,2026-07-30T03:23:55.124880
pay_2497d54978e14a,mer_1009,cust_20396,14037.39,INR,card_credit,ICICI,captured,none,0,none,41.0,3,3,0,0,6.31,0,0,mobile_ios,Jaipur,Jaipur,2026-07-30T03:33:21.124880
pay_6fb6946b2c364d,mer_1021,cust_20285,88772.96,INR,card_debit,SBI,captured,none,0,none,44.0,3,3,0,0,36.08,0,0,desktop_chrome,Hyderabad,Hyderabad,2026-07-30T03:48:24.124880
pay_d74ae52c0c9f42,mer_1030,cust_20143,72543.4,INR,card_credit,SBI,captured,none,0,none,45.0,3,3,0,1,77.53,0,0,desktop_windows,Hyderabad,Hyderabad,2026-07-30T03:58:47.124880
pay_4a1688c26e114a,mer_1012,cust_20424,15026.22,INR,card_credit,ICICI,captured,none,0,none,39.9,4,3,0,0,6.45,0,0,mobile_android,Ahmedabad,Ahmedabad,2026-07-30T04:01:52.124880
pay_58e11b0d9e1d47,mer_1039,cust_20114,7061.29,INR,upi,KOTAK,captured,none,0,none,30.5,4,3,0,0,2.74,0,1,desktop_safari,Pune,Pune,2026-07-30T04:02:37.124880
pay_739ec559af0b49,mer_1006,cust_20200,14282.61,INR,upi,HDFC,captured,none,0,none,47.4,4,3,0,0,8.43,0,0,mobile_ios,Delhi NCR,Delhi NCR,2026-07-30T04:19:23.124880
pay_582aef7ad7864b,mer_1035,cust_20272,7697.96,INR,upi,HDFC,captured,none,0,none,38.7,4,3,0,0,1.68,0,1,desktop_chrome,Ahmedabad,Ahmedabad,2026-07-30T04:26:38.124880
pay_3424e7e499b143,mer_1038,cust_20086,18652.04,INR,card_debit,HDFC,captured,none,0,none,41.3,4,3,0,0,19.04,0,0,mobile_ios,Ahmedabad,Ahmedabad,2026-07-30T04:40:14.124880
pay_e3ca4b0c62fe41,mer_1008,cust_20414,53121.18,INR,netbanking,PAYTM_BANK,captured,none,1,account_takeover,92.7,5,3,0,0,14.59,0,1,desktop_chrome,Kochi,Kochi,2026-07-30T05:00:39.124880
pay_fe52428247f942,mer_1017,cust_20514,778.33,INR,netbanking,KOTAK,captured,none,0,none,13.5,5,3,0,0,0.3,0,0,desktop_chrome,Pune,Pune,2026-07-30T05:10:53.124880
pay_5bd49d6674a840,mer_1007,cust_20498,12003.49,INR,card_debit,KOTAK,captured,none,0,none,32.4,5,3,0,0,4.14,0,0,desktop_safari,Chennai,Chennai,2026-07-30T05:19:08.124880
pay_b87ecf65b68a49,mer_1014,cust_20139,37031.35,INR,card_debit,HDFC,refunded,customer_return,0,none,39.6,5,3,0,0,54.24,0,0,desktop_chrome,Jaipur,Jaipur,2026-07-30T05:24:00.124880
pay_23229bcd336b47,mer_1034,cust_20569,469.9,INR,card_debit,HDFC,captured,none,0,none,6.1,5,3,0,0,0.61,0,0,desktop_chrome,Mumbai,Mumbai,2026-07-30T05:34:03.124880
pay_c652e03c569a43,mer_1039,cust_20219,24333.91,INR,wallet,ICICI,captured,none,0,none,25.6,5,3,0,0,10.32,0,0,desktop_windows,Kolkata,Kolkata,2026-07-30T05:54:10.124880
pay_9f4d75e5afaa4d,mer_1032,cust_20309,37694.42,INR,card_credit,HDFC,captured,none,0,none,25.7,6,3,0,0,71.27,0,0,mobile_ios,Ahmedabad,Ahmedabad,2026-07-30T06:05:17.124880
pay_cbad793ab01849,mer_1016,cust_20085,6508.79,INR,netbanking,HDFC,captured,none,0,none,10.1,6,3,0,0,2.42,0,0,desktop_safari,Ahmedabad,Ahmedabad,2026-07-30T06:27:50.124880
pay_900758facd3e46,mer_1021,cust_20180,23146.53,INR,card_debit,ICICI,captured,none,0,none,33.8,6,3,0,1,68.52,0,0,desktop_safari,Delhi NCR,Delhi NCR,2026-07-30T06:51:07.124880
pay_c0fb6e9c291c46,mer_1039,cust_20283,17281.16,INR,upi,KOTAK,captured,none,0,none,34.4,7,3,0,0,3.68,0,0,desktop_windows,Pune,Pune,2026-07-30T07:06:19.124880
pay_88d98fd989f147,mer_1022,cust_20444,4057.25,INR,upi,KOTAK,captured,none,0,none,27.3,7,3,0,0,4.95,0,0,mobile_ios,Mumbai,Mumbai,2026-07-30T07:09:02.124880
pay_6ebf02e5e79d47,mer_1026,cust_20137,29328.51,INR,card_debit,ICICI,captured,none,0,none,29.1,7,3,0,1,95.74,0,0,mobile_android,Bengaluru,Bengaluru,2026-07-30T07:22:21.124880
pay_182e8b9d5da242,mer_1015,cust_20006,3880.81,INR,wallet,ICICI,captured,none,0,none,25.1,7,3,0,1,8.59,0,0,desktop_windows,Bengaluru,Bengaluru,2026-07-30T07:30:15.124880
pay_043ac1510dda41,mer_1027,cust_20419,1702.98,INR,upi,HDFC,captured,none,0,none,6.7,7,3,0,0,0.34,0,0,desktop_windows,Kochi,Kochi,2026-07-30T07:38:25.124880
pay_c709b6212eb240,mer_1023,cust_20166,1401.24,INR,upi,HDFC,captured,none,0,none,29.1,7,3,0,0,2.8,0,1,desktop_chrome,Ahmedabad,Ahmedabad,2026-07-30T07:45:29.124880
pay_c4d29da56be34d,mer_1039,cust_20305,5104.86,INR,upi,HDFC,captured,none,0,none,8.7,7,3,0,1,0.85,0,0,mobile_android,Jaipur,Jaipur,2026-07-30T07:56:34.124880
pay_654af26cb17c49,mer_1002,cust_20322,94065.68,INR,upi,PAYTM_BANK,captured,none,0,none,26.8,8,3,0,0,72.1,0,0,desktop_windows,Bengaluru,Bengaluru,2026-07-30T08:07:07.124880
pay_e99b4f37a1b449,mer_1024,cust_20502,6253.71,INR,card_credit,HDFC,captured,none,0,none,38.0,8,3,0,0,4.33,185,0,mobile_android,Kochi,Jaipur,2026-07-30T08:33:03.124880
pay_d5b3fd086db34a,mer_1022,cust_20249,3717.34,INR,upi,SBI,captured,none,0,none,11.8,8,3,0,1,0.78,0,0,mobile_android,Mumbai,Mumbai,2026-07-30T08:44:08.124880
pay_a66a971c22ae4d,mer_1009,cust_20564,45308.37,INR,upi,HDFC,captured,none,0,none,54.5,8,3,0,0,83.47,0,1,mobile_ios,Pune,Pune,2026-07-30T08:50:49.124880
pay_37312916d5df40,mer_1015,cust_20476,2828.41,INR,card_credit,SBI,captured,none,0,none,15.8,8,3,0,0,2.42,0,0,desktop_safari,Ahmedabad,Ahmedabad,2026-07-30T08:51:01.124880
pay_69cbaf374cc048,mer_1039,cust_20590,31006.35,INR,upi,AXIS,failed,insufficient_funds,0,none,27.8,9,3,0,0,7.32,0,0,desktop_windows,Pune,Pune,2026-07-30T09:17:25.124880
pay_7759447a733640,mer_1001,cust_20430,3468.77,INR,card_credit,ICICI,captured,none,0,none,35.9,9,3,0,0,9.66,0,0,desktop_windows,Chennai,Chennai,2026-07-30T09:54:51.124880
pay_05ad4a8f10c34d,mer_1025,cust_20340,35959.97,INR,upi,HDFC,captured,none,0,none,35.0,10,3,0,0,41.13,0,0,desktop_safari,Bengaluru,Bengaluru,2026-07-30T10:01:47.124880
pay_6106dbca80c748,mer_1005,cust_20307,12095.29,INR,card_credit,ICICI,captured,none,0,none,41.0,10,3,0,1,40.32,548,0,desktop_safari,Kolkata,Pune,2026-07-30T10:25:14.124880
pay_f6d0e6ce2c7748,mer_1018,cust_20309,11368.69,INR,upi,AXIS,captured,none,0,none,27.6,10,3,0,1,21.5,0,0,desktop_windows,Ahmedabad,Ahmedabad,2026-07-30T10:27:17.124880
pay_716ae506d62b48,mer_1020,cust_20525,6893.56,INR,upi,HDFC,captured,none,0,none,30.1,10,3,0,0,22.98,0,0,desktop_chrome,Jaipur,Jaipur,2026-07-30T10:30:01.124880
pay_0c8e81f52dbd46,mer_1030,cust_20289,3817.68,INR,card_debit,SBI,captured,none,0,none,8.6,10,3,0,0,1.38,0,0,mobile_android,Delhi NCR,Delhi NCR,2026-07-30T10:40:59.124880
pay_8d14fb7cfc9347,mer_1014,cust_20227,17879.61,INR,card_credit,SBI,captured,none,0,none,32.9,10,3,0,0,59.6,0,0,mobile_android,Pune,Pune,2026-07-30T10:43:26.124880
pay_8f86acf0b43048,mer_1015,cust_20048,764.74,INR,upi,KOTAK,captured,none,0,none,7.4,10,3,0,0,1.3,0,0,desktop_windows,Bengaluru,Bengaluru,2026-07-30T10:54:40.124880
pay_dc06392b495d4d,mer_1009,cust_20135,47442.4,INR,upi,HDFC,captured,none,0,none,37.9,11,3,0,0,17.01,0,0,mobile_ios,Hyderabad,Hyderabad,2026-07-30T11:00:10.124880
pay_1611f971b0a443,mer_1001,cust_20406,1495.7,INR,upi,HDFC,captured,none,0,none,10.4,11,3,0,0,0.42,0,0,desktop_windows,Kolkata,Kolkata,2026-07-30T11:09:24.124880
pay_ded751dc50b14d,mer_1012,cust_20155,23229.01,INR,upi,HDFC,captured,none,0,none,25.0,11,3,0,1,4.89,0,0,desktop_chrome,Pune,Pune,2026-07-30T11:15:10.124880
pay_5db42fe40a1149,mer_1002,cust_20189,35855.02,INR,card_credit,SBI,captured,none,0,none,30.3,11,3,0,0,19.9,0,0,desktop_chrome,Kolkata,Kolkata,2026-07-30T11:28:03.124880
pay_4de8244cc3f442,mer_1039,cust_20317,50496.06,INR,upi,ICICI,captured,none,0,none,54.4,11,3,0,0,14.86,0,1,desktop_chrome,Jaipur,Jaipur,2026-07-30T11:43:07.124880
pay_5436ebf388234d,mer_1030,cust_20477,7706.91,INR,netbanking,ICICI,captured,none,0,none,9.4,11,3,0,0,1.03,0,0,mobile_ios,Kochi,Kochi,2026-07-30T11:53:47.124880
pay_db6902bb35cf46,mer_1023,cust_20201,1067.66,INR,card_credit,SBI,captured,none,0,none,14.9,11,3,0,0,0.77,0,0,desktop_safari,Mumbai,Mumbai,2026-07-30T11:56:08.124880
pay_c77d1af09a864a,mer_1027,cust_20069,738.3,INR,upi,AXIS,captured,none,0,none,7.3,12,3,0,1,0.4,0,0,desktop_windows,Mumbai,Mumbai,2026-07-30T12:16:08.124880
pay_a0c57509ce5542,mer_1016,cust_20071,57843.29,INR,card_credit,ICICI,captured,none,0,none,27.3,12,3,0,2,31.14,0,0,desktop_safari,Bengaluru,Bengaluru,2026-07-30T12:27:00.124880
pay_ed8465fac38440,mer_1032,cust_20127,5137.94,INR,upi,SBI,captured,none,0,none,26.2,12,3,0,0,4.3,0,0,desktop_chrome,Kolkata,Kolkata,2026-07-30T12:55:44.124880
pay_5d40a1ebb5ef48,mer_1010,cust_20320,6772.41,INR,upi,HDFC,captured,none,0,none,28.6,13,3,0,0,3.7,0,0,mobile_ios,Kolkata,Kolkata,2026-07-30T13:04:22.124880
pay_3f6a5e7f290c40,mer_1005,cust_20213,54369.38,INR,upi,ICICI,captured,none,0,none,26.5,13,3,0,1,36.01,0,0,mobile_ios,Bengaluru,Bengaluru,2026-07-30T13:04:50.124880
pay_35d1c414682b41,mer_1036,cust_20207,14405.7,INR,card_debit,ICICI,captured,none,0,none,35.0,13,3,0,0,12.63,0,0,desktop_windows,Delhi NCR,Delhi NCR,2026-07-30T13:05:44.124880
pay_1ed9835dfa934d,mer_1002,cust_20398,34412.31,INR,card_debit,HDFC,captured,none,0,none,32.3,13,3,0,0,20.74,0,0,mobile_ios,Hyderabad,Hyderabad,2026-07-30T13:08:22.124880
pay_f60aafc232b64c,mer_1018,cust_20324,11072.71,INR,netbanking,HDFC,captured,none,0,none,39.7,13,3,0,0,12.25,0,0,desktop_safari,Hyderabad,Hyderabad,2026-07-30T13:11:04.124880
pay_5b012a30ee5043,mer_1017,cust_20542,996.42,INR,upi,HDFC,captured,none,0,none,5.1,13,3,0,1,0.56,0,0,desktop_chrome,Ahmedabad,Ahmedabad,2026-07-30T13:17:22.124880
pay_e1495ef53dad47,mer_1027,cust_20593,1725.29,INR,upi,ICICI,captured,none,0,none,15.7,13,3,0,0,0.26,0,0,mobile_android,Bengaluru,Bengaluru,2026-07-30T13:24:50.124880
pay_b5024c3a3fd847,mer_1012,cust_20237,29753.99,INR,card_credit,SBI,captured,none,0,none,29.5,13,3,0,0,15.14,0,0,desktop_chrome,Pune,Pune,2026-07-30T13:27:54.124880
pay_d02a0ce72d8241,mer_1024,cust_20005,2688.22,INR,upi,AXIS,captured,none,0,none,37.9,13,3,0,0,3.23,0,0,mobile_android,Jaipur,Jaipur,2026-07-30T13:29:35.124880
pay_a22ccb93b18047,mer_1009,cust_20383,49200.18,INR,upi,ICICI,captured,none,0,none,49.8,13,3,0,0,29.57,1480,0,mobile_ios,Kochi,Hyderabad,2026-07-30T13:34:04.124880
pay_776cfa3bb95e45,mer_1010,cust_20249,7656.01,INR,upi,SBI,captured,none,0,none,15.9,13,3,0,1,1.62,0,0,desktop_chrome,Mumbai,Mumbai,2026-07-30T13:34:04.124880
pay_f4b723eaa39444,mer_1001,cust_20405,3859.9,INR,upi,SBI,captured,none,0,none,17.4,13,3,0,0,2.22,0,0,desktop_safari,Delhi NCR,Delhi NCR,2026-07-30T13:44:07.124880
pay_bec8960a9d7c4e,mer_1002,cust_20051,45054.19,INR,netbanking,SBI,captured,none,0,none,39.9,13,3,0,0,60.7,0,0,desktop_chrome,Ahmedabad,Ahmedabad,2026-07-30T13:55:10.124880
pay_318fdaa4489c41,mer_1014,cust_20434,22400.8,INR,card_debit,SBI,captured,none,0,none,26.3,14,3,0,1,6.12,0,0,desktop_windows,Pune,Pune,2026-07-30T14:04:42.124880
pay_3c72081609b843,mer_1014,cust_20391,32782.03,INR,upi,ICICI,captured,none,0,none,33.5,14,3,0,0,40.93,0,0,desktop_windows,Jaipur,Jaipur,2026-07-30T14:09:47.124880
pay_f8c4a8daf4864f,mer_1004,cust_20117,32177.71,INR,card_debit,HDFC,captured,none,0,none,36.6,14,3,0,0,59.99,590,0,mobile_android,Mumbai,Kochi,2026-07-30T14:10:31.124880
pay_f861d16edb5a4e,mer_1023,cust_20544,5404.09,INR,card_credit,AXIS,captured,none,0,none,35.9,14,3,0,0,3.43,1652,0,mobile_android,Kochi,Jaipur,2026-07-30T14:58:03.124880
pay_916bb80fb92a42,mer_1016,cust_20066,36738.03,INR,upi,ICICI,captured,none,0,none,29.7,14,3,0,0,29.49,0,0,desktop_windows,Ahmedabad,Ahmedabad,2026-07-30T14:58:21.124880
pay_a6a21255e11149,mer_1021,cust_20361,43323.37,INR,upi,HDFC,captured,none,0,none,33.2,15,3,0,0,62.81,0,0,desktop_chrome,Bengaluru,Bengaluru,2026-07-30T15:03:16.124880
pay_c42c26cc9bd642,mer_1003,cust_20094,845.52,INR,wallet,SBI,captured,none,0,none,12.3,15,3,0,0,0.19,0,0,desktop_windows,Chennai,Chennai,2026-07-30T15:16:39.124880
pay_b3105d8871574c,mer_1007,cust_20447,76618.3,INR,upi,ICICI,captured,none,0,none,30.3,15,3,0,0,20.46,0,0,mobile_android,Delhi NCR,Delhi NCR,2026-07-30T15:18:17.124880
pay_91522c8dedf34f,mer_1034,cust_20207,484.19,INR,card_credit,HDFC,captured,none,0,none,8.8,15,3,0,1,0.42,0,0,desktop_chrome,Delhi NCR,Delhi NCR,2026-07-30T15:27:16.124880
pay_b72ace7e033c4d,mer_1035,cust_20069,33107.29,INR,card_credit,ICICI,captured,none,0,none,36.4,15,3,0,2,17.9,0,0,mobile_ios,Mumbai,Mumbai,2026-07-30T15:33:46.124880
pay_d69d748736cb46,mer_1011,cust_20290,8850.8,INR,upi,ICICI,captured,none,0,none,11.4,15,3,0,0,2.99,0,0,desktop_windows,Mumbai,Mumbai,2026-07-30T15:48:19.124880
pay_de2042d4d5f94c,mer_1036,cust_20497,41335.75,INR,card_credit,HDFC,captured,none,0,none,43.4,15,3,0,0,14.5,848,0,desktop_safari,Hyderabad,Jaipur,2026-07-30T15:57:15.124880
pay_e2757bb49e044b,mer_1015,cust_20262,4416.34,INR,upi,SBI,captured,none,0,none,17.1,15,3,0,0,1.66,0,0,desktop_windows,Hyderabad,Hyderabad,2026-07-30T15:57:47.124880
pay_329e5f0e5cea43,mer_1030,cust_20196,91266.57,INR,netbanking,HDFC,captured,none,0,none,38.0,15,3,0,1,29.99,0,0,mobile_android,Delhi NCR,Delhi NCR,2026-07-30T15:57:53.124880
pay_6dc6b24c0afa44,mer_1011,cust_20496,49130.06,INR,card_debit,ICICI,captured,none,0,none,40.8,16,3,0,0,62.97,749,0,mobile_ios,Kolkata,Jaipur,2026-07-30T16:08:25.124880
pay_faa5703b797049,mer_1001,cust_20063,669.71,INR,upi,KOTAK,captured,none,0,none,19.5,16,3,0,0,0.51,0,0,mobile_ios,Bengaluru,Bengaluru,2026-07-30T16:08:34.124880
pay_1e59cb4cf8f547,mer_1023,cust_20496,3805.99,INR,card_debit,SBI,captured,none,0,none,32.1,16,3,1,1,4.88,0,0,desktop_safari,Kolkata,Kolkata,2026-07-30T16:49:23.124880
pay_0fc4b4d164e14c,mer_1025,cust_20374,63493.11,INR,card_credit,ICICI,captured,none,0,none,28.5,16,3,0,0,52.44,0,0,desktop_windows,Hyderabad,Hyderabad,2026-07-30T16:49:29.124880
pay_7c185c76edc34b,mer_1019,cust_20273,1639.75,INR,upi,SBI,captured,none,0,none,11.9,16,3,0,0,1.5,0,0,mobile_ios,Ahmedabad,Ahmedabad,2026-07-30T16:56:46.124880
pay_575ba416067348,mer_1013,cust_20187,5591.22,INR,upi,HDFC,captured,none,0,none,25.8,17,3,0,0,9.4,0,0,desktop_safari,Chennai,Chennai,2026-07-30T17:05:07.124880
pay_19e722abb32042,mer_1008,cust_20343,13359.95,INR,upi,SBI,captured,none,0,none,25.1,17,3,0,0,38.72,0,0,mobile_android,Delhi NCR,Delhi NCR,2026-07-30T17:08:01.124880
pay_3d3e181d55ad43,mer_1033,cust_20034,2564.06,INR,upi,ICICI,captured,none,0,none,29.8,17,3,0,0,4.21,0,0,desktop_chrome,Kolkata,Kolkata,2026-07-30T17:08:27.124880
pay_774d6b57713543,mer_1033,cust_20513,4662.24,INR,card_credit,ICICI,captured,none,0,none,45.7,17,3,0,0,5.16,975,0,mobile_android,Jaipur,Kochi,2026-07-30T17:09:22.124880
pay_836a8f87bc4844,mer_1027,cust_20397,1100.58,INR,card_debit,SBI,captured,none,0,none,10.5,17,3,0,0,0.43,0,0,desktop_safari,Delhi NCR,Delhi NCR,2026-07-30T17:11:46.124880
pay_ef45119c935746,mer_1034,cust_20146,1609.69,INR,upi,ICICI,failed,issuer_bank_down,0,none,18.2,17,3,0,0,0.37,0,0,desktop_safari,Kolkata,Kolkata,2026-07-30T17:43:19.124880
pay_9a5cee7ec6ca40,mer_1010,cust_20022,1224.16,INR,upi,SBI,captured,none,0,none,22.1,17,3,0,0,2.41,0,1,mobile_android,Bengaluru,Bengaluru,2026-07-30T17:54:17.124880
pay_25e032e117c34e,mer_1008,cust_20411,7123.06,INR,wallet,HDFC,captured,none,0,none,30.7,18,3,0,1,9.76,0,0,desktop_chrome,Bengaluru,Bengaluru,2026-07-30T18:06:58.124880
pay_5c53ac198b2a4c,mer_1013,cust_20014,34531.38,INR,upi,HDFC,refunded,customer_return,0,none,39.1,18,3,0,0,83.9,0,0,mobile_ios,Bengaluru,Bengaluru,2026-07-30T18:21:55.124880
pay_858e933f189a48,mer_1035,cust_20046,75416.18,INR,upi,SBI,captured,none,0,none,34.3,18,3,0,0,107.38,0,0,desktop_windows,Mumbai,Mumbai,2026-07-30T18:27:04.124880
pay_96c37b915eac49,mer_1015,cust_20051,3097.3,INR,netbanking,SBI,captured,none,0,none,37.1,18,3,0,1,4.17,956,0,mobile_android,Ahmedabad,Kolkata,2026-07-30T18:43:15.124880
pay_00321577f74246,mer_1028,cust_20533,13490.97,INR,upi,AXIS,captured,none,0,none,28.3,19,3,0,0,7.83,0,0,desktop_chrome,Jaipur,Jaipur,2026-07-30T19:11:35.124880
pay_54df028e46ab48,mer_1006,cust_20038,45751.45,INR,wallet,SBI,captured,none,0,none,49.3,19,3,0,0,118.71,0,1,desktop_windows,Kochi,Kochi,2026-07-30T19:19:20.124880
pay_24f44b5014ed43,mer_1019,cust_20143,656.96,INR,upi,SBI,captured,none,0,none,15.9,19,3,0,2,0.7,0,0,desktop_safari,Hyderabad,Hyderabad,2026-07-30T19:22:02.124880
pay_ba2463c9b88844,mer_1026,cust_20498,10139.03,INR,upi,SBI,captured,none,0,none,33.2,19,3,0,1,3.5,0,0,desktop_windows,Chennai,Chennai,2026-07-30T19:51:08.124880
pay_ffef6f92dd3c47,mer_1023,cust_20026,7894.25,INR,upi,SBI,captured,none,0,none,37.5,20,3,0,0,9.07,0,0,mobile_ios,Kochi,Kochi,2026-07-30T20:05:06.124880
pay_b4a319f33f6b4c,mer_1033,cust_20012,2198.58,INR,card_credit,SBI,captured,none,0,none,35.1,20,3,0,0,5.04,0,0,desktop_chrome,Kolkata,Kolkata,2026-07-30T20:09:57.124880
pay_9d0cc3be422d4b,mer_1035,cust_20001,20465.55,INR,upi,SBI,captured,none,0,none,34.0,20,3,0,0,20.22,0,0,desktop_chrome,Chennai,Chennai,2026-07-30T20:15:18.124880
pay_181f855da09945,mer_1032,cust_20390,11142.94,INR,upi,ICICI,captured,none,0,none,6.9,20,3,0,0,2.04,0,0,desktop_chrome,Kochi,Kochi,2026-07-30T20:19:38.124880
pay_7a119b002f5649,mer_1029,cust_20112,943.73,INR,netbanking,AXIS,captured,none,0,none,10.9,20,3,0,0,0.42,0,0,mobile_ios,Pune,Pune,2026-07-30T20:21:57.124880
pay_32070c00073d48,mer_1006,cust_20548,9281.48,INR,upi,HDFC,captured,none,0,none,28.9,20,3,0,0,2.17,0,1,desktop_chrome,Hyderabad,Hyderabad,2026-07-30T20:39:35.124880
pay_0c3686e3252945,mer_1012,cust_20536,37910.7,INR,netbanking,ICICI,captured,none,0,none,25.3,20,3,0,0,28.22,0,0,mobile_ios,Bengaluru,Bengaluru,2026-07-30T20:54:35.124880
pay_3b93a660d95c41,mer_1007,cust_20154,53023.55,INR,upi,HDFC,captured,none,0,none,30.2,21,3,0,0,136.3,0,0,mobile_ios,Kochi,Kochi,2026-07-30T21:06:08.124880
pay_c88d379cee8244,mer_1012,cust_20166,32043.14,INR,upi,HDFC,captured,none,0,none,40.3,21,3,0,1,64.07,0,1,mobile_ios,Ahmedabad,Ahmedabad,2026-07-30T21:14:48.124880
pay_0a21a579830b46,mer_1009,cust_20268,54334.58,INR,card_debit,KOTAK,captured,none,0,none,34.5,21,3,0,0,37.74,0,0,desktop_safari,Ahmedabad,Ahmedabad,2026-07-30T21:57:01.124880
pay_32b3853f2ab24c,mer_1002,cust_20335,10185.23,INR,upi,AXIS,captured,none,0,none,25.7,21,3,0,0,7.69,0,0,desktop_windows,Hyderabad,Hyderabad,2026-07-30T21:58:40.124880
pay_74033e02d86e4d,mer_1025,cust_20556,29524.04,INR,netbanking,AXIS,captured,none,0,none,38.4,22,3,0,0,13.42,0,0,desktop_chrome,Jaipur,Jaipur,2026-07-30T22:08:44.124880
pay_806a231cdfa14e,mer_1035,cust_20429,20316.41,INR,upi,AXIS,captured,none,0,none,34.8,22,3,0,0,23.34,0,0,desktop_chrome,Hyderabad,Hyderabad,2026-07-30T22:15:19.124880
pay_1010a9d001ed41,mer_1028,cust_20164,4790.72,INR,card_debit,AXIS,captured,none,0,none,32.1,22,3,0,1,3.5,0,0,mobile_ios,Mumbai,Mumbai,2026-07-30T22:17:41.124880
pay_87e050fd958449,mer_1034,cust_20483,2767.69,INR,upi,ICICI,captured,none,0,none,18.1,22,3,0,0,1.05,0,0,desktop_windows,Mumbai,Mumbai,2026-07-30T22:28:57.124880
pay_3f6855d6296743,mer_1028,cust_20346,1451.31,INR,card_debit,HDFC,failed,issuer_bank_down,0,none,9.0,23,3,0,0,1.51,0,0,desktop_chrome,Hyderabad,Hyderabad,2026-07-30T23:03:42.124880
pay_f8b6fcc1325240,mer_1030,cust_20170,36489.94,INR,card_credit,HDFC,captured,none,0,none,38.7,23,3,0,0,26.57,0,0,mobile_ios,Jaipur,Jaipur,2026-07-30T23:06:58.124880
pay_2097498081cf40,mer_1032,cust_20146,15977.84,INR,card_debit,SBI,captured,none,0,none,27.1,23,3,0,1,3.7,0,0,mobile_android,Kolkata,Kolkata,2026-07-30T23:26:57.124880
pay_e7b22c07280849,mer_1036,cust_20360,9247.65,INR,upi,HDFC,captured,none,0,none,38.6,23,3,0,0,10.04,197,0,desktop_windows,Delhi NCR,Chennai,2026-07-30T23:47:27.124880
pay_3b514311f6304b,mer_1039,cust_20272,35870.49,INR,card_debit,SBI,captured,none,0,none,26.5,23,3,0,1,7.83,0,0,desktop_chrome,Ahmedabad,Ahmedabad,2026-07-30T23:51:03.124880
pay_1e82fa9fcb9340,mer_1010,cust_20245,2938.69,INR,card_credit,ICICI,captured,none,0,none,35.1,23,3,0,0,5.3,0,0,desktop_safari,Mumbai,Mumbai,2026-07-30T23:51:46.124880
pay_bf8870e3a8eb40,mer_1012,cust_20353,16245.42,INR,upi,HDFC,captured,none,0,none,31.5,23,3,0,0,11.41,0,0,desktop_chrome,Jaipur,Jaipur,2026-07-30T23:55:46.124880
pay_d484d5a6dbfc4e,mer_1003,cust_20083,516.18,INR,card_credit,ICICI,captured,none,0,none,15.5,0,4,0,0,0.33,0,0,desktop_chrome,Chennai,Chennai,2026-07-31T00:05:22.124880
pay_7730222bb7f640,mer_1027,cust_20139,616.36,INR,upi,ICICI,captured,none,0,none,12.1,0,4,0,1,0.9,0,0,mobile_android,Jaipur,Jaipur,2026-07-31T00:13:13.124880
pay_be894f8b4d5941,mer_1028,cust_20171,2665.32,INR,card_debit,HDFC,failed,auth_timeout,0,none,15.9,0,4,0,0,2.41,1226,0,desktop_safari,Delhi NCR,Pune,2026-07-31T00:29:44.124880
pay_87979ad2c5a34c,mer_1037,cust_20240,1426.8,INR,upi,AXIS,captured,none,0,none,10.0,0,4,0,0,1.78,0,0,desktop_chrome,Bengaluru,Bengaluru,2026-07-31T00:39:17.124880
pay_610b417d976241,mer_1022,cust_20553,4954.04,INR,upi,AXIS,captured,none,0,none,37.4,0,4,0,0,3.15,0,0,mobile_android,Kolkata,Kolkata,2026-07-31T00:40:02.124880
pay_3f9d8493e67b44,mer_1034,cust_20570,2918.84,INR,upi,HDFC,captured,none,0,none,47.9,0,4,0,0,9.73,1481,0,mobile_ios,Chennai,Pune,2026-07-31T00:46:03.124880
pay_1efbb1fe2b5d40,mer_1010,cust_20567,1175.49,INR,upi,SBI,captured,none,0,none,20.0,1,4,0,0,1.5,0,0,desktop_safari,Mumbai,Mumbai,2026-07-31T01:01:35.124880
pay_2a76260d581946,mer_1038,cust_20025,9300.68,INR,card_credit,SBI,captured,none,0,none,48.7,1,4,0,0,11.8,0,0,desktop_chrome,Chennai,Chennai,2026-07-31T01:18:49.124880
pay_389a71134bc941,mer_1006,cust_20040,31961.87,INR,card_credit,AXIS,captured,none,0,none,36.7,1,4,0,0,14.67,0,0,mobile_android,Hyderabad,Hyderabad,2026-07-31T01:32:12.124880
pay_57b2abea111648,mer_1030,cust_20130,24934.06,INR,upi,AXIS,captured,none,0,none,35.8,1,4,0,0,12.65,0,0,desktop_windows,Jaipur,Jaipur,2026-07-31T01:34:08.124880
pay_71fbfbb11e8d4d,mer_1033,cust_20501,900.51,INR,upi,SBI,captured,none,0,none,22.3,1,4,0,0,0.16,0,0,mobile_android,Delhi NCR,Delhi NCR,2026-07-31T01:41:40.124880
pay_b0300bd7025545,mer_1002,cust_20368,31576.51,INR,upi,ICICI,captured,none,0,none,35.8,1,4,0,0,20.16,0,0,desktop_windows,Hyderabad,Hyderabad,2026-07-31T01:48:31.124880
pay_fd7b96292ef44d,mer_1018,cust_20326,2970.79,INR,upi,AXIS,captured,none,0,none,26.2,2,4,0,0,1.14,0,0,desktop_windows,Jaipur,Jaipur,2026-07-31T02:00:06.124880
pay_9488b52305f24f,mer_1020,cust_20355,15627.99,INR,netbanking,HDFC,captured,none,0,none,38.1,2,4,0,0,18.54,0,0,mobile_android,Mumbai,Mumbai,2026-07-31T02:06:36.124880
pay_12c0c654416341,mer_1027,cust_20471,474.05,INR,card_credit,HDFC,captured,none,0,none,27.5,2,4,0,0,0.32,0,0,desktop_windows,Jaipur,Jaipur,2026-07-31T02:14:00.124880
pay_de35bbc80c6b49,mer_1009,cust_20458,53997.19,INR,upi,HDFC,failed,issuer_bank_down,0,none,44.9,2,4,0,0,90.33,0,0,mobile_android,Bengaluru,Bengaluru,2026-07-31T02:27:42.124880
pay_d446fc76e25647,mer_1011,cust_20371,38779.57,INR,card_debit,HDFC,captured,none,0,none,38.3,2,4,0,0,18.66,0,0,desktop_safari,Kolkata,Kolkata,2026-07-31T02:34:59.124880
pay_c5248cbe205544,mer_1001,cust_20244,3637.03,INR,upi,SBI,captured,none,0,none,24.7,2,4,0,0,1.47,0,0,desktop_safari,Hyderabad,Hyderabad,2026-07-31T02:49:40.124880
pay_349f85a064bd4f,mer_1028,cust_20494,4951.94,INR,upi,HDFC,captured,none,0,none,19.0,2,4,0,0,2.55,0,0,mobile_android,Bengaluru,Bengaluru,2026-07-31T02:55:47.124880
pay_6abcd18a951f40,mer_1024,cust_20029,6297.87,INR,card_debit,SBI,captured,none,0,none,43.8,2,4,0,0,6.52,0,0,desktop_windows,Chennai,Chennai,2026-07-31T02:58:51.124880
pay_4746812927b249,mer_1006,cust_20272,13141.04,INR,card_debit,HDFC,captured,none,0,none,17.8,3,4,0,2,2.87,0,0,desktop_safari,Ahmedabad,Ahmedabad,2026-07-31T03:35:05.124880
pay_91b4054abdda40,mer_1028,cust_20511,12683.59,INR,upi,ICICI,captured,none,0,none,41.0,3,4,0,0,17.1,0,0,desktop_windows,Bengaluru,Bengaluru,2026-07-31T03:41:59.124880
pay_ce15628fbedf49,mer_1009,cust_20412,67604.71,INR,card_debit,ICICI,captured,none,0,none,47.8,3,4,0,0,120.05,0,0,desktop_safari,Mumbai,Mumbai,2026-07-31T03:45:29.124880
pay_80080910c7aa40,mer_1031,cust_20294,29834.37,INR,card_debit,HDFC,captured,none,0,none,46.8,3,4,0,0,20.32,0,0,desktop_chrome,Kochi,Kochi,2026-07-31T03:47:29.124880
pay_08cfe0bbf58349,mer_1025,cust_20181,18492.66,INR,upi,HDFC,captured,none,0,none,36.5,3,4,0,0,5.29,0,0,desktop_safari,Ahmedabad,Ahmedabad,2026-07-31T03:52:36.124880
pay_88a8eda37be842,mer_1012,cust_20303,19915.49,INR,upi,HDFC,captured,none,0,none,43.1,3,4,0,0,3.66,0,0,desktop_safari,Delhi NCR,Delhi NCR,2026-07-31T03:54:21.124880
pay_1f472806529342,mer_1037,cust_20397,77.83,INR,card_credit,KOTAK,failed,risk_blocked,1,card_testing,90.7,4,4,0,1,0.03,0,0,mobile_ios,Delhi NCR,Delhi NCR,2026-07-31T04:02:00.124880
pay_00e0458fc24440,mer_1015,cust_20412,455.69,INR,card_credit,SBI,captured,none,0,none,16.7,4,4,1,1,0.81,0,0,mobile_ios,Mumbai,Mumbai,2026-07-31T04:25:51.124880
pay_419e04c0592443,mer_1011,cust_20495,25655.47,INR,netbanking,ICICI,captured,none,0,none,36.9,4,4,0,0,17.15,252,0,mobile_ios,Kochi,Pune,2026-07-31T04:26:28.124880
pay_6d40b56c2b4845,mer_1011,cust_20288,3914.02,INR,upi,ICICI,captured,none,0,none,22.9,4,4,0,0,1.44,0,0,desktop_safari,Pune,Pune,2026-07-31T04:29:31.124880
pay_a0f08661dd6845,mer_1034,cust_20259,1564.2,INR,card_debit,ICICI,captured,none,0,none,16.7,4,4,0,0,2.02,0,0,mobile_ios,Jaipur,Jaipur,2026-07-31T04:41:30.124880
pay_c090ad41be1f4d,mer_1035,cust_20420,34543.56,INR,card_debit,PAYTM_BANK,refunded,customer_return,0,none,36.2,4,4,0,0,65.87,0,0,mobile_android,Kolkata,Kolkata,2026-07-31T04:41:41.124880
pay_7ed9991be36a48,mer_1014,cust_20321,39349.03,INR,upi,HDFC,captured,none,0,none,51.2,4,4,0,0,25.34,1094,0,desktop_chrome,Delhi NCR,Kochi,2026-07-31T04:53:01.124880
pay_88749576cb3242,mer_1027,cust_20313,4590.93,INR,card_credit,HDFC,captured,none,0,none,43.0,5,4,0,0,3.08,1226,0,desktop_windows,Delhi NCR,Hyderabad,2026-07-31T05:02:47.124880
pay_3f7f0faa83ca40,mer_1011,cust_20049,37572.38,INR,upi,HDFC,captured,none,0,none,39.8,5,4,0,0,28.68,0,0,mobile_ios,Hyderabad,Hyderabad,2026-07-31T05:04:13.124880
pay_00058a419f9341,mer_1013,cust_20432,13010.31,INR,netbanking,AXIS,captured,none,0,none,34.0,5,4,0,0,6.96,0,0,desktop_windows,Hyderabad,Hyderabad,2026-07-31T05:38:44.124880
pay_4a1a51f03d4a44,mer_1004,cust_20249,16534.55,INR,upi,HDFC,captured,none,0,none,35.2,5,4,0,2,3.49,0,0,mobile_ios,Mumbai,Mumbai,2026-07-31T05:55:50.124880
pay_63acccd4663948,mer_1038,cust_20562,21177.59,INR,card_debit,HDFC,captured,none,0,none,30.1,6,4,0,0,14.41,0,0,mobile_ios,Hyderabad,Hyderabad,2026-07-31T06:19:40.124880
pay_773b0e8dfd1543,mer_1029,cust_20279,1754.5,INR,upi,SBI,captured,none,0,none,6.6,6,4,0,0,1.76,0,0,desktop_chrome,Mumbai,Mumbai,2026-07-31T06:44:00.124880
pay_f727e092cb494b,mer_1012,cust_20193,30888.97,INR,upi,HDFC,captured,none,0,none,28.5,6,4,0,0,6.44,0,0,desktop_chrome,Kolkata,Kolkata,2026-07-31T06:53:32.124880
pay_70e5edede0a34b,mer_1021,cust_20399,25608.17,INR,upi,HDFC,captured,none,0,none,33.8,6,4,0,0,8.64,0,0,desktop_windows,Chennai,Chennai,2026-07-31T06:56:05.124880
pay_264e788ec42342,mer_1020,cust_20372,23690.07,INR,netbanking,ICICI,captured,none,0,none,47.3,7,4,0,0,68.24,0,1,desktop_windows,Kolkata,Kolkata,2026-07-31T07:19:40.124880
pay_d1384ddbe7da48,mer_1013,cust_20337,6628.92,INR,card_credit,SBI,captured,none,0,none,45.4,8,4,0,0,18.38,591,0,desktop_safari,Ahmedabad,Hyderabad,2026-07-31T08:00:36.124880
pay_9c5211eb377d48,mer_1008,cust_20491,89735.48,INR,card_credit,SBI,captured,none,0,none,26.4,8,4,0,0,9.23,0,0,mobile_ios,Ahmedabad,Ahmedabad,2026-07-31T08:10:57.124880
pay_283021ff13754a,mer_1040,cust_20538,14204.7,INR,netbanking,AXIS,captured,none,0,none,5.2,8,4,0,0,2.3,0,0,mobile_ios,Kolkata,Kolkata,2026-07-31T08:15:24.124880
pay_d3d17641de4346,mer_1035,cust_20103,22305.57,INR,card_credit,HDFC,captured,none,0,none,35.4,8,4,0,0,12.28,0,0,desktop_chrome,Kochi,Kochi,2026-07-31T08:23:43.124880
pay_179f495de2f444,mer_1016,cust_20377,36163.76,INR,upi,SBI,captured,none,0,none,25.1,8,4,0,0,79.54,0,0,desktop_windows,Pune,Pune,2026-07-31T08:38:17.124880
pay_911fd7b7a9a347,mer_1037,cust_20292,1059.12,INR,upi,ICICI,captured,none,0,none,9.9,8,4,0,0,0.7,0,0,desktop_safari,Jaipur,Jaipur,2026-07-31T08:38:52.124880
pay_8d583b0324a444,mer_1006,cust_20058,15938.44,INR,upi,AXIS,captured,none,0,none,36.2,9,4,0,0,4.66,0,0,mobile_android,Mumbai,Mumbai,2026-07-31T09:27:21.124880
pay_2d222865155e4b,mer_1038,cust_20180,12538.35,INR,upi,KOTAK,captured,none,0,none,33.1,9,4,0,0,37.12,0,0,desktop_safari,Delhi NCR,Delhi NCR,2026-07-31T09:34:59.124880
pay_d154e57e273747,mer_1006,cust_20583,29743.47,INR,upi,AXIS,captured,none,0,none,29.2,9,4,0,0,37.18,0,0,mobile_android,Chennai,Chennai,2026-07-31T09:46:41.124880
pay_5264bd5c764e46,mer_1010,cust_20302,2011.92,INR,upi,ICICI,captured,none,0,none,8.1,10,4,0,0,0.44,0,0,desktop_chrome,Ahmedabad,Ahmedabad,2026-07-31T10:01:31.124880
pay_30de45e1938e41,mer_1024,cust_20105,3900.27,INR,netbanking,SBI,captured,none,0,none,24.3,10,4,0,0,1.05,0,1,desktop_safari,Bengaluru,Bengaluru,2026-07-31T10:05:32.124880
pay_ec8a6aebbb5d4a,mer_1036,cust_20181,8022.92,INR,upi,SBI,captured,none,0,none,24.5,10,4,0,1,2.3,568,0,mobile_android,Ahmedabad,Pune,2026-07-31T10:07:16.124880
pay_ad85208845e54d,mer_1034,cust_20383,5247.67,INR,card_credit,AXIS,captured,none,0,none,29.3,10,4,0,1,3.15,0,0,desktop_safari,Kochi,Kochi,2026-07-31T10:28:08.124880
pay_0f82f6cb18a043,mer_1014,cust_20331,21189.41,INR,card_credit,AXIS,failed,insufficient_funds,0,none,37.0,11,4,0,0,32.38,0,0,desktop_windows,Hyderabad,Hyderabad,2026-07-31T11:07:17.124880
pay_a698c7793bdb4f,mer_1022,cust_20281,2736.32,INR,upi,ICICI,captured,none,0,none,31.7,11,4,0,0,5.03,0,0,desktop_windows,Ahmedabad,Ahmedabad,2026-07-31T11:10:21.124880
pay_24050fe454fd41,mer_1035,cust_20594,59145.09,INR,upi,HDFC,captured,none,0,none,26.2,11,4,0,0,40.88,0,0,desktop_safari,Pune,Pune,2026-07-31T11:28:03.124880
pay_e46755d3d92841,mer_1002,cust_20221,87955.79,INR,card_debit,HDFC,captured,none,0,none,29.9,11,4,0,0,293.19,0,0,desktop_safari,Kolkata,Kolkata,2026-07-31T11:42:39.124880
pay_3da004dd8c4a45,mer_1022,cust_20079,5075.94,INR,upi,ICICI,captured,none,0,none,8.1,12,4,0,0,1.32,0,0,desktop_chrome,Mumbai,Mumbai,2026-07-31T12:19:40.124880
pay_4eb4701b273e48,mer_1024,cust_20446,8524.25,INR,card_credit,ICICI,captured,none,0,none,15.6,12,4,0,0,2.18,0,0,mobile_android,Kochi,Kochi,2026-07-31T12:22:09.124880
pay_38ca3ed39e7e44,mer_1015,cust_20497,4554.79,INR,upi,HDFC,captured,none,0,none,18.5,12,4,0,1,1.6,0,0,desktop_windows,Hyderabad,Hyderabad,2026-07-31T12:23:26.124880
pay_e7487a2eb96549,mer_1029,cust_20128,374.65,INR,upi,HDFC,captured,none,0,none,16.3,12,4,0,0,0.64,0,0,desktop_windows,Delhi NCR,Delhi NCR,2026-07-31T12:29:20.124880
pay_ac28b906b51442,mer_1020,cust_20527,22348.42,INR,wallet,HDFC,captured,none,0,none,25.8,12,4,0,0,14.26,0,0,mobile_ios,Jaipur,Jaipur,2026-07-31T12:35:00.124880
pay_45f83b3a581347,mer_1025,cust_20201,4058.17,INR,upi,ICICI,captured,none,0,none,17.1,12,4,0,0,2.92,0,0,mobile_ios,Mumbai,Mumbai,2026-07-31T12:51:45.124880
pay_d59cc1c06f144f,mer_1014,cust_20002,22889.04,INR,card_debit,SBI,captured,none,0,none,25.7,13,4,0,0,76.3,0,0,desktop_safari,Mumbai,Mumbai,2026-07-31T13:04:51.124880
pay_2d3c9ed6804643,mer_1014,cust_20397,46930.25,INR,upi,HDFC,captured,none,0,none,30.7,14,4,0,2,18.31,0,0,desktop_chrome,Delhi NCR,Delhi NCR,2026-07-31T14:15:41.124880
pay_c7756456056149,mer_1016,cust_20239,71972.5,INR,upi,HDFC,captured,none,0,none,28.3,14,4,0,0,71.73,0,0,mobile_android,Chennai,Chennai,2026-07-31T14:31:11.124880
pay_728ffe75828f47,mer_1008,cust_20458,46480.37,INR,upi,AXIS,captured,none,0,none,25.6,14,4,0,1,77.75,0,0,mobile_ios,Bengaluru,Bengaluru,2026-07-31T14:41:49.124880
pay_c6432f0ffb4d41,mer_1040,cust_20568,33681.07,INR,netbanking,SBI,captured,none,0,none,39.1,14,4,0,0,6.9,0,0,desktop_chrome,Kolkata,Kolkata,2026-07-31T14:48:00.124880
pay_c62a466d75c848,mer_1033,cust_20343,1135.45,INR,upi,ICICI,captured,none,0,none,33.4,14,4,0,1,3.29,0,0,mobile_android,Delhi NCR,Delhi NCR,2026-07-31T14:51:38.124880
pay_e617407ccb474e,mer_1019,cust_20026,4757.33,INR,upi,HDFC,captured,none,0,none,32.1,14,4,0,1,5.47,0,0,desktop_windows,Kochi,Kochi,2026-07-31T14:53:07.124880
pay_8d4e4db405bf45,mer_1014,cust_20213,38199.77,INR,upi,SBI,captured,none,0,none,54.4,15,4,0,0,25.3,1662,1,desktop_safari,Bengaluru,Pune,2026-07-31T15:10:34.124880
pay_76196fee4d6a4c,mer_1017,cust_20352,2156.83,INR,upi,PAYTM_BANK,captured,none,0,none,39.8,15,4,0,0,4.46,0,0,mobile_ios,Jaipur,Jaipur,2026-07-31T15:24:35.124880
pay_57c37bcc48bd47,mer_1001,cust_20038,5471.26,INR,upi,HDFC,captured,none,0,none,42.5,15,4,0,1,14.2,780,0,desktop_chrome,Kochi,Hyderabad,2026-07-31T15:24:38.124880
pay_ccfd4f65eee64c,mer_1038,cust_20409,5585.81,INR,card_debit,PAYTM_BANK,captured,none,0,none,29.7,15,4,0,0,4.34,0,0,desktop_safari,Delhi NCR,Delhi NCR,2026-07-31T15:24:51.124880
pay_affd82fe338f4c,mer_1020,cust_20482,27033.62,INR,upi,KOTAK,captured,none,0,none,34.8,15,4,0,0,14.46,0,0,mobile_android,Hyderabad,Hyderabad,2026-07-31T15:48:44.124880
pay_73b8950d024649,mer_1025,cust_20561,3144.79,INR,netbanking,SBI,failed,auth_timeout,0,none,26.0,16,4,0,0,5.14,0,0,desktop_windows,Hyderabad,Hyderabad,2026-07-31T16:00:45.124880
pay_dbaa3ad57c8e40,mer_1011,cust_20239,11445.1,INR,card_credit,HDFC,captured,none,0,none,34.3,16,4,0,1,11.41,0,0,mobile_android,Chennai,Chennai,2026-07-31T16:03:13.124880
pay_8fb11fc170584a,mer_1028,cust_20179,1460.45,INR,netbanking,HDFC,captured,none,0,none,8.7,16,4,0,0,0.6,0,0,desktop_safari,Bengaluru,Bengaluru,2026-07-31T16:23:55.124880
pay_dacddf0706164f,mer_1036,cust_20093,82.73,INR,upi,SBI,failed,risk_blocked,1,card_testing,96.4,16,4,0,0,0.02,0,0,mobile_ios,Hyderabad,Hyderabad,2026-07-31T16:28:10.124880
pay_cfe7d893d19f4f,mer_1011,cust_20232,11765.75,INR,card_debit,ICICI,captured,none,0,none,8.1,16,4,0,0,1.51,0,0,desktop_safari,Kolkata,Kolkata,2026-07-31T16:29:22.124880
pay_944b1a0258bd49,mer_1024,cust_20079,1568.97,INR,upi,HDFC,captured,none,0,none,14.3,17,4,0,1,0.41,0,0,desktop_safari,Mumbai,Mumbai,2026-07-31T17:11:01.124880
pay_d08c0ceb51934e,mer_1034,cust_20551,696.5,INR,upi,HDFC,captured,none,0,none,16.9,17,4,0,0,0.26,0,0,desktop_windows,Kolkata,Kolkata,2026-07-31T17:13:56.124880
pay_7dc3cf12772141,mer_1005,cust_20175,31291.8,INR,wallet,ICICI,captured,none,0,none,28.2,17,4,0,0,31.12,0,0,mobile_android,Hyderabad,Hyderabad,2026-07-31T17:18:56.124880
pay_a4cb9b3e5a594d,mer_1014,cust_20100,36020.11,INR,card_credit,HDFC,captured,none,0,none,26.0,17,4,0,0,9.52,0,0,mobile_android,Kolkata,Kolkata,2026-07-31T17:18:57.124880
pay_adae1989795547,mer_1017,cust_20395,1775.19,INR,upi,HDFC,captured,none,0,none,16.4,17,4,0,0,0.75,0,0,desktop_windows,Delhi NCR,Delhi NCR,2026-07-31T17:23:51.124880
pay_4edf85fe56c048,mer_1004,cust_20105,11036.31,INR,upi,ICICI,captured,none,0,none,14.6,17,4,0,1,2.96,0,0,desktop_chrome,Bengaluru,Bengaluru,2026-07-31T17:32:32.124880
pay_15e1c50f89e34d,mer_1024,cust_20201,2369.68,INR,card_debit,KOTAK,captured,none,0,none,30.7,17,4,0,1,1.71,757,1,desktop_safari,Mumbai,Pune,2026-07-31T17:34:53.124880
pay_40e081c7f7d749,mer_1027,cust_20370,3584.93,INR,card_credit,HDFC,captured,none,0,none,38.3,17,4,0,0,5.29,0,0,desktop_safari,Ahmedabad,Ahmedabad,2026-07-31T17:37:21.124880
pay_67f05e5d38dc47,mer_1008,cust_20572,43729.99,INR,card_credit,HDFC,captured,none,0,none,35.3,17,4,0,0,15.94,0,0,desktop_windows,Hyderabad,Hyderabad,2026-07-31T17:37:26.124880
pay_b707362ce78744,mer_1040,cust_20106,45668.88,INR,upi,PAYTM_BANK,captured,none,0,none,35.5,17,4,0,0,37.12,0,0,desktop_windows,Chennai,Chennai,2026-07-31T17:51:52.124880
pay_1dd0a271be994f,mer_1034,cust_20136,3414.84,INR,upi,HDFC,captured,none,0,none,10.3,18,4,0,0,1.65,0,0,desktop_windows,Hyderabad,Hyderabad,2026-07-31T18:05:27.124880
pay_ad42324700314f,mer_1026,cust_20175,59269.8,INR,card_credit,ICICI,captured,none,0,none,50.6,18,4,0,1,58.94,0,1,mobile_ios,Hyderabad,Hyderabad,2026-07-31T18:23:55.124880
pay_f1eb3e40623842,mer_1001,cust_20012,3523.47,INR,upi,HDFC,captured,none,0,none,35.6,18,4,0,1,8.07,0,0,desktop_chrome,Kolkata,Kolkata,2026-07-31T18:30:01.124880
pay_8b41c1bd05b849,mer_1011,cust_20150,35842.67,INR,upi,PAYTM_BANK,captured,none,0,none,26.8,18,4,0,0,4.77,0,0,desktop_safari,Chennai,Chennai,2026-07-31T18:34:14.124880
pay_fe71e1d03e5341,mer_1040,cust_20359,45927.78,INR,upi,ICICI,captured,none,0,none,25.2,18,4,0,0,34.66,0,0,mobile_android,Mumbai,Mumbai,2026-07-31T18:35:28.124880
pay_e776201426734f,mer_1025,cust_20045,76658.38,INR,upi,HDFC,captured,none,0,none,31.0,18,4,0,0,80.03,0,0,desktop_chrome,Hyderabad,Hyderabad,2026-07-31T18:59:11.124880
pay_74cf8a97f71f40,mer_1039,cust_20350,11501.69,INR,upi,ICICI,captured,none,0,none,26.4,19,4,0,0,15.38,0,0,desktop_windows,Kolkata,Kolkata,2026-07-31T19:04:57.124880
pay_c245d29d20df45,mer_1025,cust_20338,61142.17,INR,card_credit,ICICI,captured,none,0,none,35.5,19,4,0,0,34.4,0,0,desktop_windows,Mumbai,Mumbai,2026-07-31T19:06:56.124880
pay_03b26cd6b4f148,mer_1040,cust_20244,41835.06,INR,upi,ICICI,captured,none,0,none,27.9,19,4,0,1,16.93,0,0,desktop_windows,Hyderabad,Hyderabad,2026-07-31T19:14:38.124880
pay_6aae87affc9c40,mer_1025,cust_20010,54264.64,INR,netbanking,ICICI,refunded,customer_return,0,none,29.9,19,4,0,0,47.0,0,0,desktop_windows,Delhi NCR,Delhi NCR,2026-07-31T19:21:24.124880
pay_2646492d8b124c,mer_1017,cust_20534,815.92,INR,card_credit,PAYTM_BANK,captured,none,0,none,8.9,19,4,0,0,1.04,0,0,desktop_chrome,Kolkata,Kolkata,2026-07-31T19:24:05.124880
pay_00d569c3bccf4c,mer_1037,cust_20049,2313.37,INR,wallet,HDFC,captured,none,0,none,10.0,19,4,0,1,1.77,0,0,desktop_safari,Hyderabad,Hyderabad,2026-07-31T19:33:24.124880
pay_6c2281d0260f4b,mer_1015,cust_20130,141.48,INR,card_credit,ICICI,captured,none,0,none,17.5,19,4,0,1,0.07,0,0,desktop_safari,Jaipur,Jaipur,2026-07-31T19:45:20.124880
pay_2f28f586aa7447,mer_1022,cust_20390,4228.94,INR,card_credit,HDFC,captured,none,0,none,15.8,19,4,0,1,0.77,0,0,mobile_ios,Kochi,Kochi,2026-07-31T19:51:15.124880
pay_a5a673d21f3945,mer_1001,cust_20114,1576.41,INR,upi,HDFC,captured,none,0,none,18.6,20,4,0,0,0.61,0,0,desktop_safari,Pune,Pune,2026-07-31T20:07:39.124880
pay_118fc225a8b04d,mer_1032,cust_20515,16472.66,INR,upi,KOTAK,captured,none,0,none,28.5,20,4,0,0,54.91,0,0,desktop_chrome,Jaipur,Jaipur,2026-07-31T20:22:13.124880
pay_b8108795d16342,mer_1013,cust_20084,19481.77,INR,netbanking,ICICI,captured,none,0,none,31.9,21,4,0,0,10.52,0,0,desktop_windows,Kochi,Kochi,2026-07-31T21:10:13.124880
pay_1f90b896719b47,mer_1018,cust_20090,11770.31,INR,wallet,HDFC,captured,none,0,none,16.2,21,4,0,0,2.13,0,0,mobile_ios,Mumbai,Mumbai,2026-07-31T21:10:49.124880
pay_d657e25465bc45,mer_1008,cust_20505,23352.58,INR,upi,ICICI,captured,none,0,none,31.6,21,4,0,0,11.48,0,0,desktop_chrome,Ahmedabad,Ahmedabad,2026-07-31T21:12:59.124880
pay_dfd063c3385246,mer_1039,cust_20438,33918.48,INR,upi,SBI,captured,none,0,none,37.6,21,4,0,0,19.6,0,0,desktop_windows,Pune,Pune,2026-07-31T21:35:26.124880
pay_3db4641432e84d,mer_1006,cust_20336,11126.63,INR,card_credit,SBI,captured,none,0,none,14.0,21,4,0,0,2.88,0,0,desktop_windows,Ahmedabad,Ahmedabad,2026-07-31T21:39:16.124880
pay_aa437a38d22b4a,mer_1031,cust_20391,32525.0,INR,upi,HDFC,captured,none,0,none,36.9,21,4,0,0,40.61,0,0,mobile_android,Jaipur,Jaipur,2026-07-31T21:40:17.124880
pay_8615bb9a953445,mer_1013,cust_20308,44643.75,INR,card_credit,HDFC,captured,none,0,none,38.9,21,4,0,0,64.25,0,0,desktop_windows,Chennai,Chennai,2026-07-31T21:49:50.124880
pay_d908edad4f1f4c,mer_1021,cust_20268,31690.35,INR,upi,AXIS,captured,none,0,none,34.5,21,4,0,0,22.01,0,0,desktop_safari,Ahmedabad,Ahmedabad,2026-07-31T21:58:25.124880
pay_d919e149e6754e,mer_1009,cust_20508,61504.99,INR,upi,SBI,captured,none,0,none,37.3,22,4,0,0,60.08,0,0,desktop_windows,Hyderabad,Hyderabad,2026-07-31T22:14:25.124880
pay_1271ccc1e73648,mer_1023,cust_20419,6302.31,INR,upi,SBI,captured,none,0,none,17.7,22,4,0,0,1.24,0,0,mobile_android,Kochi,Kochi,2026-07-31T22:24:09.124880
pay_42265242a08640,mer_1014,cust_20571,22352.83,INR,upi,HDFC,captured,none,0,none,31.0,22,4,0,0,10.91,0,0,mobile_ios,Ahmedabad,Ahmedabad,2026-07-31T22:35:57.124880
pay_b1218b6fb90546,mer_1033,cust_20274,2384.54,INR,upi,ICICI,captured,none,0,none,6.5,23,4,0,0,0.51,0,0,desktop_chrome,Delhi NCR,Delhi NCR,2026-07-31T23:06:51.124880
pay_05e476007be94e,mer_1033,cust_20067,448.41,INR,upi,ICICI,captured,none,0,none,18.8,23,4,0,0,0.5,0,0,desktop_chrome,Kochi,Kochi,2026-07-31T23:16:13.124880
pay_0ae94fe9890b4d,mer_1040,cust_20555,35160.39,INR,upi,SBI,captured,none,0,none,33.7,23,4,0,0,14.2,0,0,desktop_safari,Mumbai,Mumbai,2026-07-31T23:17:34.124880
pay_758f812b602549,mer_1003,cust_20493,3307.98,INR,upi,ICICI,captured,none,0,none,6.5,23,4,0,0,1.84,0,0,desktop_chrome,Bengaluru,Bengaluru,2026-07-31T23:36:28.124880
pay_9d0e5622d90646,mer_1027,cust_20578,116.82,INR,upi,HDFC,captured,none,0,none,6.7,23,4,0,0,0.08,0,0,mobile_android,Delhi NCR,Delhi NCR,2026-07-31T23:40:07.124880
pay_ca727f7e0a804e,mer_1014,cust_20369,47688.19,INR,card_credit,ICICI,captured,none,0,none,38.9,23,4,0,0,6.15,1467,0,desktop_safari,Kolkata,Chennai,2026-07-31T23:42:38.124880
pay_0015edb4cd8e4a,mer_1005,cust_20269,19250.09,INR,card_credit,ICICI,captured,none,0,none,39.5,0,5,0,0,3.22,0,0,desktop_safari,Mumbai,Mumbai,2026-08-01T00:04:56.124880
pay_b1032f2529dd44,mer_1032,cust_20317,37769.46,INR,upi,ICICI,captured,none,0,none,33.3,0,5,0,0,11.11,0,0,mobile_ios,Jaipur,Jaipur,2026-08-01T00:05:05.124880
pay_2ccf41d6cdbe4a,mer_1038,cust_20353,35885.7,INR,upi,SBI,captured,none,0,none,28.9,0,5,0,0,25.21,0,0,desktop_safari,Jaipur,Jaipur,2026-08-01T00:08:24.124880
pay_2b0fa7d0d99645,mer_1008,cust_20199,67503.79,INR,upi,HDFC,captured,none,0,none,40.0,0,5,0,0,107.0,0,0,mobile_android,Mumbai,Mumbai,2026-08-01T00:15:27.124880
pay_6c00e54b49d541,mer_1029,cust_20099,1715.7,INR,upi,PAYTM_BANK,captured,none,0,none,30.1,0,5,0,0,3.01,0,0,mobile_ios,Kolkata,Kolkata,2026-08-01T00:29:55.124880
pay_b351ae1768a94e,mer_1003,cust_20531,1616.03,INR,card_credit,ICICI,captured,none,0,none,6.2,0,5,0,0,1.84,0,0,mobile_android,Mumbai,Mumbai,2026-08-01T00:38:17.124880
pay_79d7c8c17bc84c,mer_1023,cust_20032,1414.94,INR,card_credit,HDFC,captured,none,0,none,14.0,0,5,0,0,0.88,0,0,desktop_chrome,Kolkata,Kolkata,2026-08-01T00:43:13.124880
pay_838df3d139544f,mer_1034,cust_20321,3905.93,INR,upi,HDFC,captured,none,0,none,11.0,0,5,0,1,2.52,0,0,mobile_ios,Delhi NCR,Delhi NCR,2026-08-01T00:48:24.124880
pay_71028eca573f45,mer_1016,cust_20362,37997.46,INR,wallet,AXIS,captured,none,0,none,36.9,1,5,0,0,6.62,0,0,desktop_windows,Jaipur,Jaipur,2026-08-01T01:00:02.124880
pay_bec5069ce88046,mer_1035,cust_20552,73395.6,INR,upi,SBI,captured,none,0,none,48.7,1,5,0,0,64.65,0,0,mobile_ios,Kochi,Kochi,2026-08-01T01:11:23.124880
pay_b4952464d87349,mer_1020,cust_20169,28027.3,INR,upi,HDFC,captured,none,0,none,47.3,1,5,0,0,12.95,0,0,desktop_chrome,Hyderabad,Hyderabad,2026-08-01T01:15:53.124880
pay_7dad9020a30247,mer_1005,cust_20275,68954.4,INR,upi,HDFC,captured,none,0,none,59.4,1,5,0,0,27.77,0,1,mobile_android,Bengaluru,Bengaluru,2026-08-01T01:23:56.124880
pay_0bf1d00a603448,mer_1024,cust_20575,599.12,INR,card_debit,ICICI,captured,none,0,none,29.2,1,5,0,0,0.78,0,0,desktop_safari,Pune,Pune,2026-08-01T01:39:24.124880
pay_e6a111260de940,mer_1005,cust_20145,44129.62,INR,netbanking,AXIS,captured,none,0,none,37.5,1,5,0,0,18.83,0,0,mobile_ios,Jaipur,Jaipur,2026-08-01T01:51:51.124880
pay_59437a82313645,mer_1017,cust_20171,1213.02,INR,upi,HDFC,captured,none,0,none,28.0,2,5,0,0,1.1,0,0,desktop_windows,Delhi NCR,Delhi NCR,2026-08-01T02:03:34.124880
pay_2ef12cfab5c24c,mer_1026,cust_20327,51560.89,INR,upi,HDFC,captured,none,0,none,42.8,2,5,0,0,171.87,0,0,desktop_chrome,Pune,Pune,2026-08-01T02:10:18.124880
pay_581b2f93bada4f,mer_1035,cust_20351,39538.56,INR,upi,ICICI,captured,none,0,none,41.7,2,5,0,0,65.99,445,0,desktop_windows,Kochi,Chennai,2026-08-01T02:32:41.124880
pay_388eff8b4a954e,mer_1028,cust_20526,10850.31,INR,upi,HDFC,captured,none,0,none,42.8,2,5,0,0,3.09,0,0,desktop_safari,Jaipur,Jaipur,2026-08-01T02:34:25.124880
pay_b9cd096a1d2649,mer_1013,cust_20249,34435.01,INR,upi,PAYTM_BANK,captured,none,0,none,48.8,2,5,0,1,7.26,0,0,desktop_safari,Mumbai,Mumbai,2026-08-01T02:35:07.124880
pay_2eb4338f60cf41,mer_1030,cust_20495,89726.36,INR,upi,ICICI,captured,none,0,none,35.0,2,5,0,1,59.99,0,0,desktop_windows,Kochi,Kochi,2026-08-01T02:46:03.124880
pay_1239314a5f2e44,mer_1027,cust_20495,2530.76,INR,card_credit,HDFC,captured,none,0,none,24.9,2,5,1,2,1.69,0,0,desktop_windows,Kochi,Kochi,2026-08-01T02:59:00.124880
pay_90314e09c38341,mer_1007,cust_20514,6593.39,INR,upi,ICICI,captured,none,0,none,19.5,3,5,0,0,2.58,0,0,desktop_chrome,Pune,Pune,2026-08-01T03:08:04.124880
pay_164c8b5752954f,mer_1038,cust_20086,45211.64,INR,upi,ICICI,captured,none,0,none,61.3,3,5,0,0,46.16,0,1,desktop_chrome,Ahmedabad,Ahmedabad,2026-08-01T03:25:49.124880
pay_99e819a2581c40,mer_1001,cust_20235,2828.19,INR,upi,ICICI,captured,none,0,none,16.5,3,5,0,0,1.88,0,0,mobile_android,Delhi NCR,Delhi NCR,2026-08-01T03:26:26.124880
pay_0e732ab6312d4b,mer_1026,cust_20558,79999.72,INR,upi,ICICI,captured,none,0,none,46.7,3,5,0,0,43.09,0,0,mobile_ios,Chennai,Chennai,2026-08-01T03:36:25.124880
pay_1d39b1f142ed4b,mer_1022,cust_20176,924.53,INR,upi,HDFC,captured,none,0,none,17.1,3,5,0,0,0.27,0,0,desktop_windows,Mumbai,Mumbai,2026-08-01T03:40:08.124880
pay_a155200882204f,mer_1039,cust_20238,28552.14,INR,upi,PAYTM_BANK,captured,none,0,none,47.1,3,5,0,0,20.83,0,0,desktop_windows,Kolkata,Kolkata,2026-08-01T03:50:50.124880
pay_57da919311a344,mer_1006,cust_20492,16721.28,INR,upi,KOTAK,captured,none,0,none,46.5,4,5,0,0,5.09,0,0,mobile_android,Pune,Pune,2026-08-01T04:01:03.124880
pay_b10faf1472e140,mer_1010,cust_20557,2993.9,INR,upi,HDFC,captured,none,0,none,24.0,4,5,0,0,0.97,0,0,desktop_windows,Mumbai,Mumbai,2026-08-01T04:02:47.124880
pay_cf0da70676f543,mer_1007,cust_20505,34320.15,INR,netbanking,HDFC,captured,none,0,none,58.7,4,5,0,1,16.86,1174,0,mobile_android,Ahmedabad,Kolkata,2026-08-01T04:19:38.124880
pay_f78294bc16014b,mer_1025,cust_20005,25877.58,INR,upi,PAYTM_BANK,captured,none,0,none,46.3,4,5,0,0,31.07,0,0,desktop_windows,Jaipur,Jaipur,2026-08-01T04:24:10.124880
pay_85cce93bd87e49,mer_1030,cust_20414,31448.19,INR,upi,AXIS,captured,none,0,none,45.7,4,5,0,0,8.64,0,0,desktop_chrome,Kochi,Kochi,2026-08-01T04:34:21.124880
pay_2e8550b400d448,mer_1015,cust_20082,1120.99,INR,card_credit,ICICI,captured,none,0,none,18.7,5,5,0,0,0.25,0,0,desktop_safari,Kolkata,Kolkata,2026-08-01T05:12:39.124880
pay_f760cbb98c2049,mer_1032,cust_20271,32910.54,INR,wallet,ICICI,captured,none,0,none,35.9,5,5,0,0,16.01,0,0,mobile_android,Kochi,Kochi,2026-08-01T05:14:14.124880
pay_b909fb2b1f984c,mer_1014,cust_20120,22000.0,INR,upi,PAYTM_BANK,captured,none,0,none,17.3,5,5,0,0,1.05,0,0,mobile_android,Chennai,Chennai,2026-08-01T05:16:08.124880
pay_777d9f2940954d,mer_1020,cust_20489,7467.36,INR,upi,HDFC,captured,none,0,none,30.1,5,5,0,0,16.62,0,0,desktop_chrome,Hyderabad,Hyderabad,2026-08-01T05:16:28.124880
pay_9b4900c282bc40,mer_1010,cust_20525,1876.2,INR,card_credit,ICICI,captured,none,0,none,33.7,5,5,0,0,6.25,0,0,desktop_chrome,Jaipur,Jaipur,2026-08-01T05:27:59.124880
pay_9fad55b2662c4f,mer_1039,cust_20520,23670.87,INR,upi,SBI,captured,none,0,none,34.7,5,5,0,0,6.74,0,0,desktop_safari,Ahmedabad,Ahmedabad,2026-08-01T05:48:03.124880
pay_c4559ab767ef4c,mer_1027,cust_20070,2148.21,INR,upi,HDFC,captured,none,0,none,23.5,5,5,0,0,2.23,1052,0,desktop_safari,Kochi,Ahmedabad,2026-08-01T05:48:21.124880
pay_0767c48530c44d,mer_1027,cust_20148,3440.67,INR,upi,ICICI,captured,none,0,none,19.8,6,5,0,0,1.99,0,0,mobile_android,Kolkata,Kolkata,2026-08-01T06:05:30.124880
pay_9efe94d4dabd4f,mer_1008,cust_20134,19614.27,INR,card_credit,ICICI,captured,none,0,none,39.1,6,5,0,0,11.84,0,0,mobile_ios,Pune,Pune,2026-08-01T06:08:50.124880
pay_f5191f4692ba46,mer_1016,cust_20054,45415.45,INR,card_debit,HDFC,captured,none,0,none,54.3,6,5,0,0,9.92,0,1,desktop_safari,Hyderabad,Hyderabad,2026-08-01T06:28:48.124880
pay_f0707efd5b894c,mer_1025,cust_20580,24276.31,INR,wallet,HDFC,captured,none,0,none,29.8,6,5,0,0,4.59,0,0,mobile_ios,Delhi NCR,Delhi NCR,2026-08-01T06:31:48.124880
pay_0234371745954a,mer_1009,cust_20313,24028.63,INR,upi,ICICI,captured,none,0,none,36.6,7,5,0,0,16.13,692,0,desktop_windows,Delhi NCR,Kolkata,2026-08-01T07:34:17.124880
pay_d7e6b8524f9642,mer_1038,cust_20533,21581.48,INR,card_debit,HDFC,captured,none,0,none,39.9,7,5,0,0,12.52,0,0,mobile_android,Jaipur,Jaipur,2026-08-01T07:35:16.124880
pay_00d74630e35248,mer_1009,cust_20374,57329.23,INR,upi,HDFC,captured,none,0,none,33.9,7,5,0,0,47.35,0,0,desktop_safari,Hyderabad,Hyderabad,2026-08-01T07:36:28.124880
pay_82daff42818242,mer_1009,cust_20173,63560.41,INR,upi,AXIS,captured,none,0,none,36.6,7,5,0,0,24.3,0,0,desktop_chrome,Delhi NCR,Delhi NCR,2026-08-01T07:38:58.124880
pay_f31881a044354d,mer_1009,cust_20553,57415.47,INR,card_debit,ICICI,captured,none,0,none,30.4,8,5,0,0,36.47,0,0,mobile_android,Kolkata,Kolkata,2026-08-01T08:11:53.124880
pay_d03bd6e792cf4f,mer_1027,cust_20178,4729.08,INR,card_credit,HDFC,captured,none,0,none,12.6,8,5,0,0,0.9,0,0,mobile_android,Mumbai,Mumbai,2026-08-01T08:12:58.124880
pay_767d4614ec8b46,mer_1031,cust_20005,4787.03,INR,upi,HDFC,captured,none,0,none,36.3,8,5,0,1,5.75,0,0,mobile_ios,Jaipur,Jaipur,2026-08-01T08:24:01.124880
pay_c97c533ccfaf49,mer_1006,cust_20501,13821.03,INR,upi,ICICI,captured,none,0,none,12.0,8,5,0,0,2.4,0,0,mobile_android,Delhi NCR,Delhi NCR,2026-08-01T08:34:05.124880
pay_187b5622a6ca45,mer_1002,cust_20101,57252.83,INR,upi,ICICI,captured,none,0,none,30.1,8,5,0,0,47.26,0,0,mobile_ios,Pune,Pune,2026-08-01T08:46:30.124880
pay_969f7dc6e68242,mer_1035,cust_20194,38869.94,INR,upi,ICICI,captured,none,0,none,36.9,9,5,0,0,55.57,0,0,desktop_windows,Hyderabad,Hyderabad,2026-08-01T09:03:16.124880
pay_47ed8043c7df4c,mer_1017,cust_20344,661.26,INR,upi,SBI,captured,none,0,none,16.6,9,5,0,0,0.11,850,0,mobile_android,Delhi NCR,Jaipur,2026-08-01T09:17:50.124880
pay_55757317c0ca4a,mer_1028,cust_20509,6624.35,INR,card_credit,AXIS,captured,none,0,none,13.2,9,5,0,0,1.76,0,0,desktop_windows,Jaipur,Jaipur,2026-08-01T09:33:51.124880
pay_cb9080c792df4a,mer_1023,cust_20130,7615.94,INR,upi,SBI,captured,none,0,none,36.5,9,5,0,1,3.86,1328,0,mobile_ios,Jaipur,Pune,2026-08-01T09:34:04.124880
pay_fc728c2148df4d,mer_1035,cust_20381,9570.66,INR,netbanking,AXIS,refunded,customer_return,0,none,16.8,9,5,0,0,2.56,0,0,mobile_android,Delhi NCR,Delhi NCR,2026-08-01T09:51:29.124880
pay_a72f3d1a07dd4c,mer_1022,cust_20471,5896.84,INR,upi,AXIS,captured,none,0,none,34.0,10,5,0,0,3.96,0,0,desktop_safari,Jaipur,Jaipur,2026-08-01T10:34:09.124880
pay_107ee78caa5e41,mer_1034,cust_20559,1619.08,INR,upi,HDFC,captured,none,0,none,16.8,10,5,0,0,1.34,0,0,desktop_safari,Ahmedabad,Ahmedabad,2026-08-01T10:45:02.124880
pay_b9a1a97f46f543,mer_1031,cust_20176,10175.88,INR,netbanking,HDFC,captured,none,0,none,34.1,10,5,0,1,3.02,0,0,desktop_chrome,Mumbai,Mumbai,2026-08-01T10:53:14.124880
pay_ebec5d1f75654c,mer_1025,cust_20371,38720.02,INR,upi,ICICI,captured,none,0,none,28.4,10,5,0,0,18.63,0,0,mobile_android,Kolkata,Kolkata,2026-08-01T10:56:56.124880
pay_9462535816044a,mer_1035,cust_20020,47069.03,INR,card_credit,HDFC,failed,issuer_bank_down,0,none,35.5,11,5,0,0,17.35,0,0,mobile_android,Pune,Pune,2026-08-01T11:17:39.124880
pay_9c2793f0adfa4a,mer_1031,cust_20234,38408.62,INR,upi,HDFC,captured,none,0,none,31.2,11,5,0,0,57.4,0,0,mobile_ios,Delhi NCR,Delhi NCR,2026-08-01T11:23:06.124880
pay_c2ac9533384a4a,mer_1039,cust_20237,30078.44,INR,upi,SBI,captured,none,0,none,26.7,11,5,0,0,15.31,0,0,mobile_android,Pune,Pune,2026-08-01T11:29:13.124880
pay_6788932cfd1340,mer_1030,cust_20189,70152.65,INR,card_debit,ICICI,failed,issuer_bank_down,0,none,26.0,11,5,0,0,38.94,0,0,desktop_windows,Kolkata,Kolkata,2026-08-01T11:31:03.124880
pay_e95c332d631849,mer_1018,cust_20129,3768.2,INR,netbanking,AXIS,captured,none,0,none,14.6,11,5,0,0,2.61,0,0,desktop_safari,Kochi,Kochi,2026-08-01T11:35:59.124880
pay_4d1b11beb66244,mer_1021,cust_20428,41556.34,INR,card_credit,KOTAK,failed,issuer_bank_down,0,none,31.5,11,5,0,0,43.47,0,0,mobile_ios,Pune,Pune,2026-08-01T11:43:07.124880
pay_cd133429e2d045,mer_1011,cust_20309,16014.6,INR,upi,SBI,captured,none,0,none,29.5,12,5,0,0,30.28,0,0,desktop_windows,Ahmedabad,Ahmedabad,2026-08-01T12:00:53.124880
pay_c849369d541647,mer_1030,cust_20417,23925.21,INR,upi,AXIS,captured,none,0,none,27.6,12,5,0,0,23.05,0,0,desktop_chrome,Kochi,Kochi,2026-08-01T12:03:55.124880
pay_2f3023d48a4640,mer_1016,cust_20128,15062.72,INR,upi,ICICI,captured,none,0,none,45.3,12,5,0,0,25.59,1057,0,desktop_chrome,Delhi NCR,Kolkata,2026-08-01T12:31:06.124880
pay_68f909bd503941,mer_1026,cust_20020,67721.58,INR,upi,AXIS,captured,none,0,none,28.0,12,5,0,1,24.97,0,0,desktop_chrome,Pune,Pune,2026-08-01T12:34:12.124880
pay_5b5b0593873949,mer_1033,cust_20101,4177.21,INR,netbanking,HDFC,captured,none,0,none,26.5,12,5,0,1,3.45,0,0,mobile_ios,Pune,Pune,2026-08-01T12:34:44.124880
pay_b9a79db4fe3146,mer_1012,cust_20157,14375.89,INR,upi,ICICI,captured,none,0,none,26.1,12,5,0,0,15.37,0,0,desktop_safari,Bengaluru,Bengaluru,2026-08-01T12:41:24.124880
pay_66213f99b3d446,mer_1004,cust_20129,5699.77,INR,upi,HDFC,captured,none,0,none,39.5,12,5,0,1,3.94,0,0,desktop_chrome,Kochi,Kochi,2026-08-01T12:46:23.124880
pay_e0e08a78231341,mer_1004,cust_20280,39964.36,INR,upi,AXIS,captured,none,0,none,26.3,13,5,0,0,6.74,0,0,mobile_android,Mumbai,Mumbai,2026-08-01T13:01:04.124880
pay_85c40199470d4e,mer_1021,cust_20239,88811.37,INR,upi,AXIS,captured,none,0,none,39.7,13,5,0,2,88.51,660,0,desktop_chrome,Chennai,Mumbai,2026-08-01T13:09:56.124880
pay_7173bba66ac941,mer_1017,cust_20071,440.06,INR,card_credit,AXIS,captured,none,0,none,17.0,13,5,0,0,0.24,0,0,desktop_safari,Bengaluru,Bengaluru,2026-08-01T13:12:30.124880
pay_309f2678a53b40,mer_1012,cust_20528,13172.54,INR,card_credit,HDFC,captured,none,0,none,38.1,13,5,0,0,26.93,0,0,desktop_safari,Pune,Pune,2026-08-01T13:26:04.124880
pay_e3a2f55fa5dd41,mer_1024,cust_20443,5646.19,INR,upi,HDFC,captured,none,0,none,32.5,13,5,0,0,8.39,0,0,mobile_android,Ahmedabad,Ahmedabad,2026-08-01T13:38:46.124880
pay_28dba620780740,mer_1023,cust_20431,946.1,INR,card_credit,ICICI,captured,none,0,none,13.9,13,5,0,0,0.85,0,0,mobile_android,Bengaluru,Bengaluru,2026-08-01T13:44:29.124880
pay_8c1f5bf5902743,mer_1007,cust_20046,70622.33,INR,upi,HDFC,captured,none,0,none,33.1,13,5,0,0,100.56,0,0,desktop_windows,Mumbai,Mumbai,2026-08-01T13:49:39.124880
pay_e99f6ac7d4344d,mer_1014,cust_20040,16418.48,INR,upi,PAYTM_BANK,captured,none,0,none,26.3,13,5,0,0,7.54,0,0,mobile_android,Hyderabad,Hyderabad,2026-08-01T13:54:59.124880
pay_e843a19220174f,mer_1023,cust_20431,2547.14,INR,netbanking,HDFC,captured,none,0,none,12.2,13,5,1,1,2.29,0,0,desktop_safari,Bengaluru,Bengaluru,2026-08-01T13:58:40.124880
pay_0ef8519748314d,mer_1034,cust_20036,3106.55,INR,upi,KOTAK,captured,none,0,none,9.2,14,5,0,0,0.86,379,0,desktop_chrome,Kolkata,Jaipur,2026-08-01T14:10:58.124880
pay_4fa3a725bd934c,mer_1030,cust_20529,79109.86,INR,upi,SBI,captured,none,0,none,39.8,14,5,0,0,48.96,0,0,desktop_windows,Hyderabad,Hyderabad,2026-08-01T14:29:21.124880
pay_75eab206ddbe47,mer_1024,cust_20106,2681.58,INR,card_credit,ICICI,captured,none,0,none,11.5,14,5,0,1,2.18,0,0,desktop_chrome,Chennai,Chennai,2026-08-01T14:41:58.124880
pay_6b776680319544,mer_1034,cust_20528,445.7,INR,card_credit,ICICI,captured,none,0,none,15.0,14,5,0,1,0.91,0,0,mobile_android,Pune,Pune,2026-08-01T14:51:41.124880
pay_1f746753d33d45,mer_1024,cust_20412,6223.05,INR,upi,HDFC,captured,none,0,none,40.2,14,5,0,0,11.05,579,0,mobile_ios,Mumbai,Ahmedabad,2026-08-01T14:53:05.124880
pay_27180734f0be48,mer_1022,cust_20220,2723.51,INR,upi,ICICI,captured,none,0,none,10.6,14,5,0,0,1.39,353,0,desktop_windows,Kochi,Hyderabad,2026-08-01T14:54:04.124880
pay_fb1787c8639146,mer_1036,cust_20493,6649.25,INR,card_credit,HDFC,captured,none,0,none,49.9,15,5,0,1,3.71,744,0,mobile_android,Bengaluru,Chennai,2026-08-01T15:11:55.124880
pay_49631285b86240,mer_1033,cust_20038,2471.85,INR,card_credit,SBI,captured,none,0,none,30.7,15,5,0,1,6.41,0,0,desktop_safari,Kochi,Kochi,2026-08-01T15:23:15.124880
pay_47156310a0c242,mer_1026,cust_20220,59430.3,INR,upi,AXIS,captured,none,0,none,29.6,15,5,1,1,30.27,0,0,mobile_android,Kochi,Kochi,2026-08-01T15:30:56.124880
pay_181f60798bc24e,mer_1015,cust_20019,1425.65,INR,upi,PAYTM_BANK,captured,none,0,none,14.3,15,5,0,0,0.52,0,0,desktop_safari,Pune,Pune,2026-08-01T15:33:39.124880
pay_0a22d23d5da648,mer_1013,cust_20368,16182.96,INR,upi,SBI,captured,none,0,none,38.4,15,5,0,0,10.33,0,0,desktop_safari,Hyderabad,Hyderabad,2026-08-01T15:41:49.124880
pay_ca0cb3932cac40,mer_1019,cust_20040,2634.84,INR,upi,SBI,captured,none,0,none,6.5,15,5,0,1,1.21,0,0,mobile_android,Hyderabad,Hyderabad,2026-08-01T15:49:26.124880
pay_8f9f1adb87c446,mer_1034,cust_20170,4253.24,INR,card_debit,ICICI,captured,none,0,none,26.9,15,5,0,0,3.1,0,0,desktop_windows,Jaipur,Jaipur,2026-08-01T15:49:29.124880
pay_f43c993c4b374a,mer_1034,cust_20567,2611.97,INR,upi,HDFC,captured,none,0,none,33.3,15,5,0,0,3.34,0,0,desktop_safari,Mumbai,Mumbai,2026-08-01T15:57:15.124880
pay_5b7aa97c376147,mer_1019,cust_20311,1053.11,INR,upi,HDFC,captured,none,0,none,11.9,16,5,0,0,0.45,0,0,desktop_windows,Ahmedabad,Ahmedabad,2026-08-01T16:02:22.124880
pay_ba642e8bd4df43,mer_1030,cust_20079,91110.53,INR,upi,HDFC,captured,none,0,none,26.8,16,5,0,1,23.72,0,0,mobile_android,Mumbai,Mumbai,2026-08-01T16:11:50.124880
pay_2a1152c0aefe44,mer_1017,cust_20125,1202.49,INR,card_credit,HDFC,captured,none,0,none,27.5,16,5,0,0,1.04,1080,0,mobile_android,Mumbai,Pune,2026-08-01T16:20:52.124880
pay_e73d13b4f29341,mer_1038,cust_20129,20083.58,INR,card_credit,AXIS,captured,none,0,none,29.3,16,5,0,2,13.89,0,0,desktop_safari,Kochi,Kochi,2026-08-01T16:41:16.124880
pay_609a4f9c47194e,mer_1003,cust_20226,886.04,INR,upi,HDFC,captured,none,0,none,17.3,16,5,0,0,0.27,1447,0,mobile_android,Pune,Jaipur,2026-08-01T16:51:02.124880
pay_ca269b14574d42,mer_1008,cust_20456,27157.27,INR,netbanking,SBI,captured,none,0,none,38.5,16,5,0,0,7.55,0,0,desktop_windows,Pune,Pune,2026-08-01T16:56:41.124880
pay_df19313f1a7943,mer_1030,cust_20103,35471.93,INR,upi,AXIS,captured,none,0,none,46.5,17,5,0,0,19.53,687,0,desktop_chrome,Kochi,Mumbai,2026-08-01T17:00:52.124880
pay_f6c84ad292dd43,mer_1030,cust_20336,19979.31,INR,card_credit,ICICI,captured,none,0,none,49.3,17,5,0,1,5.17,0,1,mobile_ios,Ahmedabad,Ahmedabad,2026-08-01T17:01:03.124880
pay_5efbc30048174b,mer_1038,cust_20538,13194.79,INR,upi,SBI,captured,none,0,none,6.1,17,5,0,0,2.14,0,0,desktop_windows,Kolkata,Kolkata,2026-08-01T17:05:17.124880
pay_ac7a9f6d58ac43,mer_1025,cust_20018,65019.63,INR,upi,ICICI,captured,none,0,none,35.3,17,5,0,0,82.95,0,0,desktop_windows,Bengaluru,Bengaluru,2026-08-01T17:14:49.124880
pay_3c754189d93941,mer_1003,cust_20084,1949.44,INR,upi,ICICI,captured,none,0,none,9.2,17,5,0,1,1.05,0,0,desktop_chrome,Kochi,Kochi,2026-08-01T17:17:27.124880
pay_22bffec1ac024a,mer_1019,cust_20534,4182.85,INR,upi,SBI,captured,none,0,none,38.5,17,5,0,1,5.32,0,0,desktop_windows,Kolkata,Kolkata,2026-08-01T17:26:18.124880
pay_40420a48d53441,mer_1016,cust_20416,7455.95,INR,card_debit,HDFC,captured,none,0,none,43.3,17,5,0,0,13.55,0,1,mobile_android,Ahmedabad,Ahmedabad,2026-08-01T17:57:26.124880
pay_e7010001c4c34f,mer_1031,cust_20321,9940.1,INR,card_credit,HDFC,captured,none,0,none,41.6,18,5,0,1,6.4,0,1,desktop_windows,Delhi NCR,Delhi NCR,2026-08-01T18:01:19.124880
pay_af0b21a8352443,mer_1028,cust_20054,1554.21,INR,wallet,HDFC,captured,none,0,none,8.4,18,5,0,1,0.34,0,0,desktop_chrome,Hyderabad,Hyderabad,2026-08-01T18:10:53.124880
pay_b00908c3bbe649,mer_1015,cust_20532,2263.79,INR,upi,ICICI,captured,none,0,none,8.2,18,5,0,0,1.82,0,0,mobile_ios,Kolkata,Kolkata,2026-08-01T18:11:39.124880
pay_171c1d0fc0b844,mer_1015,cust_20369,3856.2,INR,upi,HDFC,captured,none,0,none,10.8,18,5,0,1,0.5,0,0,desktop_windows,Kolkata,Kolkata,2026-08-01T18:37:12.124880
pay_67f01e5b973d4c,mer_1008,cust_20490,10419.1,INR,card_credit,ICICI,captured,none,0,none,35.8,18,5,0,0,7.64,0,0,desktop_safari,Delhi NCR,Delhi NCR,2026-08-01T18:37:29.124880
pay_79e1816cf43542,mer_1010,cust_20201,7592.73,INR,card_debit,AXIS,captured,none,0,none,37.2,18,5,0,0,5.47,0,0,mobile_ios,Mumbai,Mumbai,2026-08-01T18:39:55.124880
pay_731984c9789646,mer_1036,cust_20465,7355.73,INR,card_credit,HDFC,captured,none,0,none,11.6,18,5,0,0,1.31,0,0,mobile_android,Bengaluru,Bengaluru,2026-08-01T18:46:07.124880
pay_a4b2027b06fa48,mer_1003,cust_20441,3212.39,INR,upi,ICICI,captured,none,0,none,5.4,18,5,0,0,1.61,0,0,desktop_windows,Chennai,Chennai,2026-08-01T18:49:11.124880
pay_e320850574c04a,mer_1038,cust_20571,16820.02,INR,card_credit,KOTAK,refunded,customer_return,0,none,39.1,19,5,0,1,8.21,0,0,desktop_windows,Ahmedabad,Ahmedabad,2026-08-01T19:00:22.124880
pay_931a090646774c,mer_1021,cust_20370,22993.59,INR,upi,AXIS,captured,none,0,none,39.5,19,5,0,0,33.94,0,0,mobile_android,Ahmedabad,Ahmedabad,2026-08-01T19:32:44.124880
pay_f194ac72b8624e,mer_1024,cust_20330,116.68,INR,upi,AXIS,captured,none,1,card_testing,77.6,19,5,0,0,0.1,0,0,mobile_android,Mumbai,Mumbai,2026-08-01T19:45:47.124880
pay_abaf807db4784d,mer_1004,cust_20086,23271.53,INR,card_debit,ICICI,captured,none,0,none,26.2,19,5,0,1,23.76,0,0,desktop_chrome,Ahmedabad,Ahmedabad,2026-08-01T19:48:59.124880
pay_b9d900e3917d4d,mer_1006,cust_20237,22558.07,INR,upi,SBI,captured,none,0,none,35.2,19,5,0,1,11.48,0,0,desktop_chrome,Pune,Pune,2026-08-01T19:53:39.124880
pay_fd11a3def11d44,mer_1036,cust_20415,34961.36,INR,upi,HDFC,captured,none,0,none,28.7,19,5,0,0,21.32,0,0,mobile_android,Jaipur,Jaipur,2026-08-01T19:53:42.124880
pay_38267e44120a43,mer_1027,cust_20372,379.81,INR,wallet,SBI,captured,none,0,none,8.2,19,5,0,0,1.09,0,0,desktop_windows,Kolkata,Kolkata,2026-08-01T19:57:25.124880
pay_45537b7d631341,mer_1006,cust_20539,14955.53,INR,card_credit,ICICI,captured,none,0,none,34.1,19,5,0,0,7.92,209,0,desktop_safari,Delhi NCR,Hyderabad,2026-08-01T19:58:28.124880
pay_d8eeeb5d6f284f,mer_1028,cust_20519,7878.07,INR,upi,KOTAK,captured,none,0,none,35.7,19,5,0,0,5.34,0,0,mobile_android,Bengaluru,Bengaluru,2026-08-01T19:59:53.124880
pay_fc2c3e9d2b0e43,mer_1015,cust_20184,3875.86,INR,wallet,HDFC,captured,none,0,none,28.6,20,5,0,0,12.92,0,0,desktop_safari,Chennai,Chennai,2026-08-01T20:11:25.124880
pay_a8d1a3b3278e43,mer_1038,cust_20267,18850.05,INR,card_credit,SBI,captured,none,0,none,32.8,20,5,0,0,8.85,0,0,desktop_windows,Kochi,Kochi,2026-08-01T20:25:40.124880
pay_8d6e2d1039e243,mer_1016,cust_20440,32206.26,INR,card_debit,SBI,captured,none,0,none,28.9,20,5,0,0,39.54,0,0,desktop_chrome,Kolkata,Kolkata,2026-08-01T20:26:43.124880
pay_70651343fad54d,mer_1039,cust_20533,26265.83,INR,upi,ICICI,captured,none,0,none,32.2,20,5,0,1,15.24,0,0,mobile_android,Jaipur,Jaipur,2026-08-01T20:36:42.124880
pay_7048dc9d133049,mer_1031,cust_20054,6124.17,INR,upi,ICICI,captured,none,0,none,15.9,20,5,0,2,1.34,0,0,desktop_safari,Hyderabad,Hyderabad,2026-08-01T20:37:27.124880
pay_be403e4c593a46,mer_1026,cust_20405,17853.79,INR,card_credit,HDFC,captured,none,0,none,42.0,20,5,0,0,10.27,508,0,desktop_chrome,Delhi NCR,Bengaluru,2026-08-01T20:44:59.124880
pay_5e90270aa7ec4f,mer_1015,cust_20467,1198.21,INR,wallet,AXIS,captured,none,0,none,17.2,20,5,0,0,0.28,0,0,desktop_chrome,Ahmedabad,Ahmedabad,2026-08-01T20:49:28.124880
pay_27a539e0f49e40,mer_1017,cust_20463,322.46,INR,upi,HDFC,captured,none,0,none,10.9,21,5,0,0,0.17,0,0,desktop_safari,Pune,Pune,2026-08-01T21:05:49.124880
pay_8d658cbb6a024b,mer_1030,cust_20442,73965.92,INR,upi,HDFC,captured,none,0,none,25.5,21,5,0,0,76.84,0,0,mobile_android,Jaipur,Jaipur,2026-08-01T21:10:27.124880
pay_6ac6c5c384674a,mer_1033,cust_20150,1412.07,INR,card_credit,HDFC,failed,auth_timeout,0,none,15.7,21,5,0,0,0.19,0,0,mobile_ios,Chennai,Chennai,2026-08-01T21:14:29.124880
pay_e068ef7c2bf340,mer_1034,cust_20208,1188.81,INR,upi,SBI,refunded,customer_return,0,none,14.3,21,5,0,0,1.33,0,0,desktop_windows,Chennai,Chennai,2026-08-01T21:17:43.124880
pay_c59c1f2af87d4e,mer_1002,cust_20564,24628.49,INR,upi,ICICI,captured,none,0,none,29.9,21,5,0,0,45.37,0,0,desktop_safari,Pune,Pune,2026-08-01T21:37:49.124880
pay_71cb37187d3347,mer_1011,cust_20336,26475.3,INR,upi,HDFC,captured,none,0,none,26.9,21,5,0,2,6.84,0,0,desktop_windows,Ahmedabad,Ahmedabad,2026-08-01T21:38:37.124880
pay_5b55846fba1045,mer_1028,cust_20178,3166.08,INR,upi,HDFC,refunded,customer_return,0,none,18.6,21,5,0,1,0.6,0,0,desktop_chrome,Mumbai,Mumbai,2026-08-01T21:45:49.124880
pay_a68f5d2e02cc4b,mer_1018,cust_20146,3699.18,INR,netbanking,SBI,captured,none,0,none,5.5,21,5,0,0,0.86,0,0,desktop_safari,Kolkata,Kolkata,2026-08-01T21:54:50.124880
pay_d792e92c05b84b,mer_1039,cust_20115,11903.55,INR,netbanking,SBI,captured,none,0,none,5.1,22,5,0,0,2.67,0,0,desktop_safari,Kochi,Kochi,2026-08-01T22:07:05.124880
pay_fb58b3db4bb141,mer_1014,cust_20002,16026.01,INR,upi,HDFC,captured,none,0,none,36.8,22,5,0,0,53.42,0,0,desktop_chrome,Mumbai,Mumbai,2026-08-01T22:20:15.124880
pay_89955777ad9342,mer_1022,cust_20566,3300.33,INR,upi,ICICI,failed,issuer_bank_down,0,none,6.4,22,5,0,0,0.76,0,0,desktop_safari,Chennai,Chennai,2026-08-01T22:28:48.124880
pay_71088c823fa346,mer_1023,cust_20007,5694.94,INR,upi,HDFC,captured,none,0,none,27.4,22,5,0,0,5.06,0,0,desktop_safari,Kochi,Kochi,2026-08-01T22:37:34.124880
pay_73dcea52dcbd4f,mer_1022,cust_20382,954.6,INR,upi,HDFC,captured,none,0,none,34.5,22,5,0,0,3.18,0,0,desktop_chrome,Delhi NCR,Delhi NCR,2026-08-01T22:41:45.124880
pay_213f3d62a95e43,mer_1016,cust_20359,92635.78,INR,netbanking,SBI,captured,none,0,none,33.9,22,5,0,0,69.91,0,0,mobile_ios,Mumbai,Mumbai,2026-08-01T22:56:07.124880
pay_0e46ebafaeb540,mer_1003,cust_20110,4398.96,INR,upi,KOTAK,captured,none,0,none,25.6,23,5,0,0,4.07,0,0,mobile_ios,Kochi,Kochi,2026-08-01T23:02:42.124880
pay_1a670247eee24b,mer_1006,cust_20456,35318.3,INR,upi,SBI,captured,none,0,none,26.8,23,5,0,1,9.82,0,0,desktop_windows,Pune,Pune,2026-08-01T23:06:36.124880
pay_42e2363264ab44,mer_1035,cust_20443,81414.32,INR,upi,AXIS,captured,none,0,none,34.9,23,5,0,1,121.04,0,0,mobile_ios,Ahmedabad,Ahmedabad,2026-08-01T23:15:35.124880
pay_bb722072a23947,mer_1024,cust_20186,3027.41,INR,upi,SBI,captured,none,0,none,19.8,23,5,0,0,1.61,0,0,desktop_windows,Mumbai,Mumbai,2026-08-01T23:16:57.124880
pay_f81a958f8ce44c,mer_1036,cust_20229,16319.38,INR,upi,HDFC,captured,none,0,none,33.2,23,5,0,0,24.96,0,0,desktop_chrome,Ahmedabad,Ahmedabad,2026-08-01T23:43:15.124880
pay_7abb459416d842,mer_1023,cust_20544,873.62,INR,card_credit,KOTAK,captured,none,0,none,15.6,23,5,0,0,0.55,0,0,mobile_ios,Kochi,Kochi,2026-08-01T23:49:29.124880
pay_1fff0c289be048,mer_1039,cust_20385,11035.56,INR,upi,KOTAK,captured,none,0,none,25.1,0,6,0,0,3.33,0,0,desktop_windows,Hyderabad,Hyderabad,2026-08-02T00:12:14.124880
pay_59210d8340c549,mer_1032,cust_20288,7104.92,INR,upi,HDFC,captured,none,0,none,14.5,0,6,0,0,2.61,0,0,desktop_safari,Pune,Pune,2026-08-02T00:12:38.124880
pay_200b2493120544,mer_1022,cust_20404,3815.3,INR,netbanking,KOTAK,captured,none,0,none,7.2,0,6,0,0,2.04,0,0,desktop_windows,Chennai,Chennai,2026-08-02T00:26:02.124880
pay_9c21b999ee6549,mer_1024,cust_20575,3657.47,INR,card_debit,ICICI,captured,none,0,none,25.8,0,6,0,1,4.79,0,0,mobile_ios,Pune,Pune,2026-08-02T00:26:13.124880
pay_b8ab74df299045,mer_1037,cust_20009,2314.32,INR,card_credit,ICICI,captured,none,0,none,14.6,0,6,0,0,2.12,0,0,desktop_chrome,Bengaluru,Bengaluru,2026-08-02T00:49:13.124880
pay_6dbdccd43e0a42,mer_1017,cust_20318,241.79,INR,upi,AXIS,captured,none,0,none,18.5,1,6,0,0,0.05,0,0,desktop_safari,Chennai,Chennai,2026-08-02T01:09:16.124880
pay_3a61a41b3d4847,mer_1029,cust_20364,1255.55,INR,wallet,HDFC,captured,none,0,none,22.7,1,6,0,0,2.05,0,0,desktop_windows,Delhi NCR,Delhi NCR,2026-08-02T01:29:40.124880
pay_8152d9b4d6684c,mer_1037,cust_20056,4669.63,INR,upi,SBI,captured,none,0,none,45.0,1,6,0,0,8.98,0,0,desktop_safari,Delhi NCR,Delhi NCR,2026-08-02T01:31:54.124880
pay_d277b7db03124b,mer_1036,cust_20074,39776.31,INR,upi,ICICI,captured,none,1,account_takeover,93.5,1,6,0,0,63.32,0,1,mobile_ios,Delhi NCR,Delhi NCR,2026-08-02T01:37:17.124880
pay_f9264acfa62a4f,mer_1030,cust_20477,82754.08,INR,wallet,HDFC,captured,none,0,none,37.4,1,6,0,0,11.09,0,0,mobile_android,Kochi,Kochi,2026-08-02T01:42:23.124880
pay_d66a58cb243f49,mer_1013,cust_20203,13297.81,INR,card_credit,ICICI,captured,none,0,none,46.5,1,6,0,0,44.33,0,0,desktop_windows,Jaipur,Jaipur,2026-08-02T01:43:02.124880
pay_b34ca5baf69346,mer_1012,cust_20230,9938.27,INR,upi,PAYTM_BANK,captured,none,0,none,36.8,2,6,0,0,21.64,0,0,mobile_ios,Hyderabad,Hyderabad,2026-08-02T02:00:09.124880
pay_7d81ec6d006241,mer_1040,cust_20462,4495.38,INR,upi,SBI,captured,none,0,none,23.8,2,6,0,0,2.74,0,0,desktop_safari,Chennai,Chennai,2026-08-02T02:00:47.124880
pay_4aa8ce2e9fe94a,mer_1023,cust_20322,6452.58,INR,upi,SBI,failed,risk_blocked,1,account_takeover,97.4,2,6,0,0,4.95,0,1,desktop_safari,Bengaluru,Bengaluru,2026-08-02T02:01:13.124880
pay_55ffba24a4c74d,mer_1017,cust_20370,1712.66,INR,card_credit,AXIS,captured,none,0,none,17.2,2,6,0,1,2.53,0,0,mobile_ios,Ahmedabad,Ahmedabad,2026-08-02T02:04:41.124880
pay_8ea7c6c1577647,mer_1001,cust_20429,2424.39,INR,upi,ICICI,captured,none,0,none,19.4,2,6,0,0,2.79,0,0,desktop_windows,Hyderabad,Hyderabad,2026-08-02T02:09:33.124880
pay_9efd4186bc534e,mer_1027,cust_20571,109.6,INR,card_credit,HDFC,captured,none,0,none,18.2,2,6,0,1,0.05,0,0,desktop_chrome,Ahmedabad,Ahmedabad,2026-08-02T02:10:36.124880
pay_f1fac8b8d59d4d,mer_1022,cust_20439,4027.38,INR,upi,ICICI,captured,none,0,none,23.6,2,6,0,0,1.51,0,0,mobile_ios,Kolkata,Kolkata,2026-08-02T02:14:16.124880
pay_7e458000a27d43,mer_1039,cust_20064,4520.43,INR,upi,AXIS,captured,none,0,none,29.2,2,6,0,0,0.59,0,0,desktop_safari,Pune,Pune,2026-08-02T02:18:21.124880
pay_d6f00ce14e6e4a,mer_1028,cust_20577,2946.16,INR,upi,KOTAK,captured,none,0,none,29.1,2,6,0,0,1.5,0,0,mobile_android,Ahmedabad,Ahmedabad,2026-08-02T02:18:40.124880
pay_e9dcbe67d60d4d,mer_1030,cust_20025,25532.47,INR,netbanking,HDFC,failed,issuer_bank_down,0,none,52.1,2,6,0,0,32.39,1346,0,desktop_chrome,Chennai,Hyderabad,2026-08-02T02:37:31.124880
pay_16bc80cc7caa48,mer_1011,cust_20118,22947.02,INR,upi,SBI,captured,none,0,none,37.4,2,6,0,0,11.05,0,0,mobile_ios,Kolkata,Kolkata,2026-08-02T02:38:00.124880
pay_db0540d0dae243,mer_1025,cust_20151,20457.71,INR,upi,AXIS,captured,none,0,none,38.5,2,6,0,0,8.5,0,0,mobile_android,Delhi NCR,Delhi NCR,2026-08-02T02:38:22.124880
pay_de490214aa0140,mer_1030,cust_20456,61770.26,INR,card_credit,HDFC,captured,none,0,none,43.2,2,6,0,2,17.17,0,0,desktop_windows,Pune,Pune,2026-08-02T02:54:01.124880
pay_28fa9b688a7145,mer_1010,cust_20064,5739.55,INR,upi,HDFC,captured,none,0,none,28.5,2,6,1,1,0.75,0,0,mobile_android,Pune,Pune,2026-08-02T02:59:07.124880
pay_323ddbdf553a49,mer_1017,cust_20426,1292.7,INR,card_credit,ICICI,captured,none,0,none,15.3,3,6,0,0,0.6,0,0,mobile_android,Jaipur,Jaipur,2026-08-02T03:00:51.124880
pay_a5c773de18f947,mer_1028,cust_20272,5180.5,INR,upi,SBI,captured,none,0,none,28.6,3,6,0,0,1.13,0,0,mobile_ios,Ahmedabad,Ahmedabad,2026-08-02T03:12:12.124880
pay_9950111e2ec345,mer_1017,cust_20015,1629.74,INR,upi,AXIS,captured,none,0,none,24.1,3,6,0,0,0.53,0,0,mobile_android,Delhi NCR,Delhi NCR,2026-08-02T03:23:40.124880
pay_9543557abdb844,mer_1010,cust_20559,997.63,INR,upi,ICICI,captured,none,0,none,16.8,3,6,0,1,0.83,0,0,desktop_safari,Ahmedabad,Ahmedabad,2026-08-02T03:23:51.124880
pay_07690024e3b04b,mer_1002,cust_20002,8238.36,INR,upi,AXIS,captured,none,0,none,49.5,3,6,0,1,27.46,0,0,desktop_safari,Mumbai,Mumbai,2026-08-02T03:26:56.124880
pay_8d5d69f9d9284f,mer_1026,cust_20388,84241.4,INR,upi,ICICI,captured,none,0,none,50.0,3,6,0,0,46.9,0,0,desktop_windows,Chennai,Chennai,2026-08-02T03:39:26.124880
pay_c0128992297e43,mer_1009,cust_20571,35414.03,INR,card_credit,HDFC,captured,none,1,account_takeover,87.8,3,6,0,2,17.28,1771,1,desktop_windows,Ahmedabad,Kolkata,2026-08-02T03:40:26.124880
pay_1346412ed4d245,mer_1017,cust_20570,1981.02,INR,upi,ICICI,captured,none,0,none,52.0,3,6,0,0,6.6,1746,0,desktop_safari,Chennai,Jaipur,2026-08-02T03:42:13.124880
pay_7b585299932f4a,mer_1007,cust_20057,22830.9,INR,upi,HDFC,captured,none,0,none,41.2,4,6,0,0,8.45,0,0,desktop_safari,Kochi,Kochi,2026-08-02T04:17:49.124880
pay_05ec2a96ab194b,mer_1004,cust_20336,43091.97,INR,wallet,HDFC,captured,none,0,none,37.6,4,6,0,2,11.14,0,0,mobile_android,Ahmedabad,Ahmedabad,2026-08-02T04:19:52.124880
pay_885f28900f4446,mer_1024,cust_20050,4102.03,INR,upi,SBI,captured,none,0,none,28.5,4,6,0,0,0.78,0,0,desktop_windows,Delhi NCR,Delhi NCR,2026-08-02T04:39:51.124880
pay_286a974f922440,mer_1031,cust_20374,24240.04,INR,netbanking,AXIS,captured,none,0,none,33.9,5,6,0,1,20.02,0,0,desktop_chrome,Hyderabad,Hyderabad,2026-08-02T05:04:10.124880
pay_5e8b200214904c,mer_1029,cust_20317,919.48,INR,upi,SBI,captured,none,0,none,6.7,5,6,0,0,0.27,0,0,desktop_chrome,Jaipur,Jaipur,2026-08-02T05:13:48.124880
pay_0d0c5d84445648,mer_1014,cust_20452,41108.35,INR,upi,KOTAK,captured,none,0,none,30.9,5,6,0,0,20.28,0,0,desktop_windows,Hyderabad,Hyderabad,2026-08-02T05:37:13.124880
pay_17d35c6ebc8e46,mer_1037,cust_20459,3244.41,INR,upi,HDFC,captured,none,0,none,14.0,5,6,0,0,1.46,0,0,desktop_chrome,Kolkata,Kolkata,2026-08-02T05:38:36.124880
pay_a730cb635c634a,mer_1003,cust_20372,2023.2,INR,upi,SBI,captured,none,0,none,31.0,5,6,0,1,5.83,0,0,mobile_android,Kolkata,Kolkata,2026-08-02T05:51:32.124880
pay_9cffcb1871e040,mer_1019,cust_20047,1135.92,INR,card_credit,ICICI,captured,none,0,none,7.2,5,6,0,0,0.77,0,0,mobile_ios,Chennai,Chennai,2026-08-02T05:58:22.124880
pay_3cc67e6e1b404b,mer_1029,cust_20112,1460.27,INR,upi,HDFC,captured,none,0,none,14.1,6,6,0,0,0.65,0,0,mobile_android,Pune,Pune,2026-08-02T06:16:54.124880
pay_cea6e09fe8f748,mer_1021,cust_20228,32600.73,INR,card_debit,HDFC,captured,none,0,none,39.1,6,6,0,0,36.44,257,0,desktop_safari,Delhi NCR,Hyderabad,2026-08-02T06:39:12.124880
pay_308f34612fab41,mer_1035,cust_20009,15901.93,INR,netbanking,HDFC,captured,none,0,none,25.1,6,6,0,1,14.53,0,0,desktop_windows,Bengaluru,Bengaluru,2026-08-02T06:44:24.124880
pay_d9184fe39c1a4c,mer_1022,cust_20304,3345.87,INR,upi,HDFC,captured,none,0,none,16.4,6,6,0,0,1.35,0,0,desktop_windows,Kolkata,Kolkata,2026-08-02T06:53:29.124880
pay_54b534c841f34c,mer_1019,cust_20482,3348.32,INR,wallet,HDFC,captured,none,0,none,27.2,7,6,0,0,1.79,0,1,mobile_ios,Hyderabad,Hyderabad,2026-08-02T07:24:22.124880
pay_9d4e22acf5704e,mer_1036,cust_20259,33241.66,INR,card_credit,PAYTM_BANK,captured,none,0,none,37.0,7,6,0,0,42.9,0,0,desktop_safari,Jaipur,Jaipur,2026-08-02T07:37:40.124880
pay_36b5bc386c6a49,mer_1040,cust_20186,40065.17,INR,upi,AXIS,captured,none,0,none,29.4,7,6,0,1,21.33,0,0,desktop_safari,Mumbai,Mumbai,2026-08-02T07:40:32.124880
pay_d55ec050dfe143,mer_1022,cust_20526,1278.86,INR,upi,ICICI,captured,none,0,none,19.8,7,6,0,0,0.36,0,0,desktop_windows,Jaipur,Jaipur,2026-08-02T07:46:29.124880
pay_afe6da3a911f4b,mer_1027,cust_20004,2405.71,INR,card_credit,PAYTM_BANK,captured,none,0,none,14.0,8,6,0,0,0.66,0,0,desktop_windows,Ahmedabad,Ahmedabad,2026-08-02T08:09:23.124880
pay_443373f1d4d243,mer_1008,cust_20157,51094.76,INR,card_debit,AXIS,captured,none,0,none,30.4,8,6,0,1,54.63,0,0,desktop_chrome,Bengaluru,Bengaluru,2026-08-02T08:13:06.124880
pay_cecd0bfb09fc43,mer_1036,cust_20412,47843.15,INR,upi,HDFC,captured,none,0,none,26.5,8,6,0,1,84.96,207,0,desktop_chrome,Mumbai,Ahmedabad,2026-08-02T08:25:23.124880
pay_c52897d5104140,mer_1003,cust_20135,4147.82,INR,card_credit,ICICI,captured,none,0,none,19.3,8,6,0,0,1.49,1532,0,desktop_safari,Hyderabad,Ahmedabad,2026-08-02T08:56:04.124880
pay_5185479ce2dc43,mer_1030,cust_20361,57582.7,INR,upi,AXIS,captured,none,0,none,36.4,9,6,0,0,83.48,0,0,mobile_android,Bengaluru,Bengaluru,2026-08-02T09:20:51.124880
pay_ddae5252017b40,mer_1004,cust_20405,37588.95,INR,upi,HDFC,captured,none,0,none,26.2,9,6,0,1,21.63,0,0,desktop_safari,Delhi NCR,Delhi NCR,2026-08-02T09:25:58.124880
pay_08a7496c73b440,mer_1002,cust_20170,42419.22,INR,card_credit,ICICI,captured,none,0,none,39.7,9,6,0,1,30.89,1507,0,desktop_windows,Jaipur,Delhi NCR,2026-08-02T09:58:21.124880
pay_cb51a117e21a40,mer_1040,cust_20280,31411.48,INR,upi,KOTAK,captured,none,0,none,25.5,10,6,0,1,5.3,0,0,mobile_ios,Mumbai,Mumbai,2026-08-02T10:02:30.124880
pay_eaa2563a47cb43,mer_1010,cust_20046,5894.05,INR,upi,SBI,captured,none,0,none,27.4,10,6,0,1,8.39,0,0,desktop_safari,Mumbai,Mumbai,2026-08-02T10:10:33.124880
pay_f831a806135a43,mer_1002,cust_20213,54125.96,INR,card_debit,KOTAK,captured,none,0,none,35.5,10,6,0,0,35.85,0,0,desktop_safari,Bengaluru,Bengaluru,2026-08-02T10:17:14.124880
pay_1605a186c22a48,mer_1022,cust_20191,4436.59,INR,upi,ICICI,captured,none,0,none,11.6,10,6,0,0,1.24,0,0,desktop_windows,Ahmedabad,Ahmedabad,2026-08-02T10:23:29.124880
pay_3e0a14a1d1ae4c,mer_1006,cust_20008,11160.29,INR,upi,SBI,captured,none,0,none,34.8,10,6,0,0,10.14,0,0,desktop_chrome,Chennai,Chennai,2026-08-02T10:24:03.124880
pay_3acd43aa381743,mer_1029,cust_20512,262.37,INR,card_credit,SBI,captured,none,0,none,11.9,10,6,0,0,0.3,0,0,desktop_windows,Kolkata,Kolkata,2026-08-02T10:31:13.124880
pay_756cd3d46b6e4c,mer_1009,cust_20175,80947.99,INR,card_credit,AXIS,captured,none,0,none,42.8,10,6,0,0,80.49,1765,0,mobile_ios,Hyderabad,Delhi NCR,2026-08-02T10:37:32.124880
pay_89857fd9b0bd49,mer_1015,cust_20593,5210.54,INR,card_debit,AXIS,captured,none,0,none,10.4,10,6,0,0,0.78,0,0,desktop_safari,Bengaluru,Bengaluru,2026-08-02T10:39:36.124880
pay_d8d282761be649,mer_1038,cust_20432,20935.84,INR,card_credit,AXIS,failed,incorrect_otp,0,none,29.2,10,6,0,0,11.2,0,0,desktop_chrome,Hyderabad,Hyderabad,2026-08-02T10:44:27.124880
pay_31a4579578db4d,mer_1017,cust_20442,514.45,INR,upi,HDFC,captured,none,0,none,15.3,10,6,0,1,0.53,0,0,mobile_ios,Jaipur,Jaipur,2026-08-02T10:45:24.124880
pay_21824a1ea8be47,mer_1002,cust_20011,16513.62,INR,card_credit,ICICI,captured,none,0,none,29.1,10,6,0,0,30.03,0,0,desktop_windows,Mumbai,Mumbai,2026-08-02T10:46:32.124880
pay_110c16d84db047,mer_1032,cust_20423,13645.87,INR,upi,ICICI,captured,none,0,none,28.6,11,6,0,0,18.43,0,0,mobile_ios,Pune,Pune,2026-08-02T11:03:36.124880
pay_7ac7ae173b4642,mer_1033,cust_20511,715.66,INR,upi,SBI,captured,none,0,none,13.1,11,6,0,0,0.96,0,0,mobile_android,Bengaluru,Bengaluru,2026-08-02T11:04:45.124880
pay_4e14f0fb7a924c,mer_1002,cust_20120,45328.19,INR,upi,HDFC,captured,none,0,none,11.9,11,6,0,0,2.15,0,0,mobile_android,Chennai,Chennai,2026-08-02T11:15:29.124880
pay_fbbf1e7784be40,mer_1021,cust_20391,52743.29,INR,upi,ICICI,captured,none,0,none,30.6,11,6,0,0,65.86,0,0,desktop_chrome,Jaipur,Jaipur,2026-08-02T11:23:19.124880
pay_de0c04e189ce47,mer_1024,cust_20027,5768.12,INR,netbanking,ICICI,captured,none,0,none,18.4,11,6,0,0,2.41,0,0,mobile_android,Kolkata,Kolkata,2026-08-02T11:41:45.124880
pay_dbe0642e7e6a46,mer_1019,cust_20077,5073.91,INR,card_credit,SBI,captured,none,0,none,18.4,11,6,0,0,2.92,0,0,desktop_chrome,Pune,Pune,2026-08-02T11:50:31.124880
pay_f80a2a86b0524b,mer_1034,cust_20513,1880.6,INR,upi,SBI,captured,none,0,none,9.4,11,6,0,0,2.08,0,0,mobile_ios,Jaipur,Jaipur,2026-08-02T11:59:59.124880
pay_d22d8556a18d49,mer_1010,cust_20062,5596.09,INR,card_debit,HDFC,failed,insufficient_funds,0,none,13.2,12,6,0,0,2.09,0,0,desktop_chrome,Pune,Pune,2026-08-02T12:01:20.124880
pay_ddeebc5788aa4d,mer_1020,cust_20059,28423.26,INR,upi,SBI,refunded,customer_return,0,none,35.5,12,6,0,0,20.96,0,0,mobile_ios,Mumbai,Mumbai,2026-08-02T12:05:15.124880
pay_e8c2b84c07e645,mer_1038,cust_20206,17196.25,INR,wallet,ICICI,captured,none,0,none,38.5,12,6,0,0,14.47,0,0,mobile_android,Jaipur,Jaipur,2026-08-02T12:07:21.124880
pay_02b381718c7c4c,mer_1024,cust_20169,4017.11,INR,upi,ICICI,captured,none,0,none,19.5,12,6,0,0,1.86,1394,0,mobile_android,Hyderabad,Ahmedabad,2026-08-02T12:14:42.124880
pay_d971f919712947,mer_1001,cust_20089,5317.08,INR,card_credit,SBI,captured,none,0,none,6.0,12,6,0,0,2.54,0,0,mobile_ios,Ahmedabad,Ahmedabad,2026-08-02T12:28:36.124880
pay_bac7afe2d44242,mer_1014,cust_20443,20251.77,INR,card_credit,AXIS,captured,none,0,none,27.5,12,6,0,2,30.11,0,0,mobile_ios,Ahmedabad,Ahmedabad,2026-08-02T12:30:45.124880
pay_764d4c9e96d248,mer_1006,cust_20209,4265.08,INR,upi,PAYTM_BANK,captured,none,0,none,32.9,12,6,0,0,5.28,0,0,mobile_ios,Hyderabad,Hyderabad,2026-08-02T12:34:05.124880
pay_87a1d6c9923445,mer_1005,cust_20593,59722.49,INR,upi,ICICI,captured,none,0,none,30.9,13,6,0,1,8.93,370,0,desktop_windows,Bengaluru,Kochi,2026-08-02T13:20:30.124880
pay_6cf7fa1f715342,mer_1036,cust_20212,12453.91,INR,upi,KOTAK,captured,none,0,none,26.0,13,6,0,0,20.83,0,0,mobile_android,Mumbai,Mumbai,2026-08-02T13:40:05.124880
pay_f60d4e43f94641,mer_1031,cust_20088,37159.38,INR,upi,SBI,captured,none,0,none,45.8,13,6,0,0,29.32,1186,0,desktop_safari,Kolkata,Mumbai,2026-08-02T13:54:24.124880
pay_67eda624a61945,mer_1011,cust_20024,16169.44,INR,card_debit,PAYTM_BANK,captured,none,0,none,30.9,14,6,0,0,33.13,0,0,desktop_safari,Jaipur,Jaipur,2026-08-02T14:06:58.124880
pay_92a846ca22904e,mer_1004,cust_20508,10230.87,INR,upi,SBI,captured,none,0,none,37.5,14,6,0,0,9.99,0,0,mobile_android,Hyderabad,Hyderabad,2026-08-02T14:07:15.124880
pay_9b68add0a4d047,mer_1032,cust_20516,46855.09,INR,card_credit,HDFC,captured,none,0,none,36.4,14,6,0,0,19.22,0,0,desktop_safari,Chennai,Chennai,2026-08-02T14:07:36.124880
pay_e4d0deacef964a,mer_1037,cust_20389,2502.53,INR,card_debit,HDFC,captured,none,0,none,41.0,14,6,0,0,6.45,1366,0,desktop_safari,Kolkata,Chennai,2026-08-02T14:07:57.124880
pay_f0224b69d87946,mer_1039,cust_20252,31202.49,INR,card_debit,HDFC,captured,none,0,none,51.7,14,6,0,0,7.64,0,1,mobile_android,Delhi NCR,Delhi NCR,2026-08-02T14:13:02.124880
pay_4101f71328ad44,mer_1038,cust_20508,31276.79,INR,card_debit,HDFC,failed,insufficient_funds,0,none,30.1,14,6,1,1,30.55,0,0,desktop_chrome,Hyderabad,Hyderabad,2026-08-02T14:39:01.124880
pay_31ebf36078964c,mer_1035,cust_20503,47452.94,INR,upi,AXIS,captured,none,0,none,32.4,14,6,0,0,22.2,0,0,mobile_ios,Mumbai,Mumbai,2026-08-02T14:50:14.124880
pay_8df5452e091943,mer_1010,cust_20538,4914.31,INR,card_debit,ICICI,captured,none,0,none,6.7,15,6,0,1,0.8,0,0,desktop_chrome,Kolkata,Kolkata,2026-08-02T15:13:33.124880
pay_ed1512f263f146,mer_1040,cust_20118,42480.78,INR,netbanking,KOTAK,captured,none,0,none,33.4,15,6,0,1,20.46,0,0,mobile_ios,Kolkata,Kolkata,2026-08-02T15:38:25.124880
pay_30b0942682ec4b,mer_1014,cust_20561,45319.73,INR,card_credit,HDFC,captured,none,0,none,28.8,15,6,0,0,74.04,0,0,desktop_windows,Hyderabad,Hyderabad,2026-08-02T15:50:10.124880
pay_206967df0d2447,mer_1024,cust_20532,6541.58,INR,upi,ICICI,captured,none,0,none,31.0,15,6,0,1,5.27,0,0,desktop_chrome,Kolkata,Kolkata,2026-08-02T15:51:55.124880
pay_16eff7131d294b,mer_1007,cust_20469,49350.03,INR,upi,AXIS,captured,none,0,none,36.2,15,6,0,0,90.83,883,0,mobile_android,Kochi,Pune,2026-08-02T15:57:49.124880
pay_7ed7ff38fd824a,mer_1029,cust_20183,1969.6,INR,upi,SBI,captured,none,0,none,8.0,16,6,0,0,1.53,0,0,desktop_windows,Jaipur,Jaipur,2026-08-02T16:05:59.124880
pay_4395624b737243,mer_1025,cust_20078,38666.42,INR,upi,SBI,captured,none,0,none,32.5,16,6,0,0,17.68,0,0,desktop_chrome,Ahmedabad,Ahmedabad,2026-08-02T16:13:08.124880
pay_e6e7998706444d,mer_1016,cust_20389,80576.99,INR,upi,HDFC,failed,issuer_bank_down,0,none,37.0,16,6,0,1,207.76,0,0,desktop_safari,Kolkata,Kolkata,2026-08-02T16:27:04.124880
pay_086d888ca0c24b,mer_1018,cust_20323,9555.7,INR,upi,ICICI,captured,none,0,none,49.7,16,6,0,0,4.62,0,1,mobile_ios,Kolkata,Kolkata,2026-08-02T16:27:35.124880
pay_441d3d343f2447,mer_1009,cust_20156,20489.4,INR,upi,HDFC,captured,none,0,none,36.5,16,6,0,0,4.12,0,0,desktop_chrome,Ahmedabad,Ahmedabad,2026-08-02T16:48:25.124880
pay_369daedbc37143,mer_1014,cust_20400,20551.77,INR,card_debit,HDFC,captured,none,0,none,35.4,16,6,0,0,40.21,815,0,desktop_safari,Mumbai,Kochi,2026-08-02T16:55:05.124880
pay_9232027afa0946,mer_1039,cust_20588,33416.08,INR,upi,SBI,captured,none,0,none,47.2,17,6,0,0,19.0,993,0,desktop_chrome,Kochi,Hyderabad,2026-08-02T17:11:24.124880
pay_6ba6acb61c764b,mer_1017,cust_20576,2710.38,INR,upi,AXIS,captured,none,0,none,39.6,17,6,0,0,5.41,503,0,desktop_windows,Jaipur,Kolkata,2026-08-02T17:14:09.124880
pay_1697568bd2344d,mer_1012,cust_20364,19848.49,INR,upi,SBI,captured,none,0,none,32.1,17,6,0,1,32.47,0,0,desktop_safari,Delhi NCR,Delhi NCR,2026-08-02T17:27:17.124880
pay_f0a4984762d343,mer_1011,cust_20513,23941.12,INR,upi,HDFC,captured,none,0,none,34.9,17,6,0,1,26.47,0,0,mobile_android,Jaipur,Jaipur,2026-08-02T17:32:12.124880
pay_54f26e3f98b546,mer_1019,cust_20327,3833.72,INR,card_credit,HDFC,captured,none,0,none,32.3,17,6,0,0,12.78,0,0,mobile_ios,Pune,Pune,2026-08-02T17:37:48.124880
pay_64feba2e363542,mer_1006,cust_20048,26735.34,INR,upi,ICICI,captured,none,0,none,47.8,17,6,0,0,45.56,731,0,desktop_chrome,Bengaluru,Kochi,2026-08-02T17:38:09.124880
pay_5af2dcffd6b74c,mer_1037,cust_20309,4222.51,INR,card_credit,HDFC,captured,none,0,none,39.9,17,6,0,0,7.98,0,0,mobile_ios,Ahmedabad,Ahmedabad,2026-08-02T17:52:10.124880
pay_4af990b9399f47,mer_1035,cust_20207,65166.26,INR,card_credit,ICICI,captured,none,0,none,25.7,18,6,0,0,57.13,0,0,desktop_safari,Delhi NCR,Delhi NCR,2026-08-02T18:02:07.124880
pay_b9effbacc2d54f,mer_1009,cust_20425,64781.56,INR,netbanking,ICICI,captured,none,0,none,39.8,18,6,0,0,18.57,0,0,desktop_chrome,Hyderabad,Hyderabad,2026-08-02T18:07:24.124880
pay_14450e33e5514b,mer_1034,cust_20480,2756.96,INR,wallet,SBI,captured,none,0,none,29.0,18,6,0,0,1.54,1148,0,mobile_android,Chennai,Bengaluru,2026-08-02T18:11:31.124880
pay_44fd17bb8a674c,mer_1017,cust_20261,2908.68,INR,upi,SBI,captured,none,0,none,18.1,18,6,0,0,1.38,0,0,desktop_windows,Chennai,Chennai,2026-08-02T18:12:32.124880
pay_61255697751041,mer_1032,cust_20218,36362.39,INR,wallet,AXIS,captured,none,0,none,39.6,18,6,0,0,28.03,0,0,mobile_ios,Jaipur,Jaipur,2026-08-02T18:15:13.124880
pay_38b5fc785d3945,mer_1036,cust_20508,30644.47,INR,upi,HDFC,captured,none,0,none,36.6,18,6,0,2,29.93,0,0,mobile_ios,Hyderabad,Hyderabad,2026-08-02T18:15:23.124880
pay_9419e35a16fd47,mer_1002,cust_20564,36737.83,INR,wallet,SBI,failed,auth_timeout,0,none,30.4,18,6,0,1,67.68,0,0,desktop_safari,Pune,Pune,2026-08-02T18:30:40.124880
pay_25f3d63403ca44,mer_1014,cust_20563,28480.04,INR,wallet,AXIS,captured,none,0,none,47.4,18,6,0,0,46.35,974,0,desktop_windows,Kochi,Pune,2026-08-02T18:36:04.124880
pay_86cf71adcbec41,mer_1013,cust_20484,33343.45,INR,upi,SBI,captured,none,0,none,31.3,18,6,0,0,23.83,0,0,desktop_safari,Bengaluru,Bengaluru,2026-08-02T18:45:42.124880
pay_c391766297554c,mer_1028,cust_20594,13645.4,INR,upi,HDFC,captured,none,0,none,35.4,19,6,0,0,9.43,0,0,desktop_windows,Pune,Pune,2026-08-02T19:03:27.124880
pay_fc08938615be43,mer_1032,cust_20312,36750.53,INR,upi,AXIS,captured,none,0,none,29.7,19,6,0,0,7.03,0,0,desktop_safari,Bengaluru,Bengaluru,2026-08-02T19:08:57.124880
pay_89d0ff3bb8fa4c,mer_1009,cust_20438,27648.35,INR,upi,ICICI,captured,none,0,none,37.9,19,6,0,0,15.98,0,0,desktop_safari,Pune,Pune,2026-08-02T19:22:18.124880
pay_f0094a4e478342,mer_1003,cust_20199,3131.5,INR,upi,SBI,captured,none,0,none,30.8,19,6,0,0,4.96,0,0,desktop_windows,Mumbai,Mumbai,2026-08-02T19:33:15.124880
pay_e1524fa10ff94f,mer_1017,cust_20354,2123.33,INR,upi,KOTAK,captured,none,0,none,21.5,19,6,0,0,1.46,1095,0,desktop_chrome,Delhi NCR,Bengaluru,2026-08-02T19:46:07.124880
pay_76431b45b28841,mer_1022,cust_20151,2041.0,INR,card_credit,HDFC,captured,none,0,none,19.8,19,6,0,1,0.85,0,0,desktop_windows,Delhi NCR,Delhi NCR,2026-08-02T19:54:19.124880
pay_2811dc06e03e48,mer_1004,cust_20367,23131.78,INR,card_debit,AXIS,captured,none,0,none,28.9,19,6,0,0,8.55,0,0,mobile_ios,Hyderabad,Hyderabad,2026-08-02T19:59:40.124880
pay_bbf4fe43bfb44a,mer_1010,cust_20546,1997.77,INR,netbanking,SBI,captured,none,0,none,13.7,20,6,0,0,1.48,0,0,mobile_ios,Kochi,Kochi,2026-08-02T20:31:53.124880
pay_de3cacb6466247,mer_1007,cust_20037,45527.97,INR,upi,HDFC,captured,none,0,none,39.0,20,6,0,0,49.33,0,0,mobile_android,Jaipur,Jaipur,2026-08-02T20:40:13.124880
pay_778fdf7ca0f549,mer_1003,cust_20210,953.87,INR,card_credit,HDFC,captured,none,0,none,10.5,21,6,0,0,1.8,0,0,desktop_windows,Bengaluru,Bengaluru,2026-08-02T21:11:42.124880
pay_bf472ea68e2148,mer_1006,cust_20131,30378.46,INR,upi,ICICI,captured,none,0,none,39.0,21,6,0,0,25.76,0,0,mobile_android,Kolkata,Kolkata,2026-08-02T21:33:58.124880
pay_be5b3f0c63044d,mer_1008,cust_20489,27431.96,INR,netbanking,ICICI,captured,none,0,none,35.9,22,6,0,0,61.05,0,0,desktop_chrome,Hyderabad,Hyderabad,2026-08-02T22:05:52.124880
pay_b15b3d9985b444,mer_1010,cust_20099,4040.74,INR,upi,SBI,captured,none,0,none,28.0,22,6,0,0,7.1,0,0,desktop_chrome,Kolkata,Kolkata,2026-08-02T22:33:52.124880
pay_306ffa81dd584f,mer_1039,cust_20439,12621.11,INR,upi,ICICI,captured,none,0,none,38.7,22,6,0,1,4.73,0,0,mobile_ios,Kolkata,Kolkata,2026-08-02T22:53:00.124880
pay_29d7144d460244,mer_1030,cust_20531,8222.49,INR,card_debit,SBI,captured,none,0,none,39.5,22,6,0,0,9.36,0,0,desktop_windows,Mumbai,Mumbai,2026-08-02T22:53:30.124880
pay_a6e62e3660d946,mer_1024,cust_20083,1173.42,INR,card_credit,SBI,captured,none,0,none,14.7,23,6,0,0,0.76,0,0,desktop_windows,Chennai,Chennai,2026-08-02T23:06:54.124880
pay_1e55b7b154774b,mer_1015,cust_20305,4941.5,INR,upi,ICICI,captured,none,0,none,16.0,23,6,0,0,0.82,0,0,mobile_ios,Jaipur,Jaipur,2026-08-02T23:11:53.124880
pay_c1be73c62fd847,mer_1015,cust_20541,4092.63,INR,upi,HDFC,captured,none,0,none,13.6,23,6,0,0,2.8,0,0,desktop_windows,Jaipur,Jaipur,2026-08-02T23:18:34.124880
pay_9a834e56b09848,mer_1027,cust_20234,1817.95,INR,card_credit,HDFC,captured,none,0,none,20.5,23,6,0,0,2.72,1302,0,desktop_chrome,Delhi NCR,Jaipur,2026-08-02T23:30:03.124880
pay_a716ceaba10946,mer_1005,cust_20482,3954.3,INR,upi,ICICI,captured,none,0,none,25.6,23,6,0,1,2.12,0,1,mobile_ios,Hyderabad,Hyderabad,2026-08-02T23:34:14.124880
pay_d8b951323b134b,mer_1011,cust_20360,24337.55,INR,card_credit,SBI,captured,none,0,none,28.2,23,6,0,0,26.43,0,0,mobile_ios,Delhi NCR,Delhi NCR,2026-08-02T23:39:25.124880
pay_5656414b075f4f,mer_1005,cust_20437,8470.88,INR,card_credit,HDFC,captured,none,0,none,36.2,23,6,0,0,3.88,0,0,desktop_windows,Pune,Pune,2026-08-02T23:41:51.124880
pay_8fdb450caa5d45,mer_1014,cust_20158,38529.15,INR,upi,HDFC,captured,none,0,none,29.2,23,6,0,0,22.7,0,0,mobile_ios,Delhi NCR,Delhi NCR,2026-08-02T23:50:20.124880
pay_05fe27c88f8c46,mer_1031,cust_20442,23377.87,INR,card_debit,AXIS,captured,none,0,none,34.9,23,6,0,1,24.29,0,0,desktop_safari,Jaipur,Jaipur,2026-08-02T23:55:20.124880
pay_9d1caf7b8b914f,mer_1036,cust_20111,21224.79,INR,upi,ICICI,captured,none,0,none,39.4,23,6,0,0,22.93,0,0,desktop_windows,Delhi NCR,Delhi NCR,2026-08-02T23:56:34.124880
pay_428274ac06414e,mer_1015,cust_20553,420.19,INR,upi,ICICI,captured,none,0,none,10.2,0,0,0,0,0.27,0,0,mobile_ios,Kolkata,Kolkata,2026-08-03T00:19:01.124880
pay_1c2dc202995b4b,mer_1006,cust_20567,44439.77,INR,upi,ICICI,captured,none,0,none,30.3,0,0,0,0,56.84,0,0,desktop_windows,Mumbai,Mumbai,2026-08-03T00:43:21.124880
pay_adbfd39b34ef45,mer_1039,cust_20413,23128.04,INR,upi,SBI,captured,none,0,none,30.8,0,0,0,0,46.15,0,0,mobile_ios,Jaipur,Jaipur,2026-08-03T00:49:57.124880
pay_938f7bdde3a048,mer_1026,cust_20170,59185.17,INR,upi,HDFC,captured,none,0,none,30.8,0,0,0,1,43.1,0,0,desktop_chrome,Jaipur,Jaipur,2026-08-03T00:54:01.124880
pay_988c07f80ae44f,mer_1016,cust_20517,41813.89,INR,upi,HDFC,captured,none,0,none,38.2,1,0,0,0,12.92,0,0,desktop_chrome,Jaipur,Jaipur,2026-08-03T01:15:08.124880
pay_00931a2c4e2f47,mer_1026,cust_20266,65063.15,INR,upi,ICICI,captured,none,0,none,46.3,1,0,0,0,79.16,0,0,desktop_safari,Bengaluru,Bengaluru,2026-08-03T01:17:25.124880
pay_d77e198995484e,mer_1037,cust_20415,2698.91,INR,card_credit,PAYTM_BANK,captured,none,0,none,26.8,1,0,0,0,1.65,0,0,mobile_android,Jaipur,Jaipur,2026-08-03T01:17:26.124880
pay_4c9acb6639594a,mer_1020,cust_20126,131.49,INR,upi,SBI,failed,risk_blocked,1,card_testing,75.0,1,0,0,0,0.03,0,0,desktop_safari,Kochi,Kochi,2026-08-03T01:36:52.124880
pay_4f49d29997b64b,mer_1002,cust_20172,46868.27,INR,card_credit,AXIS,captured,none,0,none,43.1,1,0,0,0,9.26,290,0,desktop_chrome,Hyderabad,Bengaluru,2026-08-03T01:41:11.124880
pay_fe8ddcd1e09947,mer_1024,cust_20573,4520.39,INR,upi,SBI,captured,none,0,none,15.5,1,0,0,0,1.74,0,0,desktop_windows,Ahmedabad,Ahmedabad,2026-08-03T01:54:08.124880
pay_c137cf06b4514a,mer_1023,cust_20345,7416.89,INR,upi,HDFC,captured,none,0,none,16.2,2,0,0,0,2.38,0,0,desktop_safari,Delhi NCR,Delhi NCR,2026-08-03T02:21:22.124880
pay_cd1c4c4962d044,mer_1001,cust_20550,4929.76,INR,upi,HDFC,captured,none,0,none,35.3,2,0,0,0,4.3,0,0,desktop_windows,Jaipur,Jaipur,2026-08-03T02:28:36.124880
pay_7748d05bf65549,mer_1007,cust_20433,22795.08,INR,upi,PAYTM_BANK,captured,none,0,none,57.1,2,0,0,0,3.43,722,0,mobile_ios,Ahmedabad,Hyderabad,2026-08-03T02:48:32.124880
pay_81e4dc75fbbe48,mer_1003,cust_20054,2614.35,INR,netbanking,AXIS,captured,none,0,none,21.7,3,0,0,0,0.57,0,0,desktop_chrome,Hyderabad,Hyderabad,2026-08-03T03:22:06.124880
pay_aea41591ef8c44,mer_1035,cust_20008,68714.04,INR,upi,HDFC,captured,none,0,none,43.9,3,0,0,1,62.46,0,0,mobile_ios,Chennai,Chennai,2026-08-03T03:36:41.124880
pay_052c88fcff8f4e,mer_1024,cust_20076,1012.68,INR,upi,ICICI,captured,none,0,none,25.0,3,0,0,0,0.68,0,0,mobile_android,Pune,Pune,2026-08-03T03:38:31.124880
pay_2e969741cb4d40,mer_1015,cust_20227,2127.56,INR,upi,HDFC,captured,none,0,none,47.2,3,0,0,0,7.09,0,0,mobile_ios,Pune,Pune,2026-08-03T03:41:41.124880
pay_0ab66fa5c7084f,mer_1022,cust_20441,4237.52,INR,card_credit,SBI,captured,none,0,none,21.1,4,0,0,0,2.12,0,0,desktop_windows,Chennai,Chennai,2026-08-03T04:03:59.124880
pay_7cc17f114e8246,mer_1036,cust_20050,14572.2,INR,wallet,ICICI,failed,issuer_bank_down,0,none,26.8,4,0,0,1,2.77,0,0,mobile_ios,Delhi NCR,Delhi NCR,2026-08-03T04:14:54.124880
pay_068192f9b39843,mer_1007,cust_20571,71881.41,INR,card_debit,HDFC,captured,none,0,none,35.6,4,0,0,0,35.07,0,0,mobile_android,Ahmedabad,Ahmedabad,2026-08-03T04:40:43.124880
pay_62c1c397de2445,mer_1036,cust_20242,14443.42,INR,upi,ICICI,captured,none,0,none,48.7,4,0,0,0,8.82,0,0,mobile_android,Chennai,Chennai,2026-08-03T04:49:26.124880
pay_4fe58ef9123d43,mer_1003,cust_20424,2188.81,INR,card_debit,SBI,captured,none,0,none,14.8,5,0,0,0,0.94,0,0,desktop_windows,Ahmedabad,Ahmedabad,2026-08-03T05:04:09.124880
pay_306db8fb955648,mer_1032,cust_20265,5386.24,INR,upi,PAYTM_BANK,captured,none,0,none,26.5,5,0,0,0,2.0,0,1,desktop_windows,Kochi,Kochi,2026-08-03T05:07:54.124880
pay_55d9afdff1114d,mer_1021,cust_20196,24904.88,INR,card_credit,SBI,captured,none,0,none,39.1,5,0,0,0,8.18,0,0,desktop_windows,Delhi NCR,Delhi NCR,2026-08-03T05:17:00.124880
pay_1cb9e969dcc04b,mer_1019,cust_20508,2038.93,INR,upi,PAYTM_BANK,captured,none,0,none,15.3,5,0,0,3,1.99,0,0,desktop_windows,Hyderabad,Hyderabad,2026-08-03T05:53:00.124880
pay_099e78715d1e40,mer_1009,cust_20457,68.96,INR,wallet,HDFC,failed,risk_blocked,1,card_testing,77.9,6,0,0,0,0.06,0,0,desktop_safari,Bengaluru,Bengaluru,2026-08-03T06:16:39.124880
pay_3a787070eaee46,mer_1026,cust_20562,64907.9,INR,card_credit,SBI,captured,none,0,none,37.3,6,0,0,0,44.18,0,0,desktop_chrome,Hyderabad,Hyderabad,2026-08-03T06:27:47.124880
pay_4761f998474146,mer_1019,cust_20046,4122.56,INR,upi,AXIS,captured,none,0,none,30.1,6,0,0,1,5.87,0,0,mobile_ios,Mumbai,Mumbai,2026-08-03T06:38:42.124880
pay_bf142aa860ab42,mer_1025,cust_20035,81117.11,INR,upi,ICICI,captured,none,0,none,36.6,6,0,0,0,48.27,0,0,mobile_android,Delhi NCR,Delhi NCR,2026-08-03T06:39:48.124880
pay_54d9be9c4e0240,mer_1001,cust_20369,1903.23,INR,netbanking,AXIS,captured,none,0,none,19.4,6,0,0,0,0.25,0,0,desktop_chrome,Kolkata,Kolkata,2026-08-03T06:41:43.124880
pay_60387c66ecc84c,mer_1040,cust_20236,10112.82,INR,upi,HDFC,captured,none,0,none,53.3,6,0,0,0,17.92,0,1,mobile_android,Mumbai,Mumbai,2026-08-03T06:43:33.124880
pay_c636abcccaf24c,mer_1015,cust_20112,3942.83,INR,card_debit,HDFC,captured,none,0,none,30.4,6,0,0,0,1.76,0,1,desktop_windows,Pune,Pune,2026-08-03T06:46:58.124880
pay_15357ba3d0014f,mer_1013,cust_20477,30121.4,INR,netbanking,ICICI,captured,none,0,none,27.2,6,0,0,0,4.04,0,0,mobile_ios,Kochi,Kochi,2026-08-03T06:52:01.124880
pay_ef9b395dee7f4a,mer_1006,cust_20223,45665.77,INR,upi,KOTAK,captured,none,0,none,29.7,6,0,0,0,61.82,0,0,mobile_android,Ahmedabad,Ahmedabad,2026-08-03T06:56:41.124880
pay_6e985589bbdd43,mer_1027,cust_20353,3502.54,INR,wallet,ICICI,captured,none,0,none,19.2,7,0,0,0,2.46,0,0,desktop_chrome,Jaipur,Jaipur,2026-08-03T07:09:56.124880
pay_f412fd7371e746,mer_1023,cust_20131,2778.79,INR,upi,SBI,captured,none,0,none,6.9,7,0,0,1,2.36,0,0,desktop_safari,Kolkata,Kolkata,2026-08-03T07:17:16.124880
pay_c55e62b2d88545,mer_1021,cust_20208,41102.4,INR,upi,HDFC,captured,none,0,none,33.3,7,0,0,0,46.02,0,0,mobile_android,Chennai,Chennai,2026-08-03T07:18:03.124880
pay_89d3b03ebe9b4e,mer_1034,cust_20192,122.03,INR,upi,ICICI,captured,none,0,none,9.5,7,0,0,0,0.07,0,0,desktop_safari,Chennai,Chennai,2026-08-03T07:31:01.124880
pay_7cb5df5a590f4d,mer_1033,cust_20458,368.44,INR,upi,SBI,captured,none,0,none,10.6,7,0,0,0,0.62,0,0,mobile_ios,Bengaluru,Bengaluru,2026-08-03T07:31:49.124880
pay_77eb39c5da1446,mer_1009,cust_20406,5524.5,INR,upi,SBI,failed,insufficient_funds,0,none,5.2,7,0,0,0,1.56,0,0,desktop_chrome,Kolkata,Kolkata,2026-08-03T07:36:19.124880
pay_b57d7b55b6fc42,mer_1025,cust_20084,15407.81,INR,upi,HDFC,captured,none,0,none,33.9,7,0,0,0,8.32,0,0,desktop_chrome,Kochi,Kochi,2026-08-03T07:37:50.124880
pay_54821ce6fc2f4b,mer_1040,cust_20491,34518.96,INR,upi,HDFC,captured,none,0,none,25.4,7,0,0,0,3.55,0,0,desktop_windows,Ahmedabad,Ahmedabad,2026-08-03T07:54:38.124880
pay_3ea59589f19b46,mer_1002,cust_20047,24882.58,INR,card_credit,AXIS,captured,none,0,none,34.4,7,0,0,0,16.81,0,0,desktop_windows,Chennai,Chennai,2026-08-03T07:58:06.124880
pay_428cd7840ebe47,mer_1034,cust_20537,2339.25,INR,upi,AXIS,captured,none,0,none,28.3,8,0,0,0,3.09,0,0,mobile_ios,Hyderabad,Hyderabad,2026-08-03T08:02:37.124880
pay_cb3488a21d3a4c,mer_1028,cust_20225,5778.34,INR,upi,ICICI,captured,none,0,none,33.4,8,0,0,0,3.58,0,0,mobile_android,Pune,Pune,2026-08-03T08:15:32.124880
pay_008f27c8e9a345,mer_1029,cust_20015,394.46,INR,upi,HDFC,captured,none,0,none,15.8,8,0,0,0,0.13,0,0,desktop_windows,Delhi NCR,Delhi NCR,2026-08-03T08:16:10.124880
pay_dde042e9e8c949,mer_1032,cust_20262,19205.09,INR,upi,HDFC,captured,none,0,none,27.1,8,0,0,0,7.22,0,0,desktop_safari,Hyderabad,Hyderabad,2026-08-03T08:20:20.124880
pay_6ca4f983206942,mer_1036,cust_20159,38165.12,INR,upi,PAYTM_BANK,captured,none,0,none,32.2,8,0,0,0,9.25,0,0,mobile_ios,Bengaluru,Bengaluru,2026-08-03T08:24:30.124880
pay_13d245a660ae45,mer_1017,cust_20451,2086.8,INR,upi,HDFC,captured,none,0,none,28.5,8,0,0,0,1.31,0,1,desktop_chrome,Bengaluru,Bengaluru,2026-08-03T08:30:22.124880
pay_11029101742e43,mer_1003,cust_20412,235.56,INR,upi,PAYTM_BANK,captured,none,0,none,12.8,8,0,0,0,0.42,0,0,mobile_ios,Mumbai,Mumbai,2026-08-03T08:42:21.124880
pay_19b4c5251f3b41,mer_1018,cust_20593,2595.09,INR,netbanking,ICICI,captured,none,0,none,6.8,8,0,0,2,0.39,0,0,desktop_safari,Bengaluru,Bengaluru,2026-08-03T08:54:20.124880
pay_5215adc6adec4b,mer_1025,cust_20241,44759.32,INR,upi,SBI,captured,none,0,none,35.3,9,0,0,0,43.38,0,0,mobile_ios,Delhi NCR,Delhi NCR,2026-08-03T09:00:51.124880
pay_14cea7009be641,mer_1022,cust_20594,5029.26,INR,upi,ICICI,captured,none,0,none,38.8,9,0,0,1,3.48,0,0,desktop_chrome,Pune,Pune,2026-08-03T09:03:51.124880
pay_3d6e64931c5f44,mer_1014,cust_20420,17107.39,INR,upi,SBI,captured,none,0,none,33.4,9,0,0,0,32.62,0,0,desktop_windows,Kolkata,Kolkata,2026-08-03T09:16:15.124880
pay_be5902f6212346,mer_1005,cust_20214,50731.68,INR,card_debit,HDFC,captured,none,0,none,39.5,9,0,0,0,28.6,600,0,desktop_windows,Jaipur,Chennai,2026-08-03T09:24:49.124880
pay_a4d7cb6346604b,mer_1028,cust_20504,7656.5,INR,card_debit,HDFC,failed,issuer_bank_down,0,none,26.2,9,0,0,0,4.09,0,0,mobile_android,Hyderabad,Hyderabad,2026-08-03T09:42:55.124880
pay_988f731e77874f,mer_1040,cust_20109,2748.21,INR,upi,ICICI,captured,none,0,none,14.1,9,0,0,0,0.33,0,0,desktop_chrome,Delhi NCR,Delhi NCR,2026-08-03T09:45:21.124880
pay_78861e0a0fe04c,mer_1006,cust_20003,21885.19,INR,card_debit,ICICI,refunded,customer_return,0,none,37.6,10,0,0,0,5.28,0,0,desktop_chrome,Kolkata,Kolkata,2026-08-03T10:02:42.124880
pay_e82fb4ad22db43,mer_1039,cust_20585,36512.82,INR,wallet,ICICI,captured,none,0,none,43.5,10,0,0,0,29.09,0,1,desktop_safari,Jaipur,Jaipur,2026-08-03T10:08:16.124880
pay_2f9d623311634a,mer_1029,cust_20186,880.89,INR,wallet,SBI,captured,none,0,none,10.5,10,0,0,0,0.47,0,0,mobile_ios,Mumbai,Mumbai,2026-08-03T10:08:39.124880
pay_f81e1feaa62e43,mer_1025,cust_20582,88909.31,INR,card_credit,PAYTM_BANK,captured,none,0,none,27.4,10,0,0,0,119.62,0,0,desktop_chrome,Pune,Pune,2026-08-03T10:19:22.124880
pay_e0daa07a500f44,mer_1032,cust_20479,18313.13,INR,upi,HDFC,captured,none,0,none,37.3,10,0,0,0,24.41,0,0,mobile_ios,Ahmedabad,Ahmedabad,2026-08-03T10:22:55.124880
pay_168061d57c9140,mer_1038,cust_20435,26554.01,INR,upi,ICICI,captured,none,0,none,28.0,10,0,0,0,37.53,0,0,mobile_android,Ahmedabad,Ahmedabad,2026-08-03T10:25:44.124880
pay_f62658a877d14b,mer_1023,cust_20513,7850.49,INR,upi,PAYTM_BANK,captured,none,0,none,29.1,10,0,0,2,8.68,0,0,mobile_ios,Jaipur,Jaipur,2026-08-03T10:35:52.124880
pay_301044ef6ad446,mer_1032,cust_20053,26783.75,INR,upi,HDFC,captured,none,0,none,32.8,10,0,0,0,7.8,0,0,desktop_chrome,Bengaluru,Bengaluru,2026-08-03T10:42:57.124880
pay_49949c795e7a40,mer_1025,cust_20395,64847.02,INR,card_credit,AXIS,captured,none,0,none,29.8,10,0,0,0,27.48,0,0,mobile_ios,Delhi NCR,Delhi NCR,2026-08-03T10:43:43.124880
pay_749a17e86b6849,mer_1003,cust_20133,1280.07,INR,upi,SBI,captured,none,0,none,23.4,11,0,0,0,0.64,0,1,desktop_chrome,Chennai,Chennai,2026-08-03T11:15:58.124880
pay_479ae3f5844543,mer_1040,cust_20265,24228.06,INR,upi,HDFC,failed,issuer_bank_down,0,none,28.2,11,0,0,1,9.0,0,0,mobile_android,Kochi,Kochi,2026-08-03T11:17:49.124880
pay_11cccc41b0b148,mer_1035,cust_20381,18231.33,INR,netbanking,SBI,captured,none,0,none,29.2,11,0,0,0,4.87,0,0,desktop_chrome,Delhi NCR,Delhi NCR,2026-08-03T11:21:41.124880
pay_6d8a56333d2c4d,mer_1002,cust_20487,94672.09,INR,upi,HDFC,captured,none,0,none,36.6,11,0,0,0,76.16,1628,0,mobile_ios,Kolkata,Bengaluru,2026-08-03T11:40:37.124880
pay_c4e5e232fbfa4e,mer_1010,cust_20418,4734.03,INR,upi,HDFC,captured,none,0,none,19.8,11,0,0,0,2.04,0,0,desktop_chrome,Kochi,Kochi,2026-08-03T11:55:22.124880
pay_a849394fa3ce49,mer_1026,cust_20443,85731.61,INR,card_credit,HDFC,captured,none,0,none,27.2,12,0,0,1,127.45,0,0,desktop_windows,Ahmedabad,Ahmedabad,2026-08-03T12:00:35.124880
pay_9e7b9f4871544d,mer_1004,cust_20590,4379.47,INR,upi,AXIS,captured,none,0,none,6.7,12,0,0,0,1.03,0,0,mobile_android,Pune,Pune,2026-08-03T12:06:45.124880
pay_f2a2f68b062e44,mer_1020,cust_20531,24213.08,INR,upi,AXIS,failed,issuer_bank_down,0,none,38.3,12,0,0,1,27.57,0,0,mobile_ios,Mumbai,Mumbai,2026-08-03T12:10:52.124880
pay_8c0939d2db284a,mer_1029,cust_20381,1229.89,INR,upi,KOTAK,captured,none,0,none,7.8,12,0,0,1,0.33,0,0,desktop_chrome,Delhi NCR,Delhi NCR,2026-08-03T12:36:52.124880
pay_e8eaeb87c96443,mer_1030,cust_20030,39936.21,INR,card_credit,AXIS,captured,none,0,none,27.7,12,0,0,0,12.56,0,0,desktop_windows,Chennai,Chennai,2026-08-03T12:39:42.124880
pay_be057a15115543,mer_1026,cust_20098,12531.9,INR,card_debit,ICICI,captured,none,0,none,35.5,12,0,0,0,3.74,0,0,desktop_windows,Mumbai,Mumbai,2026-08-03T12:40:28.124880
pay_e0b7a03b8afa48,mer_1014,cust_20255,20288.9,INR,upi,KOTAK,captured,none,0,none,31.1,13,0,0,0,7.29,0,0,mobile_android,Bengaluru,Bengaluru,2026-08-03T13:04:12.124880
pay_112eb09814f240,mer_1024,cust_20122,2500.91,INR,netbanking,AXIS,captured,none,0,none,9.0,13,0,0,0,1.56,0,0,desktop_windows,Hyderabad,Hyderabad,2026-08-03T13:11:17.124880
pay_5436389bbcaa41,mer_1013,cust_20011,34758.17,INR,upi,ICICI,captured,none,0,none,26.9,13,0,0,0,63.21,0,0,desktop_chrome,Mumbai,Mumbai,2026-08-03T13:42:00.124880
pay_21e7a781303a4e,mer_1012,cust_20527,7789.23,INR,upi,HDFC,captured,none,0,none,32.4,13,0,0,0,4.97,0,0,desktop_safari,Jaipur,Jaipur,2026-08-03T13:49:47.124880
pay_12cfdb23a6b645,mer_1034,cust_20334,1273.63,INR,card_credit,ICICI,captured,none,0,none,13.8,14,0,0,0,0.52,0,0,desktop_windows,Bengaluru,Bengaluru,2026-08-03T14:18:46.124880
pay_44d2aba05ffd41,mer_1002,cust_20205,5037.27,INR,wallet,PAYTM_BANK,captured,none,0,none,41.9,14,0,0,0,5.66,0,1,desktop_chrome,Bengaluru,Bengaluru,2026-08-03T14:36:24.124880
pay_180700a0d3dd44,mer_1024,cust_20163,667.42,INR,upi,KOTAK,captured,none,0,none,7.5,14,0,0,0,0.15,0,0,desktop_safari,Chennai,Chennai,2026-08-03T14:38:16.124880
pay_82c413389dd044,mer_1016,cust_20367,19209.4,INR,card_debit,ICICI,captured,none,0,none,37.6,14,0,0,1,7.1,0,0,desktop_windows,Hyderabad,Hyderabad,2026-08-03T14:53:15.124880
pay_8e79cd11ab794d,mer_1012,cust_20475,9096.69,INR,upi,HDFC,failed,issuer_bank_down,0,none,28.0,14,0,0,0,8.13,0,0,mobile_android,Ahmedabad,Ahmedabad,2026-08-03T14:54:32.124880
pay_a14b7156f2dd47,mer_1035,cust_20144,56758.99,INR,card_credit,SBI,captured,none,0,none,25.5,14,0,0,0,58.85,0,0,mobile_android,Pune,Pune,2026-08-03T14:55:50.124880
pay_6f74bf82dada4b,mer_1016,cust_20058,49893.14,INR,netbanking,ICICI,captured,none,0,none,28.1,15,0,0,0,14.6,0,0,desktop_safari,Mumbai,Mumbai,2026-08-03T15:33:19.124880
pay_19d66c0f138e43,mer_1034,cust_20154,3003.87,INR,upi,SBI,captured,none,0,none,32.7,15,0,0,0,7.72,0,0,mobile_android,Kochi,Kochi,2026-08-03T15:48:33.124880
pay_6822de0884a143,mer_1009,cust_20448,58177.34,INR,netbanking,AXIS,captured,none,0,none,32.9,16,0,0,0,23.68,0,0,desktop_chrome,Chennai,Chennai,2026-08-03T16:02:05.124880
pay_0e28f8f17a934a,mer_1034,cust_20082,247.25,INR,upi,ICICI,captured,none,0,none,6.5,16,0,0,0,0.05,0,0,desktop_windows,Kolkata,Kolkata,2026-08-03T16:08:06.124880
pay_b63c0155ecb64d,mer_1022,cust_20016,2383.26,INR,card_debit,SBI,captured,none,0,none,8.8,16,0,0,0,2.32,0,0,desktop_chrome,Mumbai,Mumbai,2026-08-03T16:27:36.124880
pay_cd69511cccda44,mer_1027,cust_20298,271.15,INR,upi,KOTAK,captured,none,0,none,10.5,16,0,0,0,0.42,0,0,desktop_chrome,Kochi,Kochi,2026-08-03T16:29:32.124880
pay_8d907e60c2ef4d,mer_1022,cust_20521,2807.44,INR,upi,AXIS,captured,none,0,none,32.4,16,0,0,0,3.3,0,0,desktop_chrome,Hyderabad,Hyderabad,2026-08-03T16:45:12.124880
pay_422089f43bdd44,mer_1024,cust_20589,6009.71,INR,netbanking,ICICI,captured,none,0,none,13.9,16,0,0,0,1.51,0,0,desktop_chrome,Jaipur,Jaipur,2026-08-03T16:57:58.124880
pay_d25fdcd63b3f44,mer_1040,cust_20040,13958.52,INR,upi,HDFC,captured,none,0,none,29.0,16,0,0,0,6.41,0,0,desktop_windows,Hyderabad,Hyderabad,2026-08-03T16:59:59.124880
pay_98ac423cb4684e,mer_1007,cust_20447,54403.6,INR,upi,HDFC,captured,none,0,none,27.5,17,0,0,0,14.53,0,0,mobile_ios,Delhi NCR,Delhi NCR,2026-08-03T17:19:39.124880
pay_f0d5b988202446,mer_1029,cust_20442,1909.42,INR,upi,SBI,captured,none,0,none,5.9,17,0,0,1,1.98,0,0,mobile_ios,Jaipur,Jaipur,2026-08-03T17:23:12.124880
pay_740a1cdc339540,mer_1019,cust_20377,916.66,INR,netbanking,SBI,captured,none,0,none,13.3,17,0,0,0,2.02,0,0,mobile_android,Pune,Pune,2026-08-03T17:33:58.124880
pay_c71fb34bddbd48,mer_1019,cust_20362,4206.97,INR,upi,PAYTM_BANK,captured,none,0,none,10.6,17,0,0,0,0.73,0,0,mobile_android,Jaipur,Jaipur,2026-08-03T17:34:57.124880
pay_7c8084849d3c4a,mer_1031,cust_20425,39145.05,INR,upi,HDFC,captured,none,0,none,28.0,17,0,0,1,11.22,0,0,desktop_windows,Hyderabad,Hyderabad,2026-08-03T17:53:51.124880
pay_c7e5d877b3a242,mer_1031,cust_20091,21172.77,INR,upi,ICICI,captured,none,0,none,25.7,18,0,0,0,16.78,0,0,desktop_windows,Hyderabad,Hyderabad,2026-08-03T18:15:06.124880
pay_79853501ac8a4b,mer_1040,cust_20249,20844.04,INR,netbanking,SBI,captured,none,0,none,26.3,18,0,0,0,4.4,0,0,desktop_windows,Mumbai,Mumbai,2026-08-03T18:17:58.124880
pay_1037e11346ce47,mer_1024,cust_20381,4168.2,INR,card_debit,ICICI,captured,none,0,none,15.6,19,0,0,2,1.11,0,0,mobile_android,Delhi NCR,Delhi NCR,2026-08-03T19:20:17.124880
pay_70ef79fb396448,mer_1016,cust_20223,35525.32,INR,netbanking,ICICI,captured,none,0,none,39.2,19,0,0,1,48.09,0,0,mobile_ios,Ahmedabad,Ahmedabad,2026-08-03T19:40:34.124880
pay_66ef0d2ed3a948,mer_1005,cust_20574,31490.92,INR,upi,HDFC,captured,none,0,none,38.2,19,0,0,0,6.88,0,0,desktop_safari,Kochi,Kochi,2026-08-03T19:40:45.124880
pay_26ff077d9ecf44,mer_1009,cust_20009,52495.21,INR,upi,HDFC,captured,none,0,none,29.1,19,0,0,0,47.98,0,0,desktop_safari,Bengaluru,Bengaluru,2026-08-03T19:52:33.124880
pay_d90857ed140f49,mer_1002,cust_20264,72574.36,INR,upi,ICICI,captured,none,0,none,26.4,20,0,0,0,96.84,0,0,desktop_safari,Chennai,Chennai,2026-08-03T20:00:44.124880
pay_4ffcd10548ee4c,mer_1036,cust_20486,14834.55,INR,upi,AXIS,captured,none,0,none,39.7,20,0,0,0,10.97,0,0,mobile_android,Chennai,Chennai,2026-08-03T20:03:33.124880
pay_fb414fde461345,mer_1037,cust_20343,1675.19,INR,upi,AXIS,captured,none,0,none,33.8,20,0,0,0,4.86,0,0,desktop_windows,Delhi NCR,Delhi NCR,2026-08-03T20:19:40.124880
pay_c41703c100e245,mer_1001,cust_20569,1672.05,INR,netbanking,AXIS,captured,none,0,none,13.1,20,0,0,0,2.17,0,0,desktop_windows,Mumbai,Mumbai,2026-08-03T20:25:29.124880
pay_012a08d9923447,mer_1009,cust_20591,60624.05,INR,card_debit,HDFC,captured,none,0,none,25.8,20,0,0,0,66.58,0,0,desktop_chrome,Mumbai,Mumbai,2026-08-03T20:29:36.124880
pay_ba35f26a00ea41,mer_1030,cust_20213,54372.63,INR,upi,SBI,captured,none,0,none,32.8,20,0,0,0,36.01,0,0,mobile_ios,Bengaluru,Bengaluru,2026-08-03T20:47:13.124880
pay_959bc54d9cb643,mer_1021,cust_20508,22398.8,INR,upi,HDFC,captured,none,0,none,38.7,20,0,0,1,21.88,0,0,desktop_chrome,Hyderabad,Hyderabad,2026-08-03T20:49:16.124880
pay_46dae3e6f31043,mer_1024,cust_20472,595.78,INR,upi,ICICI,captured,none,0,none,14.6,20,0,0,0,0.24,0,0,mobile_ios,Chennai,Chennai,2026-08-03T20:58:38.124880
pay_c659c1733b3041,mer_1039,cust_20271,12251.61,INR,upi,ICICI,captured,none,0,none,25.9,21,0,0,0,5.96,0,0,desktop_safari,Kochi,Kochi,2026-08-03T21:01:54.124880
pay_1c7b5314996544,mer_1010,cust_20090,3755.66,INR,wallet,ICICI,captured,none,0,none,12.9,21,0,0,0,0.68,431,0,desktop_chrome,Mumbai,Chennai,2026-08-03T21:10:15.124880
pay_48909b7e76f540,mer_1002,cust_20349,19960.64,INR,upi,SBI,captured,none,0,none,27.8,21,0,0,0,42.51,0,0,desktop_windows,Kochi,Kochi,2026-08-03T21:14:59.124880
pay_8814c173324447,mer_1037,cust_20513,2357.07,INR,card_debit,ICICI,captured,none,0,none,8.1,21,0,0,1,2.61,0,0,desktop_windows,Jaipur,Jaipur,2026-08-03T21:21:12.124880
pay_8e34c0e06e5b4e,mer_1036,cust_20099,49546.42,INR,upi,HDFC,captured,none,0,none,29.0,21,0,0,1,87.07,0,0,desktop_safari,Kolkata,Kolkata,2026-08-03T21:30:07.124880
pay_a0f6169320ea45,mer_1030,cust_20303,33296.88,INR,card_credit,SBI,captured,none,0,none,26.4,21,0,0,0,6.13,0,0,mobile_android,Delhi NCR,Delhi NCR,2026-08-03T21:36:24.124880
pay_7ebcb54a8c0c48,mer_1008,cust_20297,38447.86,INR,upi,KOTAK,captured,none,0,none,25.6,21,0,0,0,13.48,0,0,desktop_safari,Chennai,Chennai,2026-08-03T21:48:46.124880
pay_0a51a3d577e44a,mer_1005,cust_20012,64903.26,INR,card_credit,HDFC,captured,none,0,none,26.7,21,0,0,0,148.64,0,0,desktop_chrome,Kolkata,Kolkata,2026-08-03T21:56:42.124880
pay_f13ff5fb1ef847,mer_1029,cust_20245,679.82,INR,wallet,HDFC,captured,none,0,none,17.8,22,0,0,0,1.23,0,0,mobile_android,Mumbai,Mumbai,2026-08-03T22:07:21.124880
pay_c4313f12269f4f,mer_1012,cust_20227,19205.01,INR,upi,HDFC,captured,none,0,none,39.1,22,0,0,1,64.02,0,0,mobile_ios,Pune,Pune,2026-08-03T22:09:25.124880
pay_d86fc2b45ec241,mer_1004,cust_20248,29492.81,INR,upi,AXIS,captured,none,0,none,35.3,22,0,0,0,33.43,0,0,mobile_android,Kolkata,Kolkata,2026-08-03T22:35:03.124880
pay_ce85cb21405e46,mer_1028,cust_20564,1021.75,INR,upi,ICICI,captured,none,0,none,27.2,22,0,0,0,1.88,514,0,desktop_windows,Pune,Mumbai,2026-08-03T22:35:38.124880
pay_09d41a3b31ad4d,mer_1016,cust_20374,75837.52,INR,card_debit,HDFC,captured,none,0,none,44.8,22,0,0,0,62.63,0,1,desktop_chrome,Hyderabad,Hyderabad,2026-08-03T22:36:20.124880
pay_b8362668f7c547,mer_1006,cust_20429,41976.23,INR,upi,AXIS,captured,none,0,none,31.2,22,0,0,0,48.23,0,0,desktop_windows,Hyderabad,Hyderabad,2026-08-03T22:40:21.124880
pay_7d9eeb0f62b344,mer_1034,cust_20343,3831.64,INR,card_credit,SBI,captured,none,0,none,50.7,22,0,0,1,11.1,0,1,mobile_android,Delhi NCR,Delhi NCR,2026-08-03T22:44:38.124880
pay_a8d59fdf901649,mer_1035,cust_20517,5457.43,INR,upi,HDFC,refunded,customer_return,0,none,12.2,22,0,0,1,1.69,0,0,mobile_ios,Jaipur,Jaipur,2026-08-03T22:45:36.124880
pay_cb57ceb25df541,mer_1024,cust_20310,924.87,INR,upi,SBI,captured,none,0,none,14.6,22,0,0,0,1.11,0,0,desktop_safari,Chennai,Chennai,2026-08-03T22:46:54.124880
pay_cafc6475b95d4b,mer_1010,cust_20099,7035.55,INR,card_debit,HDFC,captured,none,0,none,38.4,22,0,0,1,12.36,848,0,desktop_windows,Kolkata,Delhi NCR,2026-08-03T22:57:33.124880
pay_845070a9c62346,mer_1014,cust_20579,34118.52,INR,card_credit,HDFC,captured,none,0,none,34.1,23,0,0,0,30.49,0,0,desktop_safari,Ahmedabad,Ahmedabad,2026-08-03T23:31:01.124880
pay_7fc820bb1ce245,mer_1032,cust_20243,14411.13,INR,wallet,SBI,captured,none,0,none,44.1,23,0,0,0,13.9,1554,0,desktop_chrome,Chennai,Bengaluru,2026-08-03T23:49:26.124880
pay_9bbad07f19cb41,mer_1036,cust_20194,20792.84,INR,upi,SBI,captured,none,0,none,25.6,23,0,0,0,29.72,0,0,desktop_safari,Hyderabad,Hyderabad,2026-08-03T23:54:54.124880
pay_8648a45f556142,mer_1023,cust_20304,7996.26,INR,netbanking,AXIS,captured,none,0,none,39.9,23,0,0,0,3.22,0,0,desktop_chrome,Kolkata,Kolkata,2026-08-03T23:58:25.124880
pay_7cc49981b26e43,mer_1024,cust_20007,6932.99,INR,card_credit,ICICI,captured,none,0,none,33.7,23,0,0,0,6.16,0,0,mobile_ios,Kochi,Kochi,2026-08-03T23:59:01.124880
pay_356c66aaa11c44,mer_1011,cust_20421,44376.36,INR,upi,HDFC,refunded,customer_return,0,none,26.8,0,1,0,0,115.52,0,0,mobile_android,Kolkata,Kolkata,2026-08-04T00:07:50.124880
pay_4e6e6f618c604f,mer_1039,cust_20226,31357.41,INR,upi,HDFC,captured,none,0,none,42.0,0,1,0,0,9.44,0,1,desktop_windows,Pune,Pune,2026-08-04T00:26:19.124880
pay_0733c496d45544,mer_1026,cust_20173,76904.1,INR,upi,ICICI,captured,none,0,none,32.0,0,1,0,0,29.41,0,0,desktop_safari,Delhi NCR,Delhi NCR,2026-08-04T00:38:08.124880
pay_082fc676ea5f4f,mer_1025,cust_20519,10025.51,INR,upi,KOTAK,failed,auth_timeout,0,none,28.0,0,1,0,0,6.8,0,0,desktop_windows,Bengaluru,Bengaluru,2026-08-04T00:44:07.124880
pay_0052bb300da941,mer_1021,cust_20371,70486.16,INR,upi,AXIS,captured,none,0,none,31.0,0,1,0,0,33.92,0,0,desktop_chrome,Kolkata,Kolkata,2026-08-04T00:47:06.124880
pay_fd4b2baef89446,mer_1037,cust_20471,4106.73,INR,card_debit,SBI,captured,none,0,none,27.2,1,1,0,0,2.76,0,0,desktop_chrome,Jaipur,Jaipur,2026-08-04T01:00:45.124880
pay_e02cc3cad3ec4e,mer_1034,cust_20427,2808.71,INR,card_credit,HDFC,captured,none,0,none,22.5,1,1,0,0,1.13,0,0,desktop_safari,Hyderabad,Hyderabad,2026-08-04T01:06:54.124880
pay_b231114d43c44d,mer_1039,cust_20245,44797.17,INR,upi,PAYTM_BANK,captured,none,0,none,42.0,1,1,0,1,80.81,0,0,desktop_chrome,Mumbai,Mumbai,2026-08-04T01:12:40.124880
pay_37026775a5ab41,mer_1008,cust_20182,75126.61,INR,upi,SBI,captured,none,0,none,53.5,1,1,0,0,250.42,670,0,desktop_windows,Pune,Kolkata,2026-08-04T01:21:38.124880
pay_7e2092ed34c448,mer_1038,cust_20590,27870.2,INR,upi,ICICI,captured,none,0,none,55.9,1,1,0,1,6.58,1129,0,mobile_android,Pune,Jaipur,2026-08-04T01:26:53.124880
pay_6a2fb8cae84e4c,mer_1031,cust_20383,16404.63,INR,upi,ICICI,captured,none,0,none,36.7,1,1,0,0,9.86,0,0,desktop_chrome,Kochi,Kochi,2026-08-04T01:33:58.124880
pay_0a98a3c5d1324c,mer_1036,cust_20162,25421.25,INR,upi,AXIS,captured,none,0,none,41.6,1,1,0,0,13.41,0,0,desktop_windows,Mumbai,Mumbai,2026-08-04T01:34:50.124880
pay_9222b737200140,mer_1030,cust_20523,2397.1,INR,upi,KOTAK,captured,none,0,none,29.5,1,1,0,0,2.89,0,0,desktop_safari,Kolkata,Kolkata,2026-08-04T01:36:39.124880
pay_42805ae57a9147,mer_1032,cust_20495,19627.02,INR,card_debit,ICICI,captured,none,0,none,42.5,1,1,0,0,13.12,0,0,mobile_ios,Kochi,Kochi,2026-08-04T01:41:37.124880
pay_189353f9646f4d,mer_1005,cust_20071,4789.75,INR,card_credit,ICICI,captured,none,0,none,17.8,1,1,0,0,2.58,0,0,mobile_android,Bengaluru,Bengaluru,2026-08-04T01:51:47.124880
pay_d263d80b778f45,mer_1038,cust_20383,23683.19,INR,upi,ICICI,captured,none,0,none,35.1,1,1,1,1,14.23,0,0,mobile_android,Kochi,Kochi,2026-08-04T01:52:33.124880
pay_21768826b08a42,mer_1034,cust_20550,2641.19,INR,upi,HDFC,captured,none,0,none,19.5,2,1,0,1,2.3,0,0,desktop_chrome,Jaipur,Jaipur,2026-08-04T02:01:16.124880
pay_138c48bdc19745,mer_1032,cust_20486,15189.85,INR,upi,HDFC,captured,none,0,none,49.1,2,1,0,1,11.24,368,0,mobile_android,Chennai,Bengaluru,2026-08-04T02:27:49.124880
pay_e739bf5caff640,mer_1008,cust_20220,76139.21,INR,wallet,SBI,captured,none,0,none,44.5,2,1,0,0,38.78,0,0,desktop_chrome,Kochi,Kochi,2026-08-04T02:30:15.124880
pay_fe5e2413f35d43,mer_1007,cust_20092,67122.15,INR,upi,ICICI,captured,none,0,none,45.3,2,1,0,0,62.7,0,0,mobile_android,Pune,Pune,2026-08-04T02:33:37.124880
pay_795d47bf8fcc49,mer_1025,cust_20192,70719.41,INR,upi,KOTAK,captured,none,0,none,55.8,2,1,0,1,40.16,0,1,mobile_ios,Chennai,Chennai,2026-08-04T02:45:58.124880
pay_43f071bac7ba43,mer_1011,cust_20148,3592.84,INR,card_credit,ICICI,captured,none,0,none,39.3,2,1,0,0,2.08,654,0,mobile_ios,Kolkata,Ahmedabad,2026-08-04T02:46:42.124880
pay_a59950aab03e42,mer_1040,cust_20349,34583.44,INR,card_debit,HDFC,captured,none,0,none,53.7,3,1,0,1,73.64,1780,0,desktop_windows,Kochi,Bengaluru,2026-08-04T03:03:13.124880
pay_55d738c417e34f,mer_1023,cust_20111,1115.29,INR,upi,ICICI,captured,none,0,none,21.0,3,1,0,0,1.2,0,0,mobile_android,Delhi NCR,Delhi NCR,2026-08-04T03:08:05.124880
pay_8ad0dc5fdaed44,mer_1025,cust_20527,40710.96,INR,upi,SBI,captured,none,0,none,47.1,4,1,0,1,25.97,702,0,mobile_ios,Jaipur,Chennai,2026-08-04T04:23:22.124880
pay_4a78337dbdf44a,mer_1022,cust_20069,3543.43,INR,upi,ICICI,captured,none,0,none,27.0,4,1,0,0,1.92,352,0,desktop_safari,Mumbai,Kochi,2026-08-04T04:23:49.124880
pay_394a346e5ef14d,mer_1038,cust_20183,41483.38,INR,upi,AXIS,refunded,customer_return,0,none,36.3,4,1,0,0,32.17,477,0,desktop_windows,Jaipur,Pune,2026-08-04T04:24:39.124880
pay_eac9b29c678b4e,mer_1033,cust_20371,2564.86,INR,card_credit,ICICI,failed,issuer_bank_down,0,none,17.4,4,1,0,1,1.23,0,0,desktop_safari,Kolkata,Kolkata,2026-08-04T04:58:59.124880
pay_60f88a6bb83440,mer_1002,cust_20111,15326.12,INR,upi,AXIS,captured,none,0,none,31.0,5,1,0,1,16.56,0,0,desktop_chrome,Delhi NCR,Delhi NCR,2026-08-04T05:10:06.124880
pay_dbc71e3b19f641,mer_1040,cust_20305,8019.44,INR,upi,SBI,captured,none,0,none,18.7,5,1,0,0,1.33,0,0,desktop_safari,Jaipur,Jaipur,2026-08-04T05:18:58.124880
pay_b33a6979aca549,mer_1020,cust_20280,53207.76,INR,card_credit,ICICI,failed,issuer_bank_down,0,none,27.9,5,1,0,0,8.97,0,0,mobile_android,Mumbai,Mumbai,2026-08-04T05:24:00.124880
pay_3626e723ccc045,mer_1034,cust_20323,2105.31,INR,netbanking,HDFC,captured,none,0,none,19.6,5,1,0,0,1.02,0,0,mobile_ios,Kolkata,Kolkata,2026-08-04T05:25:28.124880
pay_25ddf5da4ca84e,mer_1009,cust_20152,75144.64,INR,netbanking,AXIS,captured,none,0,none,39.9,5,1,0,0,62.84,0,0,mobile_android,Ahmedabad,Ahmedabad,2026-08-04T05:29:40.124880
pay_f91bef2f997a41,mer_1021,cust_20253,64884.68,INR,netbanking,PAYTM_BANK,captured,none,0,none,36.6,5,1,0,0,14.26,0,0,mobile_android,Bengaluru,Bengaluru,2026-08-04T05:44:37.124880
pay_413f9d748a8444,mer_1040,cust_20203,31874.95,INR,card_credit,SBI,captured,none,0,none,39.6,5,1,0,0,106.25,0,0,desktop_safari,Jaipur,Jaipur,2026-08-04T05:53:53.124880
pay_70df51cae00142,mer_1032,cust_20499,20434.94,INR,card_debit,HDFC,captured,none,0,none,38.2,5,1,0,0,10.58,0,0,mobile_android,Pune,Pune,2026-08-04T05:58:15.124880
pay_3f8acb3ea5194f,mer_1024,cust_20075,6786.07,INR,upi,SBI,captured,none,0,none,7.7,6,1,0,0,2.75,0,0,mobile_ios,Hyderabad,Hyderabad,2026-08-04T06:18:13.124880
pay_1d4b1576938442,mer_1023,cust_20297,7867.89,INR,netbanking,ICICI,captured,none,0,none,19.3,6,1,0,1,2.76,0,0,mobile_ios,Chennai,Chennai,2026-08-04T06:22:37.124880
pay_05cf196b393041,mer_1015,cust_20595,1249.8,INR,card_credit,SBI,captured,none,0,none,19.6,6,1,0,0,1.2,0,0,desktop_windows,Kochi,Kochi,2026-08-04T06:22:39.124880
pay_12ae4f438f1d4b,mer_1011,cust_20471,4495.83,INR,upi,ICICI,captured,none,0,none,49.8,6,1,0,1,3.02,0,1,mobile_ios,Jaipur,Jaipur,2026-08-04T06:38:00.124880
pay_b758dd98151a4f,mer_1006,cust_20534,14533.09,INR,card_credit,ICICI,captured,none,0,none,28.7,7,1,0,0,18.49,0,0,desktop_windows,Kolkata,Kolkata,2026-08-04T07:13:37.124880
pay_630a3328ce494d,mer_1030,cust_20059,100235.48,INR,upi,AXIS,captured,none,0,none,58.7,8,1,0,0,73.91,917,1,desktop_windows,Mumbai,Ahmedabad,2026-08-04T08:14:54.124880
pay_2cd6807c45e543,mer_1040,cust_20410,18238.21,INR,upi,ICICI,captured,none,0,none,30.4,8,1,0,0,9.91,0,0,mobile_android,Mumbai,Mumbai,2026-08-04T08:15:05.124880
pay_626b05b64d6c41,mer_1040,cust_20264,12742.98,INR,card_credit,SBI,captured,none,0,none,35.6,8,1,0,1,17.0,0,0,desktop_chrome,Chennai,Chennai,2026-08-04T08:17:10.124880
pay_0c3b1021a3c743,mer_1021,cust_20069,38634.38,INR,upi,HDFC,captured,none,0,none,28.5,8,1,0,1,20.89,0,0,mobile_android,Mumbai,Mumbai,2026-08-04T08:21:46.124880
pay_dce063498f2c40,mer_1028,cust_20235,11153.49,INR,upi,ICICI,captured,none,0,none,43.6,8,1,0,0,7.4,0,1,mobile_android,Delhi NCR,Delhi NCR,2026-08-04T08:24:54.124880
pay_3b28fadf3a9746,mer_1009,cust_20430,49108.42,INR,card_debit,ICICI,captured,none,0,none,34.5,8,1,0,0,136.79,0,0,mobile_ios,Chennai,Chennai,2026-08-04T08:26:41.124880
pay_d9de761910fa4a,mer_1035,cust_20115,8086.54,INR,upi,HDFC,captured,none,0,none,16.1,8,1,0,0,1.81,0,0,desktop_windows,Kochi,Kochi,2026-08-04T08:27:37.124880
pay_ccb326bd702343,mer_1021,cust_20143,75153.06,INR,wallet,HDFC,captured,none,0,none,26.1,8,1,0,0,80.32,0,0,mobile_ios,Hyderabad,Hyderabad,2026-08-04T08:37:36.124880
pay_53a7dbaab07b4d,mer_1020,cust_20211,48782.3,INR,upi,PAYTM_BANK,captured,none,0,none,33.7,8,1,0,0,123.51,0,0,mobile_ios,Bengaluru,Bengaluru,2026-08-04T08:44:53.124880
pay_25a92b3f30a149,mer_1017,cust_20027,1406.77,INR,upi,AXIS,captured,none,0,none,12.5,8,1,0,0,0.59,0,0,desktop_chrome,Kolkata,Kolkata,2026-08-04T08:50:45.124880
pay_715c8aa7698c44,mer_1020,cust_20078,5452.79,INR,card_credit,HDFC,captured,none,0,none,14.6,9,1,0,0,2.49,0,0,mobile_android,Ahmedabad,Ahmedabad,2026-08-04T09:13:52.124880
pay_4120c11f527c44,mer_1013,cust_20189,28228.68,INR,card_debit,HDFC,captured,none,0,none,50.0,9,1,0,0,15.67,0,1,mobile_ios,Kolkata,Kolkata,2026-08-04T09:15:27.124880
pay_a932d7383a1242,mer_1017,cust_20219,371.75,INR,card_credit,HDFC,captured,none,0,none,14.4,9,1,0,0,0.16,0,0,mobile_android,Kolkata,Kolkata,2026-08-04T09:19:25.124880
pay_13cdf6c2661a42,mer_1008,cust_20205,32633.3,INR,upi,ICICI,captured,none,0,none,28.5,9,1,0,1,36.68,0,0,desktop_safari,Bengaluru,Bengaluru,2026-08-04T09:21:18.124880
pay_b96a0aba487a4c,mer_1023,cust_20434,4231.86,INR,card_debit,PAYTM_BANK,captured,none,0,none,16.4,9,1,0,0,1.16,0,0,mobile_android,Pune,Pune,2026-08-04T09:26:23.124880
pay_aec27e2c603341,mer_1038,cust_20568,37945.69,INR,upi,ICICI,captured,none,0,none,26.9,9,1,0,0,7.78,0,0,desktop_chrome,Kolkata,Kolkata,2026-08-04T09:50:59.124880
pay_771561a174264c,mer_1014,cust_20550,12159.21,INR,upi,PAYTM_BANK,captured,none,0,none,28.8,9,1,0,1,10.6,0,0,desktop_chrome,Jaipur,Jaipur,2026-08-04T09:55:57.124880
pay_1384fc790cc846,mer_1022,cust_20514,4404.02,INR,upi,ICICI,captured,none,0,none,19.4,10,1,0,0,1.72,0,0,mobile_ios,Pune,Pune,2026-08-04T10:01:30.124880
pay_809ae76ac16f47,mer_1038,cust_20413,4918.79,INR,card_debit,SBI,captured,none,0,none,38.6,10,1,0,0,9.81,0,0,desktop_safari,Jaipur,Jaipur,2026-08-04T10:05:43.124880
pay_ebf9a137110b41,mer_1007,cust_20553,29515.8,INR,card_credit,HDFC,captured,none,0,none,31.7,10,1,0,0,18.75,0,0,desktop_chrome,Kolkata,Kolkata,2026-08-04T10:38:39.124880
pay_4fa1bef376c048,mer_1037,cust_20324,1126.21,INR,upi,KOTAK,captured,none,0,none,10.3,10,1,0,0,1.25,0,0,mobile_ios,Hyderabad,Hyderabad,2026-08-04T10:41:49.124880
pay_6ee92e5941454b,mer_1030,cust_20573,55377.03,INR,card_credit,HDFC,captured,none,0,none,39.1,10,1,0,0,21.31,0,0,desktop_chrome,Ahmedabad,Ahmedabad,2026-08-04T10:55:28.124880
pay_bf967921bea54a,mer_1003,cust_20461,3823.74,INR,card_debit,KOTAK,captured,none,0,none,38.9,11,1,0,0,3.82,0,0,desktop_windows,Kolkata,Kolkata,2026-08-04T11:01:51.124880
pay_20734a5358c441,mer_1011,cust_20139,28450.98,INR,wallet,AXIS,captured,none,0,none,46.4,11,1,0,0,41.67,1540,0,desktop_chrome,Jaipur,Delhi NCR,2026-08-04T11:08:49.124880
pay_7ea459c4eba049,mer_1005,cust_20128,10525.97,INR,card_debit,HDFC,captured,none,0,none,25.3,11,1,0,0,17.88,0,0,mobile_android,Delhi NCR,Delhi NCR,2026-08-04T11:08:53.124880
pay_cffb77a3fb4546,mer_1020,cust_20566,22495.55,INR,upi,ICICI,captured,none,0,none,35.4,11,1,0,0,5.21,0,0,mobile_ios,Chennai,Chennai,2026-08-04T11:23:47.124880
pay_03507281ea4d40,mer_1037,cust_20562,4821.69,INR,upi,HDFC,captured,none,0,none,29.3,11,1,0,0,3.28,0,0,mobile_android,Hyderabad,Hyderabad,2026-08-04T11:31:04.124880
pay_bea8986f955c43,mer_1019,cust_20230,1197.32,INR,card_debit,HDFC,captured,none,0,none,18.4,11,1,0,0,2.61,0,0,desktop_windows,Hyderabad,Hyderabad,2026-08-04T11:31:46.124880
pay_6f47ffbadc4b40,mer_1039,cust_20062,6039.38,INR,card_debit,SBI,captured,none,0,none,19.0,11,1,0,0,2.26,0,0,desktop_safari,Pune,Pune,2026-08-04T11:55:06.124880
pay_26313976daba43,mer_1037,cust_20147,876.45,INR,upi,AXIS,captured,none,0,none,16.5,12,1,0,0,0.78,0,0,mobile_android,Mumbai,Mumbai,2026-08-04T12:03:02.124880
pay_a8d46cb2727c41,mer_1019,cust_20251,1315.37,INR,upi,HDFC,captured,none,0,none,17.3,12,1,0,0,0.47,0,0,desktop_windows,Mumbai,Mumbai,2026-08-04T12:19:54.124880
pay_97128f84f54a42,mer_1004,cust_20023,31677.85,INR,upi,HDFC,failed,insufficient_funds,0,none,39.5,12,1,0,0,54.35,0,0,desktop_safari,Pune,Pune,2026-08-04T12:39:05.124880
pay_fdfd7c9093f646,mer_1022,cust_20216,4690.7,INR,upi,HDFC,captured,none,0,none,38.5,13,1,0,0,3.39,0,0,desktop_chrome,Ahmedabad,Ahmedabad,2026-08-04T13:55:48.124880
pay_a927bffba77c43,mer_1009,cust_20029,21686.57,INR,upi,ICICI,captured,none,0,none,29.0,14,1,0,0,22.44,0,0,mobile_android,Chennai,Chennai,2026-08-04T14:05:56.124880
pay_c74313c930d340,mer_1028,cust_20449,10858.22,INR,card_credit,KOTAK,captured,none,0,none,31.1,14,1,0,0,29.79,0,0,mobile_ios,Chennai,Chennai,2026-08-04T14:08:45.124880
pay_1280872bea674d,mer_1021,cust_20585,60779.23,INR,card_credit,HDFC,captured,none,0,none,38.2,14,1,0,0,48.43,0,0,desktop_chrome,Jaipur,Jaipur,2026-08-04T14:22:42.124880
pay_a74bec6a0f1449,mer_1035,cust_20158,52316.95,INR,upi,HDFC,captured,none,0,none,37.0,14,1,0,0,30.82,0,0,desktop_windows,Delhi NCR,Delhi NCR,2026-08-04T14:32:56.124880
pay_cc67a8b35ed648,mer_1009,cust_20200,19805.36,INR,upi,ICICI,captured,none,0,none,48.9,14,1,0,0,11.7,1521,0,desktop_chrome,Delhi NCR,Hyderabad,2026-08-04T14:42:39.124880
pay_38dbe9045bee4d,mer_1032,cust_20324,25856.0,INR,upi,ICICI,captured,none,0,none,38.7,14,1,0,1,28.61,0,0,desktop_safari,Hyderabad,Hyderabad,2026-08-04T14:53:56.124880
pay_ca2b41fe9a2545,mer_1023,cust_20186,4163.08,INR,upi,SBI,captured,none,0,none,9.2,15,1,0,0,2.22,0,0,desktop_windows,Mumbai,Mumbai,2026-08-04T15:17:08.124880
pay_2881d68ce9e84e,mer_1004,cust_20050,25458.93,INR,upi,ICICI,captured,none,0,none,37.0,15,1,0,0,4.84,0,0,desktop_safari,Delhi NCR,Delhi NCR,2026-08-04T15:25:22.124880
pay_0a0ffedd68dc4c,mer_1032,cust_20474,38185.07,INR,card_credit,AXIS,captured,none,0,none,38.3,15,1,0,0,63.06,0,0,desktop_safari,Chennai,Chennai,2026-08-04T15:34:26.124880
pay_5536bf4a1b774e,mer_1017,cust_20025,887.62,INR,upi,AXIS,captured,none,0,none,17.8,16,1,0,0,1.13,0,0,mobile_android,Chennai,Chennai,2026-08-04T16:01:37.124880
pay_d8aafcb2f1a947,mer_1015,cust_20145,2339.62,INR,card_debit,SBI,captured,none,0,none,12.2,16,1,0,0,1.0,0,0,desktop_chrome,Jaipur,Jaipur,2026-08-04T16:06:12.124880
pay_276447cb454748,mer_1013,cust_20128,11516.64,INR,card_credit,SBI,captured,none,0,none,39.0,16,1,0,1,19.56,0,0,desktop_windows,Delhi NCR,Delhi NCR,2026-08-04T16:07:04.124880
pay_215a6164c98e4e,mer_1017,cust_20274,1290.62,INR,netbanking,ICICI,captured,none,0,none,8.9,16,1,0,0,0.28,0,0,desktop_safari,Delhi NCR,Delhi NCR,2026-08-04T16:07:08.124880
pay_fdfca8e8e4d54e,mer_1020,cust_20363,22232.32,INR,card_credit,ICICI,captured,none,0,none,47.9,16,1,0,0,23.33,1635,0,mobile_android,Chennai,Ahmedabad,2026-08-04T16:19:12.124880
pay_3b1a0fb5352c41,mer_1010,cust_20450,1283.11,INR,card_credit,ICICI,captured,none,0,none,15.0,16,1,0,0,0.62,0,0,mobile_ios,Delhi NCR,Delhi NCR,2026-08-04T16:30:38.124880
pay_8fca9ea2148844,mer_1009,cust_20488,71028.86,INR,upi,ICICI,captured,none,0,none,27.5,16,1,0,0,18.72,0,0,desktop_chrome,Pune,Pune,2026-08-04T16:48:06.124880
pay_f998799392fe4c,mer_1025,cust_20237,77162.62,INR,upi,KOTAK,failed,insufficient_funds,0,none,29.4,17,1,0,0,39.27,0,0,mobile_ios,Pune,Pune,2026-08-04T17:05:55.124880
pay_f8e86ea78b3340,mer_1022,cust_20366,2910.46,INR,upi,KOTAK,captured,none,0,none,9.8,17,1,0,0,1.92,0,0,desktop_safari,Pune,Pune,2026-08-04T17:07:11.124880
pay_3de46caeb8da43,mer_1017,cust_20223,1902.19,INR,netbanking,HDFC,captured,none,0,none,16.2,17,1,0,1,2.57,0,0,desktop_safari,Ahmedabad,Ahmedabad,2026-08-04T17:52:31.124880
pay_7f959ecacad74e,mer_1012,cust_20082,4040.48,INR,card_debit,ICICI,captured,none,0,none,30.0,17,1,0,0,0.89,1699,0,desktop_chrome,Kolkata,Ahmedabad,2026-08-04T17:54:09.124880
pay_dd9a00d214b848,mer_1034,cust_20395,4703.8,INR,wallet,ICICI,captured,none,0,none,6.7,17,1,0,0,1.99,0,0,desktop_safari,Delhi NCR,Delhi NCR,2026-08-04T17:55:09.124880
pay_6350a77c83ba44,mer_1002,cust_20365,40015.11,INR,upi,ICICI,captured,none,0,none,47.0,17,1,0,0,17.33,0,1,desktop_windows,Pune,Pune,2026-08-04T17:57:21.124880
pay_0ebc1a7620ec4e,mer_1015,cust_20108,5715.34,INR,wallet,SBI,captured,none,0,none,7.4,18,1,0,0,2.61,0,0,desktop_chrome,Pune,Pune,2026-08-04T18:11:50.124880
pay_a488fe49d22e42,mer_1030,cust_20383,60437.81,INR,card_credit,AXIS,captured,none,0,none,33.4,18,1,0,2,36.33,0,0,mobile_android,Kochi,Kochi,2026-08-04T18:29:33.124880
pay_c1e0b1782dfb41,mer_1031,cust_20088,8365.03,INR,netbanking,KOTAK,captured,none,0,none,33.6,18,1,0,0,6.6,0,0,mobile_ios,Kolkata,Kolkata,2026-08-04T18:32:51.124880
pay_4ba1638e596f44,mer_1003,cust_20135,1788.85,INR,upi,HDFC,captured,none,0,none,5.4,18,1,0,0,0.64,0,0,desktop_safari,Hyderabad,Hyderabad,2026-08-04T18:45:39.124880
pay_ee13246abb7941,mer_1011,cust_20202,20634.78,INR,upi,KOTAK,captured,none,0,none,51.9,19,1,0,0,39.35,0,1,desktop_windows,Jaipur,Jaipur,2026-08-04T19:11:16.124880
pay_4da04c5803e342,mer_1018,cust_20125,1666.94,INR,netbanking,KOTAK,captured,none,0,none,15.2,19,1,0,0,1.44,0,0,desktop_chrome,Mumbai,Mumbai,2026-08-04T19:17:29.124880
pay_ad7909716bec4d,mer_1022,cust_20006,537.23,INR,card_credit,ICICI,captured,none,0,none,9.4,19,1,0,0,1.19,0,0,desktop_safari,Bengaluru,Bengaluru,2026-08-04T19:18:18.124880
pay_b5ca5147350547,mer_1026,cust_20132,68435.5,INR,upi,ICICI,captured,none,0,none,29.1,19,1,0,0,8.96,0,0,mobile_ios,Ahmedabad,Ahmedabad,2026-08-04T19:19:36.124880
pay_6770bea7f9ee4b,mer_1021,cust_20048,66321.45,INR,card_credit,SBI,captured,none,0,none,33.6,19,1,0,0,113.02,0,0,mobile_ios,Bengaluru,Bengaluru,2026-08-04T19:29:25.124880
pay_0c4593527ca74c,mer_1019,cust_20110,5221.24,INR,upi,AXIS,captured,none,0,none,31.3,19,1,0,0,4.83,0,0,mobile_android,Kochi,Kochi,2026-08-04T19:38:54.124880
pay_16e725796bd848,mer_1033,cust_20369,3716.0,INR,upi,ICICI,captured,none,0,none,12.6,19,1,0,0,0.48,0,0,desktop_safari,Kolkata,Kolkata,2026-08-04T19:51:53.124880
pay_e22faa5cf23a4f,mer_1040,cust_20242,26570.14,INR,card_credit,ICICI,captured,none,0,none,31.5,20,1,0,0,16.22,0,0,mobile_ios,Chennai,Chennai,2026-08-04T20:15:52.124880
pay_2a0b0f3631464e,mer_1018,cust_20365,17530.65,INR,card_credit,SBI,refunded,customer_return,0,none,25.6,20,1,0,1,7.59,0,0,desktop_safari,Pune,Pune,2026-08-04T20:34:21.124880
pay_0ad641a24bc948,mer_1038,cust_20206,23860.13,INR,upi,HDFC,captured,none,0,none,39.6,20,1,0,0,20.08,0,0,desktop_safari,Jaipur,Jaipur,2026-08-04T20:35:21.124880
pay_64d92ce1480147,mer_1015,cust_20163,1774.6,INR,upi,HDFC,captured,none,0,none,5.4,20,1,0,0,0.4,0,0,desktop_safari,Chennai,Chennai,2026-08-04T20:39:35.124880
pay_c88c5c529d8240,mer_1022,cust_20469,1872.7,INR,card_credit,AXIS,captured,none,0,none,25.1,20,1,0,0,3.45,0,0,desktop_chrome,Kochi,Kochi,2026-08-04T20:58:12.124880
pay_237497d552e84d,mer_1035,cust_20001,43406.46,INR,netbanking,ICICI,captured,none,0,none,37.3,21,1,0,0,42.9,0,0,mobile_ios,Chennai,Chennai,2026-08-04T21:00:34.124880
pay_47682613f2bf4b,mer_1016,cust_20416,47234.34,INR,upi,HDFC,captured,none,0,none,37.0,21,1,0,0,85.85,0,0,desktop_windows,Ahmedabad,Ahmedabad,2026-08-04T21:11:12.124880
pay_74ee880bef9840,mer_1002,cust_20511,3695.94,INR,card_debit,ICICI,captured,none,0,none,36.8,21,1,0,0,4.98,0,0,mobile_ios,Bengaluru,Bengaluru,2026-08-04T21:18:10.124880
pay_99252452975244,mer_1038,cust_20082,51654.51,INR,card_credit,SBI,captured,none,0,none,38.5,21,1,0,1,11.43,0,0,desktop_safari,Kolkata,Kolkata,2026-08-04T21:48:53.124880
pay_7a9ca9e082034f,mer_1016,cust_20516,14535.44,INR,netbanking,ICICI,captured,none,0,none,28.8,21,1,0,0,5.96,0,0,desktop_safari,Chennai,Chennai,2026-08-04T21:50:53.124880
pay_c0a7814ac95141,mer_1024,cust_20514,1787.92,INR,upi,HDFC,captured,none,0,none,8.8,21,1,0,1,0.7,0,0,desktop_chrome,Pune,Pune,2026-08-04T21:56:11.124880
pay_767fbda5738640,mer_1039,cust_20516,10572.24,INR,upi,HDFC,captured,none,0,none,37.0,21,1,1,1,4.34,0,0,mobile_ios,Chennai,Chennai,2026-08-04T21:56:48.124880
pay_d20652e068ff44,mer_1011,cust_20126,3886.67,INR,upi,AXIS,captured,none,0,none,8.9,22,1,0,0,1.01,0,0,mobile_ios,Kochi,Kochi,2026-08-04T22:10:56.124880
pay_ea50e999f5164c,mer_1023,cust_20430,1169.41,INR,upi,AXIS,failed,issuer_bank_down,0,none,33.2,22,1,0,1,3.26,0,0,desktop_safari,Chennai,Chennai,2026-08-04T22:23:25.124880
pay_0be7fcb68b3047,mer_1015,cust_20591,3789.71,INR,upi,HDFC,captured,none,0,none,31.0,22,1,0,0,4.16,0,0,desktop_safari,Mumbai,Mumbai,2026-08-04T22:27:05.124880
pay_267ba969bf6840,mer_1024,cust_20486,6906.11,INR,card_credit,ICICI,captured,none,0,none,37.7,22,1,0,1,5.11,0,0,mobile_ios,Chennai,Chennai,2026-08-04T22:36:15.124880
pay_4987ca7cdc2743,mer_1009,cust_20447,65353.08,INR,upi,AXIS,captured,none,0,none,32.3,22,1,0,0,17.45,0,0,desktop_windows,Delhi NCR,Delhi NCR,2026-08-04T22:44:24.124880
pay_cb0c07c8f6bb49,mer_1010,cust_20480,1253.55,INR,upi,SBI,captured,none,0,none,25.2,22,1,0,0,0.7,890,0,desktop_safari,Chennai,Jaipur,2026-08-04T22:47:39.124880
pay_b215f671866a48,mer_1034,cust_20443,450.69,INR,card_debit,HDFC,failed,issuer_bank_down,0,none,18.0,22,1,0,0,0.67,0,0,desktop_safari,Ahmedabad,Ahmedabad,2026-08-04T22:48:27.124880
pay_ca509cac33df4e,mer_1017,cust_20254,2143.43,INR,upi,HDFC,captured,none,0,none,8.9,22,1,0,0,1.71,0,0,mobile_android,Hyderabad,Hyderabad,2026-08-04T22:59:20.124880
pay_7444cf6186a546,mer_1002,cust_20411,29106.96,INR,upi,ICICI,captured,none,0,none,27.9,23,1,0,0,39.89,0,0,desktop_chrome,Bengaluru,Bengaluru,2026-08-04T23:07:09.124880
pay_796feb6af2d349,mer_1039,cust_20469,33020.15,INR,netbanking,ICICI,captured,none,0,none,35.7,23,1,0,1,60.78,0,0,desktop_windows,Kochi,Kochi,2026-08-04T23:15:58.124880
pay_ba52e493447c4f,mer_1006,cust_20248,50258.5,INR,upi,PAYTM_BANK,captured,none,0,none,38.3,23,1,0,0,56.97,0,0,mobile_ios,Kolkata,Kolkata,2026-08-04T23:20:28.124880
pay_6d43f3395fa74a,mer_1035,cust_20448,65749.07,INR,card_credit,HDFC,captured,none,0,none,39.9,23,1,0,0,26.76,0,0,mobile_android,Chennai,Chennai,2026-08-04T23:34:37.124880
pay_74d4a623dc9d4e,mer_1028,cust_20133,9943.42,INR,upi,ICICI,captured,none,0,none,27.1,23,1,0,0,5.0,0,0,desktop_windows,Chennai,Chennai,2026-08-04T23:53:20.124880
pay_999df62d69d24e,mer_1034,cust_20371,2620.97,INR,card_debit,ICICI,captured,none,0,none,5.1,23,1,0,2,1.26,0,0,desktop_windows,Kolkata,Kolkata,2026-08-04T23:57:48.124880
pay_b254721cb50249,mer_1032,cust_20079,37770.32,INR,card_credit,HDFC,captured,none,0,none,31.8,0,2,0,0,9.83,0,0,mobile_ios,Mumbai,Mumbai,2026-08-05T00:05:38.124880
pay_5ffc2d5705c54a,mer_1007,cust_20132,26830.61,INR,upi,AXIS,captured,none,0,none,45.3,0,2,0,1,3.51,870,0,desktop_safari,Ahmedabad,Pune,2026-08-05T00:07:17.124880
pay_17d27d527e3845,mer_1010,cust_20037,3748.48,INR,upi,ICICI,captured,none,0,none,26.9,0,2,0,0,4.06,0,0,desktop_chrome,Jaipur,Jaipur,2026-08-05T00:07:26.124880
pay_1941db13034c49,mer_1016,cust_20552,22738.39,INR,upi,HDFC,captured,none,0,none,27.4,0,2,0,0,20.03,0,0,desktop_windows,Kochi,Kochi,2026-08-05T00:09:24.124880
pay_882920b02d854a,mer_1010,cust_20290,6238.39,INR,upi,HDFC,captured,none,0,none,32.8,0,2,0,0,2.11,0,1,desktop_windows,Mumbai,Mumbai,2026-08-05T00:13:28.124880
pay_a601c4d4396740,mer_1037,cust_20477,139.55,INR,upi,HDFC,captured,none,0,none,30.2,0,2,0,0,0.02,0,1,desktop_windows,Kochi,Kochi,2026-08-05T00:13:52.124880
pay_e9cd6e154f2e49,mer_1016,cust_20133,48193.3,INR,card_debit,ICICI,captured,none,0,none,32.1,0,2,1,1,24.21,0,0,desktop_safari,Chennai,Chennai,2026-08-05T00:15:02.124880
pay_9f4bf1c94b5c4d,mer_1015,cust_20346,615.09,INR,upi,ICICI,captured,none,0,none,26.2,0,2,0,0,0.64,982,0,desktop_chrome,Hyderabad,Kolkata,2026-08-05T00:19:19.124880
pay_72a5531300e745,mer_1009,cust_20273,84205.61,INR,upi,SBI,captured,none,0,none,33.5,0,2,0,0,76.88,0,0,mobile_android,Ahmedabad,Ahmedabad,2026-08-05T00:20:45.124880
pay_7b1d2a6a361245,mer_1028,cust_20162,8940.61,INR,upi,AXIS,captured,none,0,none,33.5,0,2,0,1,4.72,0,0,desktop_chrome,Mumbai,Mumbai,2026-08-05T00:32:32.124880
pay_d640e3b47c5d4f,mer_1009,cust_20045,49921.26,INR,upi,KOTAK,captured,none,0,none,26.3,0,2,0,0,52.12,0,0,mobile_ios,Hyderabad,Hyderabad,2026-08-05T00:46:03.124880
pay_360bc8c28c2e4d,mer_1019,cust_20186,2315.08,INR,upi,SBI,captured,none,0,none,20.1,0,2,0,1,1.23,0,1,desktop_safari,Mumbai,Mumbai,2026-08-05T00:59:54.124880
pay_5e704d3a03f848,mer_1018,cust_20258,3643.13,INR,upi,HDFC,captured,none,0,none,45.4,1,2,0,0,5.05,0,0,desktop_windows,Kochi,Kochi,2026-08-05T01:14:46.124880
pay_c67d8769016a42,mer_1001,cust_20058,5450.64,INR,upi,HDFC,captured,none,0,none,28.2,1,2,0,0,1.6,0,0,desktop_chrome,Mumbai,Mumbai,2026-08-05T01:17:45.124880
pay_27224c3aa64b45,mer_1029,cust_20559,329.5,INR,upi,ICICI,failed,issuer_bank_down,0,none,21.3,1,2,0,0,0.27,0,0,mobile_ios,Ahmedabad,Ahmedabad,2026-08-05T01:39:21.124880
pay_c31a0f8073064b,mer_1009,cust_20351,55030.36,INR,upi,AXIS,captured,none,0,none,39.6,1,2,0,0,91.84,0,0,desktop_safari,Kochi,Kochi,2026-08-05T01:41:59.124880
pay_d73b8d3edb5e4b,mer_1030,cust_20029,32766.7,INR,upi,HDFC,captured,none,0,none,48.0,1,2,0,1,33.91,0,0,desktop_safari,Chennai,Chennai,2026-08-05T01:45:30.124880
pay_6a0c972b4ae34e,mer_1019,cust_20067,3453.39,INR,upi,SBI,captured,none,0,none,36.6,1,2,0,0,3.86,0,0,desktop_chrome,Kochi,Kochi,2026-08-05T01:53:10.124880
pay_2886cc2771e247,mer_1032,cust_20406,33416.25,INR,card_credit,ICICI,captured,none,0,none,46.5,2,2,0,0,9.42,0,0,desktop_safari,Kolkata,Kolkata,2026-08-05T02:08:37.124880
pay_3befd4d59ce44d,mer_1015,cust_20225,1129.76,INR,upi,HDFC,captured,none,0,none,19.9,2,2,0,0,0.7,0,0,mobile_ios,Pune,Pune,2026-08-05T02:32:27.124880
pay_ed9a382f69c440,mer_1017,cust_20347,1862.11,INR,upi,KOTAK,captured,none,0,none,29.0,2,2,0,0,0.34,0,0,mobile_ios,Bengaluru,Bengaluru,2026-08-05T02:32:45.124880
pay_94c0af4c953846,mer_1020,cust_20220,23230.15,INR,upi,SBI,failed,insufficient_funds,0,none,40.4,2,2,0,0,11.83,0,0,mobile_ios,Kochi,Kochi,2026-08-05T02:33:33.124880
pay_8fb1d2f9a4864d,mer_1010,cust_20319,4372.1,INR,netbanking,SBI,captured,none,1,account_takeover,87.8,2,2,0,0,6.95,0,1,desktop_chrome,Chennai,Chennai,2026-08-05T02:35:34.124880
pay_09dc4fe046ae4f,mer_1002,cust_20472,64530.86,INR,card_debit,SBI,captured,none,0,none,44.8,2,2,0,0,25.75,0,0,desktop_windows,Chennai,Chennai,2026-08-05T02:37:05.124880
pay_d928c177b70040,mer_1032,cust_20413,6087.94,INR,upi,SBI,captured,none,0,none,38.3,2,2,0,1,12.15,0,0,desktop_safari,Jaipur,Jaipur,2026-08-05T02:46:53.124880
pay_decb78bbcff447,mer_1001,cust_20579,1814.68,INR,card_credit,HDFC,captured,none,0,none,26.8,2,2,0,0,1.62,0,0,mobile_android,Ahmedabad,Ahmedabad,2026-08-05T02:53:40.124880
pay_71f990e1ebe148,mer_1028,cust_20170,6442.06,INR,card_credit,AXIS,captured,none,0,none,38.7,3,2,0,0,4.69,0,0,mobile_ios,Jaipur,Jaipur,2026-08-05T03:07:02.124880
pay_00d02beeeae14f,mer_1020,cust_20423,24637.28,INR,netbanking,AXIS,captured,none,0,none,38.6,3,2,0,0,33.28,0,0,desktop_chrome,Pune,Pune,2026-08-05T03:11:01.124880
pay_4c89ee41822544,mer_1017,cust_20441,1152.12,INR,upi,HDFC,captured,none,0,none,17.5,3,2,0,0,0.58,0,0,desktop_safari,Chennai,Chennai,2026-08-05T03:20:33.124880
pay_6a62e87396e641,mer_1036,cust_20396,38077.68,INR,card_debit,SBI,captured,none,0,none,38.8,3,2,0,0,17.12,0,0,mobile_ios,Jaipur,Jaipur,2026-08-05T03:34:13.124880
pay_2f20b7293f1643,mer_1002,cust_20252,65106.17,INR,card_credit,AXIS,captured,none,0,none,38.4,4,2,0,0,15.95,0,0,desktop_safari,Delhi NCR,Delhi NCR,2026-08-05T04:02:03.124880
pay_5fedc31c7f6a4a,mer_1020,cust_20280,27697.7,INR,upi,ICICI,captured,none,0,none,42.0,4,2,0,1,4.67,0,0,mobile_ios,Mumbai,Mumbai,2026-08-05T04:10:45.124880
pay_c18b58ba15ba44,mer_1038,cust_20070,31888.39,INR,card_debit,SBI,captured,none,0,none,26.4,5,2,0,0,33.15,0,0,mobile_ios,Kochi,Kochi,2026-08-05T05:00:50.124880
pay_0608faf923f343,mer_1011,cust_20164,16090.16,INR,netbanking,HDFC,captured,none,0,none,27.3,5,2,0,0,11.74,0,0,mobile_android,Mumbai,Mumbai,2026-08-05T05:09:27.124880
pay_ce1782cd09a348,mer_1005,cust_20200,58961.79,INR,upi,AXIS,captured,none,0,none,28.7,5,2,0,1,34.82,0,0,mobile_android,Delhi NCR,Delhi NCR,2026-08-05T05:13:02.124880
pay_60ae06e8cc3b4e,mer_1036,cust_20437,8098.75,INR,upi,HDFC,captured,none,0,none,38.6,5,2,0,0,3.71,0,0,mobile_ios,Pune,Pune,2026-08-05T05:18:23.124880
pay_6553dd1223754a,mer_1001,cust_20008,3499.31,INR,card_credit,SBI,captured,none,0,none,28.2,5,2,0,0,3.18,0,0,desktop_safari,Chennai,Chennai,2026-08-05T05:20:03.124880
pay_7854e9277c7344,mer_1012,cust_20302,12248.66,INR,card_debit,ICICI,captured,none,0,none,15.8,5,2,0,0,2.65,0,0,desktop_safari,Ahmedabad,Ahmedabad,2026-08-05T05:28:31.124880
pay_959ccf07e71545,mer_1020,cust_20446,36237.21,INR,card_credit,HDFC,captured,none,0,none,38.6,5,2,0,0,9.28,0,0,mobile_android,Kochi,Kochi,2026-08-05T05:47:43.124880
pay_d86c76b5c3f446,mer_1017,cust_20055,2696.66,INR,upi,HDFC,captured,none,0,none,25.0,6,2,0,0,2.15,1639,0,desktop_windows,Hyderabad,Jaipur,2026-08-05T06:04:48.124880
pay_324e62bfd3f846,mer_1001,cust_20026,3118.76,INR,upi,SBI,captured,none,0,none,27.4,6,2,0,0,3.58,0,0,mobile_ios,Kochi,Kochi,2026-08-05T06:05:44.124880
pay_ecb4c695a8f847,mer_1010,cust_20044,1303.88,INR,netbanking,HDFC,captured,none,0,none,18.4,6,2,0,0,1.51,0,0,mobile_ios,Ahmedabad,Ahmedabad,2026-08-05T06:35:53.124880
pay_464e5f90be6e4f,mer_1032,cust_20028,19881.37,INR,upi,SBI,captured,none,0,none,36.4,6,2,0,0,46.86,1109,0,desktop_windows,Hyderabad,Kolkata,2026-08-05T06:38:05.124880
pay_8713f4cbdaa849,mer_1013,cust_20520,9877.13,INR,upi,HDFC,captured,none,0,none,19.1,6,2,0,0,2.81,0,0,mobile_android,Ahmedabad,Ahmedabad,2026-08-05T06:43:27.124880
pay_6729aff329084c,mer_1014,cust_20024,15964.09,INR,upi,SBI,captured,none,0,none,25.0,6,2,0,0,32.71,0,0,mobile_android,Jaipur,Jaipur,2026-08-05T06:49:50.124880
pay_66b3a142baae46,mer_1017,cust_20514,1115.47,INR,upi,ICICI,failed,auth_timeout,0,none,18.4,7,2,0,2,0.44,1182,0,desktop_safari,Pune,Ahmedabad,2026-08-05T07:01:40.124880
pay_36dc8b2c6ddc47,mer_1002,cust_20461,66406.16,INR,upi,SBI,captured,none,0,none,33.9,7,2,0,1,66.42,0,0,mobile_android,Kolkata,Kolkata,2026-08-05T07:13:19.124880
pay_8fad77d8622b4d,mer_1029,cust_20249,478.4,INR,netbanking,HDFC,captured,none,0,none,7.4,7,2,0,0,0.1,0,0,mobile_ios,Mumbai,Mumbai,2026-08-05T07:20:07.124880
pay_7c854d1a19a344,mer_1013,cust_20262,39221.69,INR,upi,AXIS,captured,none,0,none,57.0,7,2,0,0,14.75,1371,1,mobile_android,Hyderabad,Kochi,2026-08-05T07:34:58.124880
pay_4697c56e2f3e4a,mer_1018,cust_20487,7953.54,INR,card_debit,SBI,captured,none,0,none,39.3,7,2,0,0,6.4,0,0,desktop_safari,Kolkata,Kolkata,2026-08-05T07:50:08.124880
pay_b86b66f6f1094d,mer_1006,cust_20168,11261.91,INR,netbanking,AXIS,captured,none,0,none,28.7,7,2,0,0,9.05,0,0,desktop_chrome,Ahmedabad,Ahmedabad,2026-08-05T07:54:16.124880
pay_e7ebbf0342984b,mer_1034,cust_20124,648.64,INR,card_credit,KOTAK,captured,none,0,none,12.0,7,2,0,0,0.65,0,0,desktop_chrome,Kochi,Kochi,2026-08-05T07:55:17.124880
pay_d7ddd46f54694d,mer_1027,cust_20073,1356.05,INR,card_credit,ICICI,captured,none,0,none,18.5,8,2,0,0,0.48,229,0,mobile_android,Mumbai,Ahmedabad,2026-08-05T08:04:26.124880
pay_eb7091b602554e,mer_1030,cust_20042,15286.22,INR,upi,HDFC,captured,none,0,none,27.0,8,2,0,0,29.21,0,0,mobile_ios,Ahmedabad,Ahmedabad,2026-08-05T08:13:20.124880
pay_631f2be527c94b,mer_1013,cust_20153,31432.3,INR,upi,KOTAK,captured,none,0,none,27.6,8,2,0,0,36.82,0,0,desktop_windows,Kochi,Kochi,2026-08-05T08:26:14.124880
pay_c128372738fd42,mer_1030,cust_20176,18699.45,INR,card_credit,AXIS,captured,none,0,none,37.2,8,2,0,0,5.54,0,0,mobile_android,Mumbai,Mumbai,2026-08-05T08:39:04.124880
pay_b85364b5838a40,mer_1016,cust_20590,18997.93,INR,upi,SBI,captured,none,0,none,33.4,8,2,0,0,4.49,0,0,desktop_chrome,Pune,Pune,2026-08-05T08:41:48.124880
pay_e49ad29543cf47,mer_1021,cust_20403,63445.44,INR,card_debit,ICICI,captured,none,0,none,28.7,8,2,0,0,108.0,0,0,desktop_safari,Pune,Pune,2026-08-05T08:58:16.124880
pay_957ea276f77742,mer_1015,cust_20241,4947.4,INR,card_debit,AXIS,captured,none,0,none,48.2,9,2,0,0,4.79,991,0,mobile_ios,Delhi NCR,Mumbai,2026-08-05T09:01:42.124880
pay_b30319c234034b,mer_1006,cust_20384,47823.7,INR,upi,HDFC,captured,none,0,none,38.3,9,2,0,0,89.33,0,0,mobile_ios,Bengaluru,Bengaluru,2026-08-05T09:09:54.124880
pay_9fc83a0c42094c,mer_1013,cust_20374,13409.45,INR,upi,HDFC,captured,none,0,none,26.6,9,2,0,0,11.07,0,0,desktop_chrome,Hyderabad,Hyderabad,2026-08-05T09:12:46.124880
pay_83471619357d47,mer_1022,cust_20272,4626.62,INR,netbanking,HDFC,captured,none,0,none,17.8,9,2,0,0,1.01,0,0,mobile_android,Ahmedabad,Ahmedabad,2026-08-05T09:28:08.124880
pay_da6ee376b6524f,mer_1020,cust_20388,15923.33,INR,upi,HDFC,captured,none,0,none,43.9,9,2,0,0,8.86,709,0,desktop_windows,Chennai,Kolkata,2026-08-05T09:45:06.124880
pay_2b8acbc739ca4f,mer_1033,cust_20453,975.28,INR,upi,ICICI,captured,none,0,none,17.8,9,2,0,0,0.97,0,0,desktop_safari,Kochi,Kochi,2026-08-05T09:52:59.124880
pay_86679779c7774b,mer_1004,cust_20476,21761.7,INR,upi,HDFC,captured,none,0,none,40.1,9,2,0,0,18.64,601,0,desktop_safari,Ahmedabad,Jaipur,2026-08-05T09:53:18.124880
pay_1c115b622d8944,mer_1030,cust_20572,15210.63,INR,upi,ICICI,captured,none,0,none,33.0,9,2,0,0,5.55,0,0,desktop_chrome,Hyderabad,Hyderabad,2026-08-05T09:53:28.124880
pay_b6c27d1e8fec47,mer_1025,cust_20173,88544.65,INR,upi,SBI,captured,none,0,none,25.4,9,2,0,0,33.86,0,0,mobile_android,Delhi NCR,Delhi NCR,2026-08-05T09:53:55.124880
pay_841cc56155df40,mer_1039,cust_20424,13455.18,INR,upi,ICICI,captured,none,0,none,30.8,10,2,0,0,5.77,0,0,mobile_android,Ahmedabad,Ahmedabad,2026-08-05T10:01:53.124880
pay_bbc9f9f4c0684b,mer_1001,cust_20435,2110.37,INR,upi,SBI,refunded,customer_return,0,none,8.8,10,2,0,0,2.98,487,0,mobile_ios,Ahmedabad,Mumbai,2026-08-05T10:07:05.124880
pay_d7541647957d4c,mer_1004,cust_20192,29724.7,INR,netbanking,ICICI,captured,none,0,none,27.6,10,2,0,0,16.88,0,0,desktop_windows,Chennai,Chennai,2026-08-05T10:37:07.124880
pay_c71e298f0ab447,mer_1036,cust_20401,33108.33,INR,netbanking,HDFC,captured,none,0,none,52.2,10,2,0,0,8.73,0,1,desktop_safari,Delhi NCR,Delhi NCR,2026-08-05T10:43:42.124880
pay_6f287c07dada4a,mer_1029,cust_20518,2476.71,INR,netbanking,HDFC,captured,none,0,none,28.3,10,2,0,0,3.36,0,0,desktop_chrome,Delhi NCR,Delhi NCR,2026-08-05T10:51:57.124880
pay_fbe273dbedcb44,mer_1032,cust_20174,34348.27,INR,upi,AXIS,captured,none,0,none,38.0,10,2,0,0,9.26,0,0,mobile_ios,Hyderabad,Hyderabad,2026-08-05T10:57:12.124880
pay_382e6e1768614b,mer_1018,cust_20468,9530.74,INR,wallet,SBI,captured,none,0,none,29.7,10,2,0,0,7.52,0,0,desktop_windows,Delhi NCR,Delhi NCR,2026-08-05T10:59:23.124880
pay_44c16052870342,mer_1031,cust_20589,34109.48,INR,upi,AXIS,captured,none,0,none,28.3,10,2,0,0,8.56,0,0,mobile_android,Jaipur,Jaipur,2026-08-05T10:59:37.124880
pay_fcec0c64abbd46,mer_1018,cust_20549,5613.85,INR,upi,HDFC,failed,issuer_bank_down,0,none,30.3,11,2,0,0,4.81,0,0,desktop_chrome,Mumbai,Mumbai,2026-08-05T11:13:17.124880
pay_95aae89de0f745,mer_1036,cust_20420,16823.86,INR,card_credit,PAYTM_BANK,captured,none,0,none,38.6,11,2,0,0,32.08,0,0,desktop_chrome,Kolkata,Kolkata,2026-08-05T11:25:07.124880
pay_84010003a78341,mer_1021,cust_20084,8571.89,INR,card_debit,HDFC,captured,none,0,none,32.9,11,2,0,0,4.63,0,0,desktop_safari,Kochi,Kochi,2026-08-05T11:29:04.124880
pay_98c560f7700f48,mer_1009,cust_20285,52067.68,INR,upi,HDFC,captured,none,0,none,32.1,11,2,0,0,21.16,0,0,desktop_safari,Hyderabad,Hyderabad,2026-08-05T11:47:32.124880
pay_186de24884684a,mer_1030,cust_20339,89088.34,INR,upi,ICICI,captured,none,0,none,37.2,12,2,0,0,35.46,0,0,desktop_chrome,Kolkata,Kolkata,2026-08-05T12:17:00.124880
pay_9187431ad37448,mer_1023,cust_20159,8901.32,INR,upi,HDFC,captured,none,0,none,12.4,12,2,0,0,2.16,0,0,desktop_safari,Bengaluru,Bengaluru,2026-08-05T12:21:05.124880
pay_d1a13a332dff40,mer_1021,cust_20174,53624.45,INR,card_debit,AXIS,captured,none,0,none,31.0,12,2,0,1,14.45,0,0,desktop_safari,Hyderabad,Hyderabad,2026-08-05T12:45:44.124880
pay_624753bf5e574c,mer_1017,cust_20599,225.74,INR,wallet,ICICI,failed,auth_timeout,0,none,16.4,12,2,0,0,0.07,0,0,desktop_chrome,Hyderabad,Hyderabad,2026-08-05T12:47:03.124880
pay_1f04e0d1c49746,mer_1022,cust_20585,1435.44,INR,card_credit,KOTAK,captured,none,0,none,15.6,12,2,0,1,1.14,0,0,desktop_chrome,Jaipur,Jaipur,2026-08-05T12:49:27.124880
pay_ff1677f1ce504e,mer_1013,cust_20494,8920.77,INR,upi,HDFC,captured,none,0,none,46.9,12,2,0,0,4.6,1630,0,mobile_ios,Bengaluru,Delhi NCR,2026-08-05T12:58:42.124880
pay_f00d53d0e1de48,mer_1014,cust_20270,25124.52,INR,netbanking,HDFC,captured,none,0,none,34.0,13,2,0,0,16.8,0,0,desktop_windows,Bengaluru,Bengaluru,2026-08-05T13:21:19.124880
pay_39218df6fde24b,mer_1013,cust_20224,8628.41,INR,card_credit,HDFC,captured,none,0,none,26.1,13,2,0,0,2.73,1797,0,desktop_safari,Ahmedabad,Mumbai,2026-08-05T13:28:12.124880
pay_748422a4180b47,mer_1015,cust_20063,1495.96,INR,upi,ICICI,failed,auth_timeout,0,none,8.0,13,2,0,0,1.13,0,0,desktop_safari,Bengaluru,Bengaluru,2026-08-05T13:57:55.124880
pay_fb6729be5b554c,mer_1015,cust_20483,3953.96,INR,netbanking,ICICI,captured,none,0,none,29.1,13,2,0,0,1.5,642,0,desktop_safari,Mumbai,Kochi,2026-08-05T13:58:55.124880
pay_73955ca42e6a43,mer_1030,cust_20466,64365.91,INR,upi,ICICI,captured,none,0,none,26.7,14,2,0,0,28.31,0,0,desktop_chrome,Pune,Pune,2026-08-05T14:10:30.124880
pay_a68129e211944a,mer_1022,cust_20257,3066.87,INR,upi,SBI,captured,none,0,none,26.3,14,2,0,0,1.83,1428,0,desktop_chrome,Hyderabad,Kolkata,2026-08-05T14:13:45.124880
pay_2257cb3c6d194f,mer_1013,cust_20256,6106.33,INR,upi,KOTAK,failed,issuer_bank_down,0,none,30.6,14,2,0,0,5.7,0,0,desktop_windows,Bengaluru,Bengaluru,2026-08-05T14:19:29.124880
pay_aa31e5d7b4a24c,mer_1002,cust_20443,3102.8,INR,upi,AXIS,captured,none,0,none,27.4,14,2,0,1,4.61,0,0,mobile_android,Ahmedabad,Ahmedabad,2026-08-05T14:26:08.124880
pay_2e5ffcb52b5c48,mer_1027,cust_20293,5263.11,INR,card_credit,HDFC,captured,none,0,none,25.8,14,2,0,0,12.31,0,0,desktop_windows,Kochi,Kochi,2026-08-05T14:26:08.124880
pay_6603261aeb6447,mer_1037,cust_20336,1909.24,INR,card_debit,KOTAK,captured,none,0,none,6.7,14,2,0,0,0.49,0,0,desktop_chrome,Ahmedabad,Ahmedabad,2026-08-05T14:31:55.124880
pay_56d5c94496e64c,mer_1024,cust_20560,8085.19,INR,upi,HDFC,captured,none,0,none,10.8,14,2,0,0,2.72,0,0,desktop_windows,Bengaluru,Bengaluru,2026-08-05T14:33:39.124880
pay_d3cea6035fc848,mer_1022,cust_20597,2740.64,INR,upi,SBI,captured,none,0,none,17.4,15,2,0,0,1.79,0,0,desktop_chrome,Bengaluru,Bengaluru,2026-08-05T15:03:44.124880
pay_09b35b5a75b645,mer_1001,cust_20031,1071.51,INR,upi,PAYTM_BANK,captured,none,0,none,5.1,15,2,0,0,0.59,0,0,desktop_windows,Kolkata,Kolkata,2026-08-05T15:07:26.124880
pay_5fe6273df1fb40,mer_1005,cust_20515,48553.74,INR,card_credit,SBI,captured,none,0,none,41.4,15,2,0,0,161.85,919,0,mobile_android,Jaipur,Pune,2026-08-05T15:07:55.124880
pay_e7a9e0758e414b,mer_1010,cust_20352,7884.67,INR,netbanking,SBI,failed,auth_timeout,0,none,38.6,15,2,0,0,16.32,1514,0,desktop_safari,Jaipur,Pune,2026-08-05T15:13:28.124880
pay_ff8466dc25464b,mer_1028,cust_20044,2522.47,INR,card_credit,HDFC,captured,none,0,none,9.0,15,2,0,1,2.92,0,0,mobile_ios,Ahmedabad,Ahmedabad,2026-08-05T15:33:42.124880
pay_7a95f2ac2b004d,mer_1031,cust_20332,13180.05,INR,card_debit,ICICI,captured,none,0,none,32.3,15,2,0,0,8.51,0,0,mobile_ios,Delhi NCR,Delhi NCR,2026-08-05T15:35:01.124880
pay_d663269d3f0e4e,mer_1033,cust_20347,3326.43,INR,netbanking,KOTAK,captured,none,0,none,15.4,15,2,0,1,0.61,0,0,desktop_windows,Bengaluru,Bengaluru,2026-08-05T15:35:18.124880
pay_1e62d90706fc40,mer_1024,cust_20426,3747.63,INR,card_credit,HDFC,captured,none,0,none,10.8,15,2,0,0,1.73,0,0,mobile_android,Jaipur,Jaipur,2026-08-05T15:38:33.124880
pay_8c44ff0ff55e4d,mer_1027,cust_20015,1764.61,INR,upi,AXIS,captured,none,0,none,29.0,15,2,0,0,0.57,598,0,desktop_chrome,Delhi NCR,Mumbai,2026-08-05T15:40:04.124880
pay_bddcc84739c04b,mer_1033,cust_20153,366.25,INR,upi,SBI,captured,none,0,none,17.6,16,2,0,1,0.43,0,0,desktop_safari,Kochi,Kochi,2026-08-05T16:11:46.124880
pay_d62ca204b36643,mer_1025,cust_20594,46243.93,INR,upi,HDFC,captured,none,0,none,30.2,16,2,0,0,31.97,0,0,desktop_safari,Pune,Pune,2026-08-05T16:13:23.124880
pay_8f4b0578ffac49,mer_1032,cust_20053,30537.92,INR,upi,HDFC,refunded,customer_return,0,none,26.8,16,2,0,0,8.89,0,0,desktop_windows,Bengaluru,Bengaluru,2026-08-05T16:14:03.124880
pay_b59575e338de49,mer_1031,cust_20289,29698.91,INR,upi,KOTAK,captured,none,0,none,39.9,16,2,0,0,10.72,0,0,desktop_windows,Delhi NCR,Delhi NCR,2026-08-05T16:14:22.124880
pay_f2f9e9b0980645,mer_1002,cust_20537,55660.02,INR,upi,ICICI,captured,none,0,none,30.3,16,2,0,0,73.46,0,0,mobile_android,Hyderabad,Hyderabad,2026-08-05T16:32:53.124880
pay_584b2e89195f4b,mer_1030,cust_20383,16476.95,INR,upi,SBI,captured,none,0,none,36.2,16,2,0,1,9.9,0,0,desktop_chrome,Kochi,Kochi,2026-08-05T16:42:24.124880
pay_2be78d54f24547,mer_1031,cust_20209,16110.27,INR,upi,SBI,captured,none,0,none,36.8,17,2,0,0,19.96,0,0,desktop_safari,Hyderabad,Hyderabad,2026-08-05T17:06:57.124880
pay_d15459b97b9c40,mer_1027,cust_20083,3050.46,INR,upi,ICICI,captured,none,0,none,13.7,17,2,0,0,1.97,0,0,mobile_android,Chennai,Chennai,2026-08-05T17:18:34.124880
pay_77439c97effa48,mer_1033,cust_20423,2511.98,INR,wallet,SBI,captured,none,0,none,32.5,17,2,0,1,3.39,0,0,mobile_android,Pune,Pune,2026-08-05T17:20:59.124880
pay_cc40c66417b94f,mer_1006,cust_20478,32695.22,INR,upi,SBI,captured,none,0,none,32.6,17,2,0,0,12.03,0,0,mobile_ios,Chennai,Chennai,2026-08-05T17:24:38.124880
pay_b7e95360a14249,mer_1016,cust_20163,45839.78,INR,upi,AXIS,captured,none,0,none,35.5,17,2,0,1,10.35,1550,0,mobile_android,Chennai,Hyderabad,2026-08-05T17:27:27.124880
pay_4f095df5889946,mer_1015,cust_20503,3704.68,INR,upi,ICICI,captured,none,0,none,11.8,17,2,0,0,1.73,468,0,desktop_chrome,Mumbai,Hyderabad,2026-08-05T17:30:33.124880
pay_3010a5a179d04e,mer_1007,cust_20597,76737.81,INR,card_credit,HDFC,captured,none,0,none,26.9,17,2,0,1,50.19,0,0,desktop_windows,Bengaluru,Bengaluru,2026-08-05T17:37:29.124880
pay_faa7060ef0c146,mer_1026,cust_20338,60018.56,INR,upi,AXIS,captured,none,0,none,38.5,17,2,0,0,33.76,0,0,mobile_ios,Mumbai,Mumbai,2026-08-05T17:53:39.124880
pay_7fc6e20155d94d,mer_1001,cust_20076,2384.15,INR,upi,HDFC,captured,none,0,none,10.2,18,2,0,0,1.61,0,0,desktop_safari,Pune,Pune,2026-08-05T18:22:39.124880
pay_971ab1790df749,mer_1033,cust_20171,3861.05,INR,wallet,SBI,captured,none,0,none,38.3,18,2,0,0,3.5,0,0,desktop_chrome,Delhi NCR,Delhi NCR,2026-08-05T18:38:11.124880
pay_8e17678f04c841,mer_1009,cust_20577,46089.25,INR,upi,AXIS,captured,none,0,none,31.1,18,2,0,0,23.41,0,0,desktop_chrome,Ahmedabad,Ahmedabad,2026-08-05T18:40:07.124880
pay_b275045a662941,mer_1026,cust_20079,53487.16,INR,card_credit,HDFC,captured,none,0,none,30.5,19,2,0,1,13.92,0,0,mobile_android,Mumbai,Mumbai,2026-08-05T19:19:21.124880
pay_ae3d8c6fa3684d,mer_1023,cust_20410,1380.05,INR,card_credit,ICICI,captured,none,0,none,10.8,19,2,0,0,0.75,0,0,desktop_chrome,Mumbai,Mumbai,2026-08-05T19:23:24.124880
pay_e7e02fa7b8404f,mer_1001,cust_20120,841.94,INR,card_credit,HDFC,captured,none,0,none,12.4,19,2,0,0,0.04,0,0,desktop_chrome,Chennai,Chennai,2026-08-05T19:49:30.124880
pay_61816a0b6eb34c,mer_1003,cust_20449,277.14,INR,upi,SBI,captured,none,0,none,16.4,20,2,0,0,0.76,0,0,mobile_ios,Chennai,Chennai,2026-08-05T20:07:49.124880
pay_b73d367d728648,mer_1037,cust_20438,4782.82,INR,upi,ICICI,captured,none,0,none,10.6,20,2,0,0,2.76,0,0,desktop_safari,Pune,Pune,2026-08-05T20:19:31.124880
pay_2053f5943baf48,mer_1027,cust_20495,3169.59,INR,upi,SBI,captured,none,0,none,11.1,20,2,0,0,2.12,0,0,desktop_chrome,Kochi,Kochi,2026-08-05T20:23:17.124880
pay_b9e2bc246ef84a,mer_1031,cust_20035,22810.92,INR,upi,ICICI,captured,none,0,none,43.2,21,2,0,0,13.57,1636,0,desktop_windows,Delhi NCR,Pune,2026-08-05T21:38:27.124880
pay_62630f1802154b,mer_1035,cust_20508,62671.68,INR,card_credit,HDFC,captured,none,0,none,39.7,22,2,0,0,61.22,0,0,desktop_windows,Hyderabad,Hyderabad,2026-08-05T22:12:02.124880
pay_018964fdc73447,mer_1009,cust_20181,11456.7,INR,upi,AXIS,captured,none,0,none,37.7,22,2,0,0,3.28,0,0,mobile_android,Ahmedabad,Ahmedabad,2026-08-05T22:36:19.124880
pay_3e0fbf89ad2843,mer_1019,cust_20396,4383.82,INR,upi,HDFC,captured,none,0,none,19.1,22,2,0,1,1.97,294,0,mobile_android,Jaipur,Bengaluru,2026-08-05T22:41:27.124880
pay_7cb11fde8c3847,mer_1017,cust_20402,641.64,INR,upi,SBI,captured,none,0,none,13.3,22,2,0,0,0.25,0,0,desktop_safari,Kochi,Kochi,2026-08-05T22:51:09.124880
pay_b70ec7f7d7fe43,mer_1018,cust_20108,5614.76,INR,upi,ICICI,captured,none,0,none,14.9,22,2,0,0,2.56,0,0,mobile_ios,Pune,Pune,2026-08-05T22:55:45.124880
pay_621617138e2848,mer_1017,cust_20180,410.46,INR,upi,HDFC,failed,issuer_bank_down,0,none,14.9,22,2,0,0,1.22,0,0,desktop_chrome,Delhi NCR,Delhi NCR,2026-08-05T22:58:30.124880
pay_4e38bb59444049,mer_1019,cust_20065,2412.3,INR,card_debit,HDFC,captured,none,0,none,50.6,22,2,0,0,3.28,0,1,mobile_ios,Mumbai,Mumbai,2026-08-05T22:59:56.124880
pay_b860aafa122347,mer_1027,cust_20480,4745.22,INR,upi,ICICI,captured,none,0,none,16.7,23,2,0,0,2.65,0,0,desktop_windows,Chennai,Chennai,2026-08-05T23:05:51.124880
pay_8fe4f33ad1c44d,mer_1020,cust_20018,36917.88,INR,card_credit,ICICI,captured,none,0,none,26.5,23,2,0,0,47.1,0,0,desktop_chrome,Bengaluru,Bengaluru,2026-08-05T23:22:19.124880
pay_1b90eb9c214a4f,mer_1013,cust_20418,23699.5,INR,upi,SBI,captured,none,0,none,27.5,23,2,0,0,10.2,0,0,desktop_safari,Kochi,Kochi,2026-08-05T23:42:40.124880
pay_f3f230b50f7042,mer_1001,cust_20484,2898.14,INR,upi,KOTAK,captured,none,0,none,17.6,0,3,0,0,2.07,365,0,desktop_safari,Bengaluru,Hyderabad,2026-08-06T00:03:38.124880
pay_5682bbdba4f34e,mer_1032,cust_20074,40339.83,INR,card_credit,PAYTM_BANK,captured,none,0,none,39.6,0,3,0,0,64.22,0,0,mobile_android,Delhi NCR,Delhi NCR,2026-08-06T00:08:16.124880
pay_139f90e6483f49,mer_1029,cust_20328,1039.39,INR,card_debit,HDFC,failed,issuer_bank_down,0,none,12.9,0,3,0,0,0.37,0,0,mobile_android,Delhi NCR,Delhi NCR,2026-08-06T00:10:04.124880
pay_4b76d7d896524f,mer_1008,cust_20174,49570.46,INR,upi,SBI,captured,none,0,none,32.1,0,3,0,2,13.36,0,0,desktop_safari,Hyderabad,Hyderabad,2026-08-06T00:17:12.124880
pay_2f0dc007774c46,mer_1017,cust_20373,876.5,INR,upi,SBI,captured,none,0,none,13.0,0,3,0,0,1.57,0,0,desktop_chrome,Pune,Pune,2026-08-06T00:17:56.124880
pay_e96503446d1943,mer_1021,cust_20143,83066.35,INR,card_credit,SBI,captured,none,0,none,46.0,0,3,0,0,88.78,1216,0,mobile_android,Hyderabad,Mumbai,2026-08-06T00:27:14.124880
pay_d64b08af844a46,mer_1031,cust_20256,16202.54,INR,card_debit,ICICI,captured,none,0,none,31.2,0,3,0,1,15.14,0,0,desktop_safari,Bengaluru,Bengaluru,2026-08-06T00:27:59.124880
pay_8b4a95fdf4314d,mer_1035,cust_20010,38739.4,INR,wallet,ICICI,captured,none,0,none,42.6,0,3,0,0,33.56,607,0,desktop_chrome,Delhi NCR,Kochi,2026-08-06T00:37:47.124880
pay_4b0d0063ae3046,mer_1028,cust_20053,13283.51,INR,upi,SBI,captured,none,0,none,38.3,0,3,0,1,3.87,0,0,mobile_ios,Bengaluru,Bengaluru,2026-08-06T00:54:19.124880
pay_14fa7c61f54b47,mer_1009,cust_20286,27928.61,INR,card_debit,ICICI,captured,none,0,none,31.0,0,3,0,0,19.99,0,0,desktop_safari,Mumbai,Mumbai,2026-08-06T00:55:38.124880
pay_f40dc45cb43349,mer_1035,cust_20557,81429.99,INR,upi,SBI,captured,none,0,none,40.8,1,3,0,0,26.25,0,0,mobile_ios,Mumbai,Mumbai,2026-08-06T01:10:29.124880
pay_d6f8ba025f6d47,mer_1011,cust_20524,50049.82,INR,netbanking,ICICI,captured,none,0,none,35.4,1,3,0,0,38.12,0,0,mobile_ios,Pune,Pune,2026-08-06T01:23:28.124880
pay_18cc493671454e,mer_1036,cust_20353,25935.83,INR,card_credit,HDFC,captured,none,0,none,36.8,1,3,0,0,18.22,0,0,desktop_windows,Jaipur,Jaipur,2026-08-06T01:32:01.124880
pay_2343175911434c,mer_1040,cust_20159,16389.37,INR,upi,ICICI,failed,incorrect_otp,0,none,50.0,1,3,0,1,3.97,0,0,mobile_ios,Bengaluru,Bengaluru,2026-08-06T01:44:53.124880
pay_c51fd3c8bc774a,mer_1026,cust_20190,24928.37,INR,upi,SBI,captured,none,0,none,43.1,1,3,0,0,10.18,0,0,desktop_chrome,Ahmedabad,Ahmedabad,2026-08-06T01:47:58.124880
pay_dc6ad56551024c,mer_1034,cust_20245,313.15,INR,upi,SBI,captured,none,0,none,43.1,1,3,0,0,0.56,0,1,mobile_ios,Mumbai,Mumbai,2026-08-06T01:55:54.124880
pay_c08afa36877944,mer_1001,cust_20316,4485.32,INR,wallet,ICICI,captured,none,0,none,37.9,1,3,0,0,6.33,0,0,desktop_windows,Kochi,Kochi,2026-08-06T01:56:21.124880
pay_6cc8e41222fd4f,mer_1024,cust_20062,5290.23,INR,upi,HDFC,captured,none,0,none,28.1,2,3,0,0,1.98,0,0,mobile_ios,Pune,Pune,2026-08-06T02:09:50.124880
pay_59107102515a40,mer_1035,cust_20180,73925.47,INR,upi,ICICI,captured,none,0,none,36.2,2,3,0,1,218.83,0,0,desktop_chrome,Delhi NCR,Delhi NCR,2026-08-06T02:56:44.124880
pay_4c6668d886e84f,mer_1013,cust_20250,16213.17,INR,upi,ICICI,captured,none,0,none,41.1,2,3,0,0,54.04,0,0,mobile_ios,Kolkata,Kolkata,2026-08-06T02:57:27.124880
pay_b6b152ac309840,mer_1039,cust_20051,38285.27,INR,upi,AXIS,captured,none,0,none,38.3,3,3,0,0,51.58,0,0,mobile_android,Ahmedabad,Ahmedabad,2026-08-06T03:09:43.124880
pay_7f0d2a12ec4f43,mer_1003,cust_20235,3993.33,INR,netbanking,HDFC,captured,none,0,none,19.1,3,3,0,0,2.65,0,0,desktop_safari,Delhi NCR,Delhi NCR,2026-08-06T03:10:50.124880
pay_8959a8133ef04b,mer_1021,cust_20314,43151.27,INR,upi,SBI,captured,none,0,none,36.6,3,3,0,0,113.12,0,0,desktop_safari,Delhi NCR,Delhi NCR,2026-08-06T03:25:42.124880
pay_eac148df696746,mer_1001,cust_20524,304.01,INR,upi,ICICI,failed,issuer_bank_down,0,none,15.3,3,3,0,1,0.23,0,0,mobile_android,Pune,Pune,2026-08-06T03:32:22.124880
pay_af24d3cf35154b,mer_1007,cust_20453,20979.78,INR,upi,SBI,captured,none,0,none,35.4,3,3,0,1,20.82,0,0,desktop_safari,Kochi,Kochi,2026-08-06T03:45:46.124880
pay_60ab6c7549ea4a,mer_1025,cust_20504,96439.77,INR,upi,HDFC,captured,none,0,none,37.3,3,3,0,0,51.5,0,0,mobile_android,Hyderabad,Hyderabad,2026-08-06T03:45:48.124880
pay_2d1e76e4f53441,mer_1014,cust_20538,38933.47,INR,card_credit,ICICI,captured,none,0,none,50.6,4,3,0,0,6.32,1788,0,mobile_android,Kolkata,Mumbai,2026-08-06T04:06:00.124880
pay_b20b0ce062d047,mer_1011,cust_20250,20551.23,INR,card_credit,HDFC,captured,none,0,none,44.9,4,3,0,1,68.5,0,0,mobile_android,Kolkata,Kolkata,2026-08-06T04:11:30.124880
pay_64e8a16f02f44e,mer_1008,cust_20512,46074.1,INR,card_debit,HDFC,captured,none,0,none,37.5,4,3,0,0,52.12,0,0,mobile_ios,Kolkata,Kolkata,2026-08-06T04:12:35.124880
pay_207f97691d644f,mer_1038,cust_20183,12490.63,INR,upi,AXIS,captured,none,0,none,26.7,5,3,0,0,9.69,0,0,mobile_ios,Jaipur,Jaipur,2026-08-06T05:10:11.124880
pay_840145a1179743,mer_1029,cust_20402,1997.52,INR,upi,HDFC,captured,none,0,none,15.7,5,3,0,1,0.77,0,0,mobile_android,Kochi,Kochi,2026-08-06T05:10:24.124880
pay_c23c75995e4c42,mer_1018,cust_20065,3900.7,INR,upi,SBI,captured,none,0,none,37.2,5,3,0,1,5.3,0,0,desktop_chrome,Mumbai,Mumbai,2026-08-06T05:13:49.124880
pay_2364721e005d4e,mer_1016,cust_20575,29288.48,INR,upi,PAYTM_BANK,captured,none,0,none,33.9,5,3,0,0,38.32,0,0,mobile_ios,Pune,Pune,2026-08-06T05:30:30.124880
pay_8f06734fa97442,mer_1010,cust_20576,572.82,INR,card_debit,SBI,captured,none,0,none,16.9,5,3,0,0,1.14,1461,0,mobile_android,Jaipur,Kolkata,2026-08-06T05:31:51.124880
pay_d0fd1033623542,mer_1003,cust_20528,5370.78,INR,upi,HDFC,failed,issuer_bank_down,0,none,33.4,5,3,0,0,10.98,0,0,desktop_safari,Pune,Pune,2026-08-06T05:40:06.124880
pay_c32a796f947e45,mer_1014,cust_20478,28607.78,INR,upi,HDFC,captured,none,0,none,28.8,5,3,0,1,10.53,0,0,mobile_ios,Chennai,Chennai,2026-08-06T05:43:32.124880
pay_6ace23a0da7b4d,mer_1001,cust_20031,2179.02,INR,upi,HDFC,captured,none,0,none,9.4,5,3,0,1,1.21,0,0,desktop_windows,Kolkata,Kolkata,2026-08-06T05:50:08.124880
pay_732df6ccc77240,mer_1018,cust_20388,6385.93,INR,upi,KOTAK,captured,none,0,none,33.4,5,3,0,1,3.55,0,0,desktop_chrome,Chennai,Chennai,2026-08-06T05:54:15.124880
pay_b0ba83b9ecf34a,mer_1035,cust_20002,20575.34,INR,upi,ICICI,captured,none,0,none,33.7,6,3,0,0,68.58,0,0,desktop_windows,Mumbai,Mumbai,2026-08-06T06:07:17.124880
pay_2a24de94ffdb43,mer_1024,cust_20120,5479.67,INR,upi,HDFC,captured,none,0,none,19.0,6,3,0,1,0.26,0,0,mobile_ios,Chennai,Chennai,2026-08-06T06:09:09.124880
pay_44f536a1f3864a,mer_1014,cust_20102,24575.79,INR,upi,ICICI,captured,none,0,none,27.4,6,3,0,0,10.32,0,0,desktop_windows,Pune,Pune,2026-08-06T06:11:38.124880
pay_daaa770acb1343,mer_1033,cust_20236,1180.9,INR,card_debit,HDFC,captured,none,0,none,5.6,6,3,0,0,2.09,0,0,desktop_chrome,Mumbai,Mumbai,2026-08-06T06:20:38.124880
pay_ef151c520c1f42,mer_1035,cust_20355,47765.34,INR,upi,SBI,captured,none,0,none,35.8,6,3,0,0,56.67,0,0,mobile_android,Mumbai,Mumbai,2026-08-06T06:55:08.124880
pay_6db84e0f5ab143,mer_1030,cust_20337,61336.38,INR,upi,ICICI,captured,none,0,none,41.0,7,3,0,0,170.04,0,1,desktop_windows,Ahmedabad,Ahmedabad,2026-08-06T07:04:09.124880
pay_ddc25142906f41,mer_1020,cust_20374,40301.16,INR,card_debit,ICICI,captured,none,0,none,36.6,7,3,0,1,33.28,0,0,desktop_safari,Hyderabad,Hyderabad,2026-08-06T07:09:55.124880
pay_c5412c0028b646,mer_1017,cust_20022,2295.41,INR,upi,HDFC,captured,none,0,none,35.1,7,3,0,0,4.52,0,0,mobile_android,Bengaluru,Bengaluru,2026-08-06T07:39:20.124880
pay_91842bf3933548,mer_1021,cust_20440,19602.29,INR,card_credit,HDFC,captured,none,0,none,31.8,7,3,0,0,24.06,0,0,mobile_android,Kolkata,Kolkata,2026-08-06T07:41:13.124880
pay_0df09c427e534e,mer_1030,cust_20070,81399.07,INR,card_credit,ICICI,captured,none,0,none,26.8,8,3,0,0,84.62,0,0,mobile_ios,Kochi,Kochi,2026-08-06T08:01:56.124880
pay_c500b4f5425341,mer_1017,cust_20551,1581.04,INR,card_debit,ICICI,captured,none,0,none,13.2,8,3,0,0,0.6,0,0,mobile_ios,Kolkata,Kolkata,2026-08-06T08:06:41.124880
pay_4e33cc7270cb49,mer_1005,cust_20567,42953.31,INR,wallet,AXIS,captured,none,0,none,34.7,8,3,0,0,54.94,0,0,desktop_windows,Mumbai,Mumbai,2026-08-06T08:22:00.124880
pay_2d39b24335aa4b,mer_1017,cust_20592,1555.72,INR,wallet,SBI,captured,none,0,none,10.5,8,3,0,0,0.65,0,0,desktop_chrome,Hyderabad,Hyderabad,2026-08-06T08:22:51.124880
pay_e390d3dcee1a48,mer_1030,cust_20233,22966.17,INR,upi,AXIS,failed,insufficient_funds,0,none,31.5,8,3,0,0,23.45,0,0,desktop_chrome,Chennai,Chennai,2026-08-06T08:53:39.124880
pay_dd13bef8884b41,mer_1040,cust_20262,35055.43,INR,upi,SBI,captured,none,0,none,51.6,8,3,0,0,13.18,0,1,desktop_chrome,Hyderabad,Hyderabad,2026-08-06T08:59:55.124880
pay_09b2ac142e1c4a,mer_1008,cust_20053,64894.18,INR,card_credit,HDFC,captured,none,0,none,33.4,9,3,0,2,18.89,0,0,desktop_windows,Bengaluru,Bengaluru,2026-08-06T09:07:02.124880
pay_7b6a08c4d4e24c,mer_1022,cust_20313,3377.94,INR,upi,KOTAK,captured,none,0,none,18.8,9,3,0,0,2.27,0,0,desktop_windows,Delhi NCR,Delhi NCR,2026-08-06T09:48:55.124880
pay_cc185d218f2742,mer_1031,cust_20200,34926.22,INR,card_debit,ICICI,captured,none,0,none,35.5,9,3,0,0,20.62,0,0,desktop_chrome,Delhi NCR,Delhi NCR,2026-08-06T09:52:02.124880
pay_d9d2e8ffd0cf49,mer_1016,cust_20496,66593.2,INR,netbanking,KOTAK,captured,none,0,none,31.5,9,3,0,0,85.35,0,0,mobile_ios,Kolkata,Kolkata,2026-08-06T09:58:15.124880
pay_d39287b67aad4d,mer_1032,cust_20471,26441.15,INR,upi,ICICI,captured,none,0,none,30.7,10,3,0,0,17.76,0,0,mobile_ios,Jaipur,Jaipur,2026-08-06T10:02:25.124880
pay_867597eec9594f,mer_1004,cust_20048,7706.48,INR,upi,HDFC,captured,none,0,none,38.2,10,3,0,0,13.13,0,0,mobile_ios,Bengaluru,Bengaluru,2026-08-06T10:08:46.124880
pay_4acd4e93a1e147,mer_1037,cust_20480,3472.24,INR,upi,ICICI,captured,none,0,none,18.8,10,3,0,1,1.94,0,0,desktop_chrome,Chennai,Chennai,2026-08-06T10:11:59.124880
pay_ae5699f377f04c,mer_1019,cust_20216,2704.82,INR,upi,SBI,captured,none,0,none,8.7,10,3,0,0,1.96,0,0,mobile_ios,Ahmedabad,Ahmedabad,2026-08-06T10:28:28.124880
pay_75a7c075803e47,mer_1005,cust_20406,46081.96,INR,card_credit,PAYTM_BANK,captured,none,0,none,30.8,10,3,0,0,12.99,0,0,desktop_safari,Kolkata,Kolkata,2026-08-06T10:33:50.124880
pay_db4ff39cc9a247,mer_1030,cust_20525,57106.18,INR,upi,SBI,captured,none,0,none,38.9,10,3,0,0,190.35,805,0,desktop_chrome,Jaipur,Mumbai,2026-08-06T10:48:47.124880
pay_69e5e16400a542,mer_1040,cust_20483,10527.51,INR,upi,AXIS,failed,issuer_bank_down,0,none,44.5,10,3,0,1,3.98,936,0,desktop_safari,Mumbai,Kolkata,2026-08-06T10:49:08.124880
pay_306b934ce35a40,mer_1018,cust_20161,10305.62,INR,card_credit,SBI,captured,none,0,none,31.5,11,3,0,0,6.13,0,0,mobile_ios,Pune,Pune,2026-08-06T11:11:00.124880
pay_3a6b49b8bc2d41,mer_1005,cust_20478,39687.93,INR,card_credit,HDFC,captured,none,0,none,36.6,11,3,0,2,14.61,0,0,desktop_chrome,Chennai,Chennai,2026-08-06T11:13:45.124880
pay_794737ce457a4e,mer_1029,cust_20572,1346.93,INR,card_debit,KOTAK,captured,none,0,none,19.9,11,3,0,0,0.49,0,0,desktop_safari,Hyderabad,Hyderabad,2026-08-06T11:14:55.124880
pay_254b7435aaf142,mer_1023,cust_20375,6667.84,INR,wallet,HDFC,captured,none,0,none,41.4,11,3,0,0,7.12,0,1,desktop_safari,Ahmedabad,Ahmedabad,2026-08-06T11:17:55.124880
pay_1ee03c3aec8041,mer_1013,cust_20352,45304.48,INR,netbanking,SBI,captured,none,0,none,27.3,11,3,0,1,93.77,0,0,mobile_ios,Jaipur,Jaipur,2026-08-06T11:28:44.124880
pay_c1565429b9d74e,mer_1026,cust_20253,29550.76,INR,upi,HDFC,captured,none,0,none,35.4,11,3,0,0,6.49,0,0,mobile_android,Bengaluru,Bengaluru,2026-08-06T11:29:20.124880
pay_5351fb1e1cb947,mer_1024,cust_20078,6374.4,INR,card_debit,HDFC,captured,none,0,none,8.8,11,3,0,0,2.91,0,0,mobile_ios,Ahmedabad,Ahmedabad,2026-08-06T11:29:54.124880
pay_1af9a049d84b42,mer_1022,cust_20543,3150.16,INR,card_credit,SBI,captured,none,0,none,30.7,12,3,0,0,8.48,0,0,desktop_chrome,Delhi NCR,Delhi NCR,2026-08-06T12:16:58.124880
pay_f43e6f1cc04143,mer_1021,cust_20153,35326.96,INR,netbanking,AXIS,captured,none,0,none,35.1,12,3,0,1,41.38,0,0,desktop_chrome,Kochi,Kochi,2026-08-06T12:22:47.124880
pay_df065ff98ed649,mer_1007,cust_20003,11339.43,INR,upi,ICICI,captured,none,0,none,14.9,12,3,0,0,2.74,0,0,desktop_windows,Kolkata,Kolkata,2026-08-06T12:27:23.124880
pay_e764388249524d,mer_1016,cust_20459,53036.78,INR,card_debit,KOTAK,captured,none,0,none,32.3,12,3,0,0,23.85,0,0,mobile_android,Kolkata,Kolkata,2026-08-06T12:35:56.124880
pay_e47362d0ae5449,mer_1039,cust_20256,36035.28,INR,upi,HDFC,captured,none,0,none,26.8,12,3,0,2,33.66,0,0,mobile_android,Bengaluru,Bengaluru,2026-08-06T12:45:39.124880
pay_ec202f382a3247,mer_1002,cust_20198,4896.29,INR,upi,SBI,captured,none,0,none,34.6,12,3,0,0,5.99,0,0,mobile_android,Pune,Pune,2026-08-06T12:50:38.124880
pay_4aa4f522e7344c,mer_1028,cust_20039,14266.68,INR,card_credit,PAYTM_BANK,captured,none,0,none,48.7,12,3,0,0,13.37,1314,0,mobile_android,Delhi NCR,Kolkata,2026-08-06T12:55:54.124880
pay_124ae1d7439e4e,mer_1019,cust_20441,3346.06,INR,wallet,AXIS,captured,none,0,none,17.1,13,3,0,0,1.67,0,0,mobile_ios,Chennai,Chennai,2026-08-06T13:01:32.124880
pay_85cc8d02adec47,mer_1040,cust_20522,16323.94,INR,card_debit,AXIS,captured,none,0,none,28.7,13,3,0,0,7.56,0,0,mobile_ios,Kochi,Kochi,2026-08-06T13:22:00.124880
pay_1acbf838c6ec4d,mer_1006,cust_20266,41130.1,INR,card_credit,ICICI,captured,none,0,none,32.7,13,3,0,0,50.04,0,0,desktop_safari,Bengaluru,Bengaluru,2026-08-06T13:34:39.124880
pay_392e64d206d84f,mer_1007,cust_20217,61273.42,INR,upi,PAYTM_BANK,captured,none,0,none,30.3,13,3,0,0,67.1,0,0,desktop_windows,Delhi NCR,Delhi NCR,2026-08-06T13:41:01.124880
pay_897397be89fc49,mer_1034,cust_20395,5371.9,INR,upi,SBI,captured,none,0,none,18.4,13,3,0,0,2.28,0,0,mobile_ios,Delhi NCR,Delhi NCR,2026-08-06T13:45:33.124880
pay_b33090a1529f43,mer_1036,cust_20501,9088.93,INR,upi,HDFC,captured,none,0,none,13.2,13,3,0,0,1.58,0,0,desktop_chrome,Delhi NCR,Delhi NCR,2026-08-06T13:50:47.124880
pay_3db3f8603db64a,mer_1008,cust_20517,64229.03,INR,card_credit,SBI,captured,none,0,none,38.9,13,3,0,0,19.84,0,0,mobile_android,Jaipur,Jaipur,2026-08-06T13:54:54.124880
pay_829e38007c9540,mer_1010,cust_20486,4611.22,INR,upi,ICICI,captured,none,0,none,53.7,14,3,0,0,3.41,0,1,desktop_windows,Chennai,Chennai,2026-08-06T14:04:01.124880
pay_05ab34febecb45,mer_1027,cust_20146,806.25,INR,wallet,ICICI,captured,none,0,none,13.0,14,3,0,0,0.19,0,0,mobile_ios,Kolkata,Kolkata,2026-08-06T14:07:29.124880
pay_3a1165cdf2c646,mer_1040,cust_20353,23307.96,INR,wallet,SBI,captured,none,0,none,37.7,14,3,0,1,16.37,0,0,mobile_ios,Jaipur,Jaipur,2026-08-06T14:19:43.124880
pay_64584379cce445,mer_1033,cust_20019,589.0,INR,upi,ICICI,captured,none,0,none,13.6,14,3,0,0,0.21,0,0,desktop_chrome,Pune,Pune,2026-08-06T14:19:46.124880
pay_5f8403d02dfe42,mer_1018,cust_20466,3343.45,INR,upi,ICICI,captured,none,0,none,16.0,14,3,0,0,1.47,0,0,mobile_ios,Pune,Pune,2026-08-06T14:21:40.124880
pay_b213fcda1a3c40,mer_1008,cust_20542,36967.72,INR,upi,SBI,captured,none,0,none,34.7,14,3,0,0,20.93,0,0,desktop_safari,Ahmedabad,Ahmedabad,2026-08-06T14:45:28.124880
pay_54fdce1f2d044e,mer_1009,cust_20053,46948.99,INR,card_credit,HDFC,refunded,customer_return,0,none,36.3,15,3,0,3,13.67,1193,0,desktop_safari,Bengaluru,Hyderabad,2026-08-06T15:06:20.124880
pay_d662ce47548e47,mer_1035,cust_20458,50230.38,INR,upi,ICICI,captured,none,0,none,26.9,15,3,0,0,84.03,0,0,desktop_chrome,Bengaluru,Bengaluru,2026-08-06T15:12:50.124880
pay_6d86514641cb42,mer_1017,cust_20132,1407.92,INR,upi,SBI,captured,none,0,none,12.8,15,3,0,0,0.18,0,0,desktop_safari,Ahmedabad,Ahmedabad,2026-08-06T15:12:57.124880
pay_e0aea33b197c4c,mer_1023,cust_20192,2415.05,INR,upi,KOTAK,captured,none,0,none,13.0,15,3,0,0,1.37,0,0,desktop_safari,Chennai,Chennai,2026-08-06T15:26:10.124880
pay_a7d07d7ae0494c,mer_1035,cust_20518,73976.07,INR,netbanking,HDFC,captured,none,0,none,36.6,16,3,0,0,100.35,0,0,desktop_chrome,Delhi NCR,Delhi NCR,2026-08-06T16:03:38.124880
pay_4c3824efa60840,mer_1016,cust_20378,30632.34,INR,card_credit,AXIS,captured,none,0,none,37.0,16,3,0,0,13.93,1330,0,mobile_ios,Ahmedabad,Kolkata,2026-08-06T16:03:49.124880
pay_2d759b2cd9f640,mer_1004,cust_20154,13353.43,INR,wallet,KOTAK,captured,none,0,none,31.7,16,3,0,0,34.33,0,0,desktop_safari,Kochi,Kochi,2026-08-06T16:04:02.124880
pay_f640ab169eab43,mer_1029,cust_20538,2554.2,INR,card_credit,HDFC,captured,none,0,none,13.6,16,3,0,1,0.41,0,0,desktop_safari,Kolkata,Kolkata,2026-08-06T16:08:52.124880
pay_f63a62b5a33e4d,mer_1040,cust_20298,30725.96,INR,card_debit,ICICI,captured,none,0,none,34.5,16,3,0,0,47.85,0,0,desktop_windows,Kochi,Kochi,2026-08-06T16:29:14.124880
pay_c99f49c550b346,mer_1004,cust_20090,24436.17,INR,card_credit,ICICI,captured,none,0,none,30.3,16,3,0,0,4.43,0,0,desktop_windows,Mumbai,Mumbai,2026-08-06T16:37:44.124880
pay_d1bbb41a90c242,mer_1037,cust_20506,3646.23,INR,card_credit,ICICI,captured,none,0,none,25.3,16,3,0,0,6.05,0,0,mobile_ios,Chennai,Chennai,2026-08-06T16:39:13.124880
pay_4106f2b2bc8148,mer_1002,cust_20100,74496.61,INR,card_credit,HDFC,captured,none,0,none,26.6,16,3,0,0,19.69,0,0,desktop_chrome,Kolkata,Kolkata,2026-08-06T16:44:17.124880
pay_9ab7fa751c3742,mer_1038,cust_20044,121.32,INR,card_credit,ICICI,failed,risk_blocked,1,card_testing,83.1,16,3,0,0,0.14,0,0,desktop_windows,Ahmedabad,Ahmedabad,2026-08-06T16:53:01.124880
pay_636c8de2f1de42,mer_1031,cust_20188,24935.62,INR,upi,SBI,captured,none,0,none,29.5,16,3,0,0,12.46,0,0,desktop_windows,Delhi NCR,Delhi NCR,2026-08-06T16:54:38.124880
pay_0f081222458f4d,mer_1034,cust_20204,1761.04,INR,card_debit,KOTAK,captured,none,0,none,8.8,16,3,0,0,0.61,0,0,desktop_chrome,Kochi,Kochi,2026-08-06T16:55:39.124880
pay_9b34df5616e643,mer_1016,cust_20336,32278.06,INR,upi,ICICI,captured,none,0,none,36.5,17,3,0,0,8.35,0,0,desktop_chrome,Ahmedabad,Ahmedabad,2026-08-06T17:05:14.124880
pay_f8f9bf43935241,mer_1035,cust_20494,7153.2,INR,upi,HDFC,captured,none,0,none,35.3,17,3,0,0,3.68,0,0,mobile_android,Bengaluru,Bengaluru,2026-08-06T17:42:57.124880
pay_04e15d251a3648,mer_1012,cust_20523,7006.59,INR,upi,AXIS,captured,none,0,none,51.4,17,3,0,0,8.44,0,1,desktop_chrome,Kolkata,Kolkata,2026-08-06T17:52:58.124880
pay_385c54a1c6de4c,mer_1018,cust_20486,11564.54,INR,upi,AXIS,captured,none,0,none,46.0,17,3,0,1,8.56,743,0,desktop_chrome,Chennai,Delhi NCR,2026-08-06T17:59:59.124880
pay_9b0811db34e94b,mer_1014,cust_20158,47918.71,INR,upi,HDFC,captured,none,0,none,28.1,18,3,0,0,28.23,0,0,desktop_chrome,Delhi NCR,Delhi NCR,2026-08-06T18:34:04.124880
pay_fab2674a502443,mer_1001,cust_20486,3998.14,INR,wallet,SBI,captured,none,0,none,19.2,18,3,1,2,2.96,0,0,desktop_windows,Chennai,Chennai,2026-08-06T18:36:13.124880
pay_161c72345f5146,mer_1027,cust_20074,1484.27,INR,upi,ICICI,captured,none,0,none,17.9,18,3,0,1,2.36,0,0,desktop_safari,Delhi NCR,Delhi NCR,2026-08-06T18:45:52.124880
pay_50c5be83efb14f,mer_1029,cust_20342,773.04,INR,upi,HDFC,refunded,customer_return,0,none,14.8,19,3,0,0,1.37,280,0,desktop_chrome,Kolkata,Chennai,2026-08-06T19:19:45.124880
pay_31a42f2e68f542,mer_1013,cust_20400,29810.55,INR,upi,KOTAK,captured,none,0,none,35.7,19,3,0,0,58.33,0,0,mobile_android,Mumbai,Mumbai,2026-08-06T19:24:59.124880
pay_45da88b2be024f,mer_1004,cust_20308,7452.0,INR,card_debit,ICICI,captured,none,0,none,34.5,19,3,0,0,10.72,0,0,mobile_ios,Chennai,Chennai,2026-08-06T19:37:15.124880
pay_ceb9bb32d59a47,mer_1016,cust_20426,90668.47,INR,upi,HDFC,captured,none,0,none,30.0,19,3,0,0,41.8,0,0,desktop_windows,Jaipur,Jaipur,2026-08-06T19:49:33.124880
pay_c254a82f39a449,mer_1020,cust_20530,3803.29,INR,card_credit,SBI,captured,none,0,none,9.9,20,3,0,0,1.52,0,0,desktop_windows,Kochi,Kochi,2026-08-06T20:00:21.124880
pay_b4808ed3dc2b46,mer_1036,cust_20188,3610.73,INR,wallet,KOTAK,captured,none,0,none,7.9,20,3,0,1,1.8,0,0,mobile_android,Delhi NCR,Delhi NCR,2026-08-06T20:04:15.124880
pay_58bc2500be934e,mer_1017,cust_20431,1192.31,INR,upi,HDFC,captured,none,0,none,12.9,20,3,0,0,1.07,0,0,desktop_safari,Bengaluru,Bengaluru,2026-08-06T20:23:37.124880
pay_1c080e4b1a094a,mer_1012,cust_20384,40140.28,INR,upi,SBI,captured,none,0,none,30.4,20,3,0,0,74.98,0,0,desktop_chrome,Bengaluru,Bengaluru,2026-08-06T20:31:50.124880
pay_944dbd7238a249,mer_1009,cust_20560,4953.51,INR,upi,ICICI,captured,none,0,none,33.9,20,3,0,0,1.67,0,1,mobile_ios,Bengaluru,Bengaluru,2026-08-06T20:33:49.124880
pay_2ed45b3658cd4a,mer_1016,cust_20366,40151.21,INR,wallet,ICICI,captured,none,0,none,41.2,20,3,0,0,26.43,868,0,desktop_windows,Pune,Hyderabad,2026-08-06T20:46:09.124880
pay_957bdbe33a574a,mer_1020,cust_20511,14739.01,INR,upi,HDFC,captured,none,0,none,39.2,21,3,0,0,19.87,0,0,mobile_ios,Bengaluru,Bengaluru,2026-08-06T21:25:33.124880
pay_326e875e578843,mer_1004,cust_20539,22269.91,INR,upi,KOTAK,captured,none,0,none,25.2,21,3,0,0,11.8,0,0,desktop_chrome,Delhi NCR,Delhi NCR,2026-08-06T21:44:14.124880
pay_c49349dea4204d,mer_1034,cust_20011,3750.28,INR,upi,ICICI,captured,none,0,none,28.2,21,3,0,0,6.82,0,0,desktop_safari,Mumbai,Mumbai,2026-08-06T21:54:16.124880
pay_dcc8c891646449,mer_1035,cust_20562,79001.35,INR,wallet,ICICI,captured,none,0,none,31.6,22,3,0,0,53.77,0,0,mobile_ios,Hyderabad,Hyderabad,2026-08-06T22:18:14.124880
pay_46a8ecc5e29d4e,mer_1037,cust_20419,2835.83,INR,wallet,HDFC,captured,none,0,none,18.9,22,3,0,0,0.56,0,0,desktop_safari,Kochi,Kochi,2026-08-06T22:18:51.124880
pay_6c1be8d417624d,mer_1023,cust_20001,2367.18,INR,upi,ICICI,captured,none,0,none,9.8,22,3,0,0,2.34,0,0,desktop_chrome,Chennai,Chennai,2026-08-06T22:26:31.124880
pay_aadb528e158d44,mer_1001,cust_20259,227.46,INR,upi,SBI,captured,none,0,none,8.5,22,3,0,0,0.29,0,0,mobile_ios,Jaipur,Jaipur,2026-08-06T22:34:55.124880
pay_a938e78611014b,mer_1027,cust_20387,3460.12,INR,upi,ICICI,captured,none,0,none,34.2,22,3,0,0,3.55,340,0,desktop_chrome,Bengaluru,Jaipur,2026-08-06T22:50:24.124880
pay_b2bf166b30f84e,mer_1034,cust_20540,1722.41,INR,upi,ICICI,captured,none,0,none,8.8,22,3,0,0,1.07,0,0,desktop_chrome,Delhi NCR,Delhi NCR,2026-08-06T22:51:39.124880
pay_d00aaaeab84f4d,mer_1017,cust_20271,1933.93,INR,wallet,SBI,captured,none,0,none,12.3,22,3,0,0,0.94,0,0,desktop_chrome,Kochi,Kochi,2026-08-06T22:55:05.124880
pay_ff5f1a33394048,mer_1016,cust_20450,18600.48,INR,card_credit,HDFC,captured,none,0,none,33.2,22,3,0,0,9.05,0,0,mobile_android,Delhi NCR,Delhi NCR,2026-08-06T22:59:46.124880
pay_4039a4f9c17b48,mer_1037,cust_20532,3206.71,INR,upi,ICICI,captured,none,0,none,9.9,23,3,0,0,2.58,0,0,mobile_ios,Kolkata,Kolkata,2026-08-06T23:27:24.124880
pay_0b66b2e605aa46,mer_1001,cust_20328,2138.89,INR,upi,SBI,captured,none,0,none,7.8,23,3,0,1,0.76,0,0,desktop_chrome,Delhi NCR,Delhi NCR,2026-08-06T23:39:36.124880
pay_beb2ae351ebc4a,mer_1027,cust_20129,2861.22,INR,card_debit,SBI,captured,none,0,none,8.0,23,3,0,0,1.98,0,0,mobile_android,Kochi,Kochi,2026-08-06T23:53:19.124880
pay_0eb0b0b0d0ca40,mer_1013,cust_20378,47591.26,INR,card_credit,ICICI,captured,none,0,none,50.6,23,3,0,1,21.64,0,1,desktop_safari,Ahmedabad,Ahmedabad,2026-08-06T23:54:53.124880
pay_6f2a843b0a4e42,mer_1039,cust_20414,29326.04,INR,netbanking,ICICI,captured,none,0,none,27.9,0,4,0,0,8.05,0,0,desktop_windows,Kochi,Kochi,2026-08-07T00:03:45.124880
pay_9f02afdc105c48,mer_1028,cust_20254,7617.84,INR,upi,KOTAK,captured,none,0,none,39.9,0,4,0,0,6.06,0,0,desktop_safari,Hyderabad,Hyderabad,2026-08-07T00:10:22.124880
pay_608d792d87664f,mer_1033,cust_20334,4379.78,INR,netbanking,PAYTM_BANK,captured,none,0,none,11.0,0,4,0,0,1.77,0,0,desktop_chrome,Bengaluru,Bengaluru,2026-08-07T00:17:20.124880
pay_94813b14e38040,mer_1040,cust_20028,19225.63,INR,card_credit,HDFC,captured,none,0,none,29.3,0,4,0,0,45.32,0,0,desktop_safari,Hyderabad,Hyderabad,2026-08-07T00:18:25.124880
pay_7596d77476d347,mer_1016,cust_20017,8001.68,INR,upi,HDFC,captured,none,0,none,39.2,0,4,0,0,8.65,0,0,desktop_safari,Hyderabad,Hyderabad,2026-08-07T00:18:45.124880
pay_3cffb68ef28044,mer_1029,cust_20169,1576.76,INR,upi,SBI,captured,none,0,none,5.1,0,4,0,0,0.73,0,0,desktop_windows,Hyderabad,Hyderabad,2026-08-07T00:39:28.124880
pay_27264ecff5ab41,mer_1022,cust_20323,3831.95,INR,card_debit,SBI,captured,none,0,none,19.2,0,4,0,0,1.85,0,0,desktop_safari,Kolkata,Kolkata,2026-08-07T00:39:53.124880
pay_ac4fa76e98294b,mer_1003,cust_20465,2026.61,INR,card_credit,PAYTM_BANK,captured,none,0,none,6.6,0,4,0,0,0.36,0,0,desktop_safari,Bengaluru,Bengaluru,2026-08-07T00:47:45.124880
pay_6d7886b3117945,mer_1025,cust_20561,5078.97,INR,upi,ICICI,captured,none,0,none,26.7,0,4,0,0,8.3,0,0,desktop_chrome,Hyderabad,Hyderabad,2026-08-07T00:55:52.124880
pay_79d81c6ca69443,mer_1037,cust_20175,544.0,INR,upi,HDFC,captured,none,0,none,15.5,1,4,0,0,0.54,0,0,mobile_ios,Hyderabad,Hyderabad,2026-08-07T01:25:41.124880
pay_6aebe4c30d7f41,mer_1036,cust_20268,42745.57,INR,card_credit,ICICI,captured,none,0,none,41.4,1,4,0,0,29.69,0,0,mobile_android,Ahmedabad,Ahmedabad,2026-08-07T01:32:48.124880
pay_f9f35543f77444,mer_1027,cust_20048,2253.14,INR,netbanking,ICICI,captured,none,0,none,36.5,1,4,0,1,3.84,0,0,mobile_ios,Bengaluru,Bengaluru,2026-08-07T01:45:06.124880
pay_4548efb10a7444,mer_1001,cust_20327,3300.04,INR,netbanking,SBI,captured,none,0,none,47.0,2,4,0,0,11.0,0,0,mobile_android,Pune,Pune,2026-08-07T02:10:08.124880
pay_595c784869ef48,mer_1035,cust_20515,43496.54,INR,upi,HDFC,captured,none,0,none,44.4,2,4,0,0,144.99,0,0,mobile_ios,Jaipur,Jaipur,2026-08-07T02:25:02.124880
pay_f2fd79bbc4b44b,mer_1003,cust_20540,736.55,INR,upi,HDFC,captured,none,0,none,26.8,2,4,0,1,0.46,1766,0,desktop_chrome,Delhi NCR,Bengaluru,2026-08-07T02:36:55.124880
pay_5970d137adcd41,mer_1008,cust_20089,32885.81,INR,upi,ICICI,captured,none,0,none,47.4,2,4,0,0,15.69,0,0,desktop_chrome,Ahmedabad,Ahmedabad,2026-08-07T02:41:37.124880
pay_093dd1798cd342,mer_1022,cust_20566,2405.67,INR,upi,KOTAK,captured,none,0,none,41.8,3,4,0,0,0.56,0,1,desktop_windows,Chennai,Chennai,2026-08-07T03:00:05.124880
pay_533e9f0fc34648,mer_1040,cust_20248,38839.52,INR,upi,SBI,captured,none,0,none,38.3,3,4,0,0,44.03,0,0,mobile_android,Kolkata,Kolkata,2026-08-07T03:04:19.124880
pay_e50cb9c7859a44,mer_1019,cust_20499,2081.54,INR,upi,HDFC,captured,none,0,none,26.6,3,4,0,0,1.08,0,0,mobile_android,Pune,Pune,2026-08-07T03:32:47.124880
pay_ef3a0cec88634b,mer_1012,cust_20267,37780.63,INR,upi,SBI,failed,issuer_bank_down,0,none,40.4,3,4,0,0,17.74,0,0,mobile_ios,Kochi,Kochi,2026-08-07T03:40:27.124880
pay_31aac247a95f4f,mer_1038,cust_20562,43223.65,INR,upi,SBI,captured,none,0,none,45.3,3,4,0,1,29.42,0,0,desktop_safari,Hyderabad,Hyderabad,2026-08-07T03:41:14.124880
pay_1c9bd07900474e,mer_1025,cust_20113,59025.31,INR,card_credit,HDFC,captured,none,0,none,41.0,3,4,0,0,106.25,0,0,mobile_android,Kolkata,Kolkata,2026-08-07T03:43:41.124880
pay_3257c535ccc344,mer_1027,cust_20547,3993.4,INR,netbanking,HDFC,captured,none,0,none,15.8,4,4,0,0,1.94,0,0,desktop_windows,Bengaluru,Bengaluru,2026-08-07T04:02:03.124880
pay_8fc08fed3e354e,mer_1025,cust_20259,29252.31,INR,upi,KOTAK,captured,none,0,none,41.8,4,4,0,1,37.75,0,0,desktop_chrome,Jaipur,Jaipur,2026-08-07T04:21:42.124880
pay_34cf80dd5c264b,mer_1012,cust_20166,32239.66,INR,card_debit,KOTAK,captured,none,0,none,44.5,4,4,0,0,64.46,0,0,desktop_chrome,Ahmedabad,Ahmedabad,2026-08-07T04:26:24.124880
pay_999fc93d09c448,mer_1033,cust_20463,2753.98,INR,upi,KOTAK,captured,none,0,none,16.2,4,4,0,0,1.43,0,0,desktop_safari,Pune,Pune,2026-08-07T04:36:57.124880
pay_acb1d304730941,mer_1017,cust_20459,214.44,INR,upi,ICICI,captured,none,0,none,24.5,4,4,0,1,0.1,0,0,desktop_safari,Kolkata,Kolkata,2026-08-07T04:47:23.124880
pay_05cf5c03a4394b,mer_1039,cust_20425,40095.2,INR,card_credit,HDFC,captured,none,0,none,43.4,4,4,0,0,11.49,0,0,mobile_android,Hyderabad,Hyderabad,2026-08-07T04:52:29.124880
pay_7c0e727a0ce342,mer_1017,cust_20519,174.41,INR,upi,ICICI,captured,none,0,none,17.6,4,4,0,0,0.12,0,0,mobile_ios,Bengaluru,Bengaluru,2026-08-07T04:58:58.124880
pay_5db66dc157a348,mer_1031,cust_20427,67.04,INR,upi,AXIS,failed,risk_blocked,1,card_testing,79.4,5,4,0,0,0.03,0,0,desktop_chrome,Hyderabad,Hyderabad,2026-08-07T05:12:23.124880
pay_9d02893a51ca45,mer_1010,cust_20334,4010.17,INR,upi,ICICI,captured,none,0,none,10.2,5,4,0,1,1.62,0,0,mobile_android,Bengaluru,Bengaluru,2026-08-07T05:13:07.124880
pay_c91656cfd02040,mer_1001,cust_20590,889.57,INR,card_credit,HDFC,captured,none,0,none,12.5,5,4,0,0,0.21,0,0,desktop_safari,Pune,Pune,2026-08-07T05:21:43.124880
pay_9764a63c033f4b,mer_1004,cust_20523,21784.26,INR,netbanking,SBI,captured,none,0,none,37.8,5,4,0,1,26.24,1114,0,desktop_safari,Kolkata,Delhi NCR,2026-08-07T05:27:00.124880
pay_259b0c3ee94443,mer_1040,cust_20217,30394.94,INR,upi,KOTAK,captured,none,0,none,35.8,5,4,0,1,33.29,0,0,mobile_ios,Delhi NCR,Delhi NCR,2026-08-07T05:33:00.124880
pay_570bf8d8e6cc47,mer_1029,cust_20299,2561.16,INR,upi,SBI,captured,none,0,none,36.3,5,4,0,0,4.89,0,0,desktop_chrome,Chennai,Chennai,2026-08-07T05:41:28.124880
pay_a21cd55e112a47,mer_1038,cust_20155,25008.57,INR,wallet,HDFC,captured,none,0,none,48.3,6,4,0,0,5.26,1151,0,desktop_safari,Pune,Kolkata,2026-08-07T06:08:00.124880
pay_1302929904194e,mer_1027,cust_20517,3867.46,INR,upi,AXIS,captured,none,0,none,7.9,6,4,0,1,1.19,0,0,desktop_safari,Jaipur,Jaipur,2026-08-07T06:10:13.124880
pay_574ce19a71eb46,mer_1026,cust_20127,16125.62,INR,netbanking,SBI,captured,none,0,none,48.0,6,4,0,0,13.49,0,1,mobile_ios,Kolkata,Kolkata,2026-08-07T06:26:17.124880
pay_4c02bbaec23949,mer_1013,cust_20205,51601.15,INR,upi,HDFC,captured,none,0,none,31.4,6,4,0,0,58.01,0,0,mobile_android,Bengaluru,Bengaluru,2026-08-07T06:29:19.124880
pay_2267ab7d1e324f,mer_1035,cust_20060,20665.75,INR,card_debit,AXIS,captured,none,0,none,36.6,6,4,0,0,9.32,0,0,desktop_chrome,Ahmedabad,Ahmedabad,2026-08-07T06:46:50.124880
pay_1b253c919f074b,mer_1016,cust_20577,28603.07,INR,upi,KOTAK,captured,none,0,none,32.5,7,4,0,0,14.53,0,0,desktop_windows,Ahmedabad,Ahmedabad,2026-08-07T07:02:02.124880
pay_b6caebfa230e4d,mer_1012,cust_20242,12363.83,INR,card_credit,ICICI,captured,none,0,none,33.3,7,4,0,0,7.55,0,0,mobile_ios,Chennai,Chennai,2026-08-07T07:05:41.124880
pay_d30d192be60f44,mer_1039,cust_20135,18098.31,INR,upi,KOTAK,captured,none,0,none,25.6,7,4,0,0,6.49,0,0,desktop_safari,Hyderabad,Hyderabad,2026-08-07T07:06:12.124880
pay_ad814f3d09fe4e,mer_1027,cust_20129,243.93,INR,upi,ICICI,captured,none,0,none,18.3,7,4,0,1,0.17,0,0,desktop_windows,Kochi,Kochi,2026-08-07T07:07:03.124880
pay_ef825d64581e43,mer_1005,cust_20039,48337.55,INR,card_credit,SBI,captured,none,0,none,31.3,7,4,0,1,45.29,0,0,desktop_safari,Delhi NCR,Delhi NCR,2026-08-07T07:09:04.124880
pay_4c41b057fb224e,mer_1006,cust_20401,35662.47,INR,card_credit,AXIS,captured,none,0,none,39.2,7,4,0,0,9.4,1114,0,mobile_android,Delhi NCR,Hyderabad,2026-08-07T07:19:51.124880
pay_62b1f71ccc4f46,mer_1013,cust_20593,33459.25,INR,upi,SBI,captured,none,0,none,39.8,7,4,0,0,5.01,0,0,desktop_safari,Bengaluru,Bengaluru,2026-08-07T07:20:20.124880
pay_d8cc76cc4fee4b,mer_1019,cust_20505,4383.29,INR,upi,AXIS,captured,none,0,none,6.8,7,4,0,0,2.15,0,0,desktop_windows,Ahmedabad,Ahmedabad,2026-08-07T07:32:30.124880
pay_162491380fe047,mer_1022,cust_20179,952.59,INR,upi,AXIS,captured,none,0,none,8.7,7,4,0,0,0.39,0,0,desktop_chrome,Bengaluru,Bengaluru,2026-08-07T07:46:19.124880
pay_9f54ad995dc747,mer_1019,cust_20502,1042.78,INR,card_debit,ICICI,captured,none,0,none,12.1,7,4,0,0,0.72,0,0,desktop_chrome,Kochi,Kochi,2026-08-07T07:49:55.124880
pay_48586144b13645,mer_1037,cust_20178,2111.49,INR,card_credit,HDFC,captured,none,0,none,14.7,7,4,0,0,0.4,0,0,mobile_ios,Mumbai,Mumbai,2026-08-07T07:57:39.124880
pay_33abaf7cea1140,mer_1002,cust_20287,22188.97,INR,card_debit,ICICI,captured,none,0,none,41.7,8,4,0,0,11.4,1681,0,mobile_android,Chennai,Ahmedabad,2026-08-07T08:35:33.124880
pay_de213987909f48,mer_1010,cust_20098,2081.57,INR,card_credit,HDFC,captured,none,0,none,10.6,8,4,0,0,0.62,0,0,desktop_chrome,Mumbai,Mumbai,2026-08-07T08:36:24.124880
pay_c7293cf343a547,mer_1027,cust_20595,313.49,INR,upi,HDFC,captured,none,0,none,7.6,8,4,0,0,0.3,0,0,mobile_ios,Kochi,Kochi,2026-08-07T08:55:57.124880
pay_5370149c01914b,mer_1025,cust_20056,92331.42,INR,card_credit,HDFC,captured,none,0,none,38.6,9,4,0,0,177.55,0,0,mobile_ios,Delhi NCR,Delhi NCR,2026-08-07T09:07:10.124880
pay_0aec408d9eba44,mer_1010,cust_20195,1119.49,INR,upi,HDFC,captured,none,0,none,14.1,9,4,0,0,0.44,0,0,desktop_chrome,Chennai,Chennai,2026-08-07T09:10:44.124880
pay_59a169dc670642,mer_1037,cust_20371,3613.13,INR,upi,HDFC,captured,none,0,none,7.4,9,4,0,0,1.74,0,0,desktop_chrome,Kolkata,Kolkata,2026-08-07T09:15:31.124880
pay_170af8dc25a145,mer_1027,cust_20232,2346.61,INR,upi,ICICI,captured,none,0,none,19.6,9,4,0,0,0.3,0,0,mobile_ios,Kolkata,Kolkata,2026-08-07T09:19:06.124880
pay_48e76abc8ed746,mer_1025,cust_20491,39908.39,INR,wallet,HDFC,captured,none,0,none,36.2,9,4,0,0,4.1,1340,0,mobile_ios,Ahmedabad,Pune,2026-08-07T09:34:05.124880
pay_e4dd8dc5afcf49,mer_1020,cust_20594,20979.97,INR,upi,ICICI,captured,none,0,none,36.5,9,4,0,0,14.5,0,0,desktop_windows,Pune,Pune,2026-08-07T09:37:40.124880
pay_3b7886b3d75945,mer_1011,cust_20404,26229.04,INR,wallet,HDFC,captured,none,0,none,35.9,9,4,0,0,14.02,0,0,desktop_windows,Chennai,Chennai,2026-08-07T09:48:41.124880
pay_37d5faa320984d,mer_1016,cust_20102,62435.12,INR,upi,HDFC,captured,none,0,none,39.6,10,4,0,0,26.22,1631,0,mobile_ios,Pune,Delhi NCR,2026-08-07T10:26:50.124880
pay_a17d49d03a8643,mer_1027,cust_20451,4577.13,INR,upi,KOTAK,failed,issuer_bank_down,0,none,14.0,10,4,0,0,2.88,0,0,desktop_chrome,Bengaluru,Bengaluru,2026-08-07T10:27:27.124880
pay_15136c1b69a343,mer_1020,cust_20326,25863.81,INR,card_credit,ICICI,captured,none,0,none,46.0,10,4,0,0,9.96,0,1,mobile_android,Jaipur,Jaipur,2026-08-07T10:29:14.124880
pay_830f68c973a842,mer_1006,cust_20473,24694.26,INR,upi,HDFC,captured,none,0,none,36.3,10,4,0,0,18.17,1075,0,mobile_ios,Bengaluru,Delhi NCR,2026-08-07T10:35:17.124880
pay_424c1cedfdb945,mer_1011,cust_20031,21659.82,INR,netbanking,PAYTM_BANK,captured,none,0,none,37.8,11,4,0,0,12.0,0,0,mobile_android,Kolkata,Kolkata,2026-08-07T11:07:45.124880
pay_def6f441bee943,mer_1021,cust_20298,67189.88,INR,card_debit,AXIS,captured,none,0,none,29.2,11,4,0,1,104.63,0,0,mobile_ios,Kochi,Kochi,2026-08-07T11:10:25.124880
pay_6a32cd6ad6b745,mer_1018,cust_20177,12264.45,INR,upi,SBI,captured,none,0,none,29.1,11,4,0,0,14.66,0,0,desktop_safari,Delhi NCR,Delhi NCR,2026-08-07T11:16:13.124880
pay_ce81065e41494b,mer_1034,cust_20150,393.88,INR,upi,KOTAK,captured,none,0,none,8.4,11,4,0,0,0.05,0,0,mobile_android,Chennai,Chennai,2026-08-07T11:18:27.124880
pay_0fb5916f209446,mer_1039,cust_20357,25748.53,INR,upi,SBI,captured,none,0,none,29.9,11,4,0,0,29.72,0,0,desktop_chrome,Mumbai,Mumbai,2026-08-07T11:42:00.124880
pay_95f6c04fdfdf44,mer_1015,cust_20101,1591.34,INR,netbanking,SBI,captured,none,0,none,29.7,11,4,0,0,1.31,1745,0,desktop_chrome,Pune,Bengaluru,2026-08-07T11:49:22.124880
pay_0ce4da59d5d840,mer_1007,cust_20230,43040.3,INR,card_credit,HDFC,captured,none,0,none,25.7,11,4,0,0,93.73,0,0,mobile_android,Hyderabad,Hyderabad,2026-08-07T11:57:36.124880
pay_b8454506a0b24e,mer_1031,cust_20549,33825.28,INR,upi,AXIS,failed,auth_timeout,0,none,34.5,12,4,0,0,28.97,0,0,desktop_windows,Mumbai,Mumbai,2026-08-07T12:14:13.124880
pay_ed5ca1a1404841,mer_1018,cust_20291,3959.42,INR,upi,AXIS,captured,none,0,none,35.0,12,4,0,0,4.06,0,0,desktop_windows,Pune,Pune,2026-08-07T12:16:05.124880
pay_fd14d1707e9548,mer_1033,cust_20369,3488.32,INR,upi,KOTAK,captured,none,0,none,5.3,12,4,0,0,0.45,0,0,desktop_chrome,Kolkata,Kolkata,2026-08-07T12:28:40.124880
pay_f3d293afaa264f,mer_1008,cust_20531,48464.98,INR,upi,ICICI,captured,none,0,none,30.3,12,4,0,0,55.19,0,0,desktop_chrome,Mumbai,Mumbai,2026-08-07T12:50:15.124880
pay_a143a06cdb1b47,mer_1039,cust_20359,24387.24,INR,upi,ICICI,captured,none,0,none,34.1,13,4,0,0,18.41,0,0,desktop_safari,Mumbai,Mumbai,2026-08-07T13:00:56.124880
pay_79a2bd4ee10647,mer_1012,cust_20295,7254.15,INR,upi,KOTAK,captured,none,0,none,40.4,13,4,0,0,15.64,0,1,desktop_safari,Delhi NCR,Delhi NCR,2026-08-07T13:12:10.124880
pay_0714b18f8c3045,mer_1035,cust_20056,7972.57,INR,upi,AXIS,captured,none,0,none,36.7,13,4,0,1,15.33,0,0,desktop_safari,Delhi NCR,Delhi NCR,2026-08-07T13:14:52.124880
pay_bf7f987a1a0d46,mer_1011,cust_20215,16737.65,INR,upi,HDFC,captured,none,0,none,46.4,13,4,0,0,28.99,0,1,mobile_ios,Jaipur,Jaipur,2026-08-07T13:21:27.124880
pay_5f0f81706ca449,mer_1030,cust_20119,19791.32,INR,wallet,HDFC,captured,none,0,none,35.5,13,4,0,0,6.4,0,0,mobile_ios,Kolkata,Kolkata,2026-08-07T13:37:19.124880
pay_a9aea46e0d3b41,mer_1017,cust_20185,2456.01,INR,netbanking,HDFC,captured,none,0,none,39.7,13,4,0,0,0.5,529,1,desktop_windows,Chennai,Pune,2026-08-07T13:44:33.124880
pay_dd4e755a63a84d,mer_1030,cust_20068,11407.14,INR,card_credit,SBI,captured,none,0,none,28.4,13,4,0,0,5.81,0,0,desktop_windows,Chennai,Chennai,2026-08-07T13:55:13.124880
pay_5a3b4f178f5f43,mer_1001,cust_20589,3792.6,INR,upi,SBI,captured,none,0,none,11.9,14,4,0,0,0.95,0,0,desktop_windows,Jaipur,Jaipur,2026-08-07T14:00:17.124880
pay_2a2fdea2759b44,mer_1023,cust_20465,5039.58,INR,upi,ICICI,captured,none,0,none,18.3,14,4,0,1,0.9,0,0,mobile_ios,Bengaluru,Bengaluru,2026-08-07T14:15:20.124880
pay_e123917d0f5947,mer_1005,cust_20246,4133.56,INR,card_credit,HDFC,captured,none,0,none,9.2,14,4,0,0,1.72,0,0,mobile_android,Hyderabad,Hyderabad,2026-08-07T14:19:34.124880
pay_a6c436877f5142,mer_1034,cust_20296,800.66,INR,card_credit,AXIS,captured,none,0,none,12.9,14,4,0,0,0.61,0,0,mobile_ios,Pune,Pune,2026-08-07T14:27:35.124880
pay_252b834d679c4f,mer_1021,cust_20486,67399.08,INR,upi,SBI,captured,none,0,none,38.2,14,4,0,2,49.86,0,0,mobile_android,Chennai,Chennai,2026-08-07T14:31:25.124880
pay_b91427eb80f341,mer_1034,cust_20211,1438.08,INR,upi,HDFC,refunded,customer_return,0,none,39.9,14,4,0,0,3.64,0,0,desktop_windows,Bengaluru,Bengaluru,2026-08-07T14:42:07.124880
pay_55d26343ff7940,mer_1039,cust_20215,24257.69,INR,upi,ICICI,captured,none,0,none,33.1,14,4,0,1,42.01,0,0,desktop_chrome,Jaipur,Jaipur,2026-08-07T14:54:05.124880
pay_1d43e067aaf94c,mer_1013,cust_20455,23438.54,INR,card_credit,PAYTM_BANK,captured,none,0,none,33.6,14,4,0,0,17.37,0,0,mobile_ios,Hyderabad,Hyderabad,2026-08-07T14:58:59.124880
pay_982a09e49b5a45,mer_1026,cust_20174,26945.78,INR,upi,ICICI,captured,none,0,none,32.6,14,4,0,0,7.26,0,0,mobile_android,Hyderabad,Hyderabad,2026-08-07T14:59:13.124880
pay_067deac7fda546,mer_1009,cust_20210,8831.02,INR,netbanking,ICICI,captured,none,0,none,29.8,15,4,0,0,16.66,0,0,mobile_ios,Bengaluru,Bengaluru,2026-08-07T15:00:48.124880
pay_9a9a05fbfcb94f,mer_1009,cust_20548,91700.41,INR,upi,ICICI,captured,none,0,none,26.5,15,4,0,0,21.42,0,0,desktop_chrome,Hyderabad,Hyderabad,2026-08-07T15:01:46.124880
pay_4019c19a058a47,mer_1016,cust_20222,3220.44,INR,card_credit,ICICI,captured,none,0,none,13.6,15,4,0,0,2.76,0,0,desktop_safari,Bengaluru,Bengaluru,2026-08-07T15:24:02.124880
pay_06eaceea0a5240,mer_1005,cust_20442,87141.57,INR,card_credit,PAYTM_BANK,captured,none,0,none,27.9,15,4,0,0,90.53,0,0,desktop_windows,Jaipur,Jaipur,2026-08-07T15:26:10.124880
pay_01e23a309f784e,mer_1004,cust_20236,35224.7,INR,upi,SBI,captured,none,0,none,25.8,15,4,0,0,62.41,0,0,mobile_ios,Mumbai,Mumbai,2026-08-07T15:26:45.124880
pay_bc322487d5a54c,mer_1001,cust_20294,728.18,INR,wallet,ICICI,captured,none,0,none,11.5,15,4,0,0,0.5,0,0,desktop_chrome,Kochi,Kochi,2026-08-07T15:39:43.124880
pay_98463c60ca0441,mer_1018,cust_20490,11189.03,INR,upi,ICICI,captured,none,0,none,30.8,15,4,0,0,8.21,0,0,mobile_ios,Delhi NCR,Delhi NCR,2026-08-07T15:48:05.124880
pay_54450b9627604b,mer_1029,cust_20123,2869.95,INR,upi,AXIS,captured,none,0,none,23.5,16,4,0,0,1.35,0,1,desktop_chrome,Bengaluru,Bengaluru,2026-08-07T16:00:44.124880
pay_f1ed36e4956c45,mer_1021,cust_20012,54161.62,INR,netbanking,ICICI,captured,none,0,none,29.2,16,4,0,0,124.04,0,0,desktop_windows,Kolkata,Kolkata,2026-08-07T16:07:29.124880
pay_5671f417f1874d,mer_1028,cust_20335,16134.76,INR,wallet,ICICI,captured,none,0,none,29.7,16,4,0,0,12.18,0,0,desktop_safari,Hyderabad,Hyderabad,2026-08-07T16:08:10.124880
pay_86d584a9a2d74c,mer_1004,cust_20371,48749.29,INR,netbanking,PAYTM_BANK,captured,none,0,none,35.9,16,4,0,1,23.46,0,0,desktop_chrome,Kolkata,Kolkata,2026-08-07T16:10:04.124880
pay_b30db4533c8343,mer_1032,cust_20324,15436.68,INR,card_credit,SBI,failed,insufficient_funds,0,none,33.1,16,4,0,0,17.08,0,0,mobile_android,Hyderabad,Hyderabad,2026-08-07T16:15:28.124880
pay_6f99a5c4479e4a,mer_1025,cust_20491,25793.11,INR,upi,HDFC,failed,insufficient_funds,0,none,5.6,16,4,0,1,2.65,0,0,desktop_windows,Ahmedabad,Ahmedabad,2026-08-07T16:17:42.124880
pay_c4f1f396475d41,mer_1019,cust_20423,3008.99,INR,upi,ICICI,refunded,customer_return,0,none,39.9,16,4,0,0,4.06,0,0,desktop_windows,Pune,Pune,2026-08-07T16:18:20.124880
pay_9369b988483945,mer_1036,cust_20595,16773.51,INR,card_credit,AXIS,captured,none,0,none,36.1,16,4,0,1,16.04,0,0,mobile_ios,Kochi,Kochi,2026-08-07T16:32:51.124880
pay_d081f602d79444,mer_1006,cust_20520,8425.52,INR,upi,SBI,captured,none,0,none,5.3,16,4,0,0,2.4,0,0,desktop_chrome,Ahmedabad,Ahmedabad,2026-08-07T16:41:33.124880
pay_c41bbac1b5c74c,mer_1016,cust_20112,86771.84,INR,upi,HDFC,captured,none,0,none,49.6,17,4,0,0,38.84,675,0,desktop_safari,Pune,Ahmedabad,2026-08-07T17:14:36.124880
pay_b9a015013d8e40,mer_1025,cust_20194,8507.4,INR,card_debit,AXIS,captured,none,0,none,32.1,17,4,0,0,12.16,0,0,mobile_ios,Hyderabad,Hyderabad,2026-08-07T17:33:37.124880
pay_a0bb9e52d34b45,mer_1011,cust_20371,18354.95,INR,upi,ICICI,captured,none,0,none,36.4,17,4,0,2,8.83,0,0,desktop_safari,Kolkata,Kolkata,2026-08-07T17:37:33.124880
pay_b847842613ba4e,mer_1017,cust_20316,687.96,INR,upi,SBI,captured,none,0,none,15.2,17,4,0,0,0.97,0,0,mobile_ios,Kochi,Kochi,2026-08-07T17:40:09.124880
pay_0712e494b34b4e,mer_1032,cust_20161,39462.39,INR,card_debit,ICICI,captured,none,0,none,29.6,17,4,0,0,23.48,0,0,desktop_chrome,Pune,Pune,2026-08-07T17:50:11.124880
pay_713bfc24357c49,mer_1001,cust_20589,4890.0,INR,card_credit,ICICI,captured,none,0,none,17.6,17,4,0,1,1.23,0,0,desktop_windows,Jaipur,Jaipur,2026-08-07T17:54:49.124880
pay_fb5c892a128544,mer_1033,cust_20507,2185.83,INR,card_credit,SBI,captured,none,0,none,38.9,18,4,0,0,3.9,0,0,desktop_safari,Bengaluru,Bengaluru,2026-08-07T18:08:03.124880
pay_af6021a7a73846,mer_1029,cust_20544,2033.47,INR,upi,HDFC,captured,none,0,none,11.6,18,4,0,0,1.29,0,0,desktop_safari,Kochi,Kochi,2026-08-07T18:17:09.124880
pay_eaca4b2946244b,mer_1030,cust_20443,69503.5,INR,upi,KOTAK,captured,none,0,none,44.7,18,4,0,0,103.33,1381,0,desktop_chrome,Ahmedabad,Mumbai,2026-08-07T18:21:10.124880
pay_0c122baba7114d,mer_1014,cust_20116,27926.06,INR,upi,AXIS,captured,none,0,none,41.5,18,4,0,0,16.53,1011,0,desktop_safari,Pune,Chennai,2026-08-07T18:37:26.124880
pay_6f52b53934494f,mer_1014,cust_20426,43381.0,INR,upi,SBI,captured,none,0,none,39.2,18,4,0,1,20.0,0,0,mobile_android,Jaipur,Jaipur,2026-08-07T18:44:08.124880
pay_fcaaf7a353b340,mer_1004,cust_20139,37215.55,INR,wallet,PAYTM_BANK,failed,insufficient_funds,0,none,34.3,18,4,0,0,54.51,0,0,desktop_chrome,Jaipur,Jaipur,2026-08-07T18:51:09.124880
pay_573686d8b0594c,mer_1040,cust_20552,8173.6,INR,upi,AXIS,captured,none,0,none,35.6,19,4,0,0,7.2,0,0,desktop_chrome,Kochi,Kochi,2026-08-07T19:00:27.124880
pay_701d67e0fe2b45,mer_1031,cust_20400,140.47,INR,netbanking,KOTAK,failed,risk_blocked,1,card_testing,98.0,19,4,0,1,0.27,0,0,mobile_ios,Mumbai,Mumbai,2026-08-07T19:09:20.124880
pay_e3b891069a3944,mer_1022,cust_20221,1038.68,INR,card_debit,SBI,captured,none,0,none,38.2,19,4,0,0,3.46,0,0,mobile_ios,Kolkata,Kolkata,2026-08-07T19:46:55.124880
pay_37f7c2df61d147,mer_1032,cust_20062,50716.22,INR,netbanking,ICICI,failed,issuer_bank_down,0,none,31.4,19,4,0,0,18.94,0,0,desktop_safari,Pune,Pune,2026-08-07T19:47:27.124880
pay_edaa32a815d74a,mer_1040,cust_20554,34745.58,INR,upi,SBI,captured,none,0,none,29.3,19,4,0,0,16.18,0,0,mobile_ios,Pune,Pune,2026-08-07T19:47:31.124880
pay_2e7633850c4249,mer_1024,cust_20048,7546.07,INR,upi,ICICI,captured,none,0,none,32.4,19,4,0,1,12.86,0,0,desktop_safari,Bengaluru,Bengaluru,2026-08-07T19:49:44.124880
pay_0c6eadd43d7742,mer_1027,cust_20295,567.83,INR,card_credit,HDFC,captured,none,0,none,10.1,20,4,0,1,1.22,0,0,mobile_android,Delhi NCR,Delhi NCR,2026-08-07T20:01:29.124880
pay_8a23813faa1041,mer_1012,cust_20353,5928.15,INR,upi,ICICI,captured,none,0,none,32.9,20,4,0,0,4.16,0,0,desktop_windows,Jaipur,Jaipur,2026-08-07T20:25:21.124880
pay_7b6ea7acb6994b,mer_1013,cust_20221,38840.05,INR,card_debit,SBI,captured,none,0,none,33.6,20,4,1,1,129.47,0,0,desktop_safari,Kolkata,Kolkata,2026-08-07T20:44:28.124880
pay_ff72879549a140,mer_1012,cust_20286,3407.33,INR,card_credit,HDFC,captured,none,0,none,13.6,21,4,0,0,2.44,0,0,desktop_windows,Mumbai,Mumbai,2026-08-07T21:06:16.124880
pay_a103e2bcb3ea4b,mer_1020,cust_20431,4941.45,INR,netbanking,HDFC,captured,none,0,none,33.9,21,4,0,0,4.44,0,0,desktop_windows,Bengaluru,Bengaluru,2026-08-07T21:07:38.124880
pay_598002ffbf0f4c,mer_1007,cust_20085,15748.1,INR,card_credit,HDFC,captured,none,0,none,31.5,21,4,0,0,5.85,0,0,mobile_android,Ahmedabad,Ahmedabad,2026-08-07T21:09:36.124880
pay_13bec753a48242,mer_1028,cust_20594,13066.46,INR,upi,HDFC,captured,none,0,none,38.3,21,4,0,1,9.03,0,0,desktop_safari,Pune,Pune,2026-08-07T21:30:54.124880
pay_851343ea19e94e,mer_1034,cust_20513,3250.44,INR,upi,HDFC,captured,none,0,none,38.1,21,4,0,0,3.59,0,0,desktop_chrome,Jaipur,Jaipur,2026-08-07T21:34:53.124880
pay_28522c6d9bf84e,mer_1031,cust_20140,19456.33,INR,card_credit,HDFC,captured,none,0,none,44.1,21,4,0,0,4.68,882,0,desktop_chrome,Kochi,Delhi NCR,2026-08-07T21:42:34.124880
pay_9449619cf63c4d,mer_1018,cust_20313,4383.68,INR,card_credit,SBI,captured,none,0,none,16.0,21,4,0,0,2.94,0,0,desktop_safari,Delhi NCR,Delhi NCR,2026-08-07T21:44:09.124880
pay_33de8b7d33b949,mer_1034,cust_20584,424.19,INR,card_debit,AXIS,captured,none,0,none,13.1,21,4,0,0,0.24,0,0,mobile_ios,Kolkata,Kolkata,2026-08-07T21:49:57.124880
pay_a66b396dd9514c,mer_1040,cust_20086,21752.19,INR,upi,HDFC,captured,none,0,none,26.5,22,4,0,0,22.21,0,0,desktop_windows,Ahmedabad,Ahmedabad,2026-08-07T22:08:08.124880
pay_98daa584e82848,mer_1021,cust_20498,4978.0,INR,upi,SBI,captured,none,0,none,19.2,22,4,0,0,1.72,1592,0,desktop_safari,Chennai,Mumbai,2026-08-07T22:14:31.124880
pay_e06badf613704b,mer_1016,cust_20468,36131.8,INR,upi,KOTAK,failed,auth_timeout,0,none,30.6,22,4,0,0,28.51,0,0,desktop_safari,Delhi NCR,Delhi NCR,2026-08-07T22:28:19.124880
pay_8d88925df7684c,mer_1005,cust_20082,26551.87,INR,upi,HDFC,captured,none,0,none,35.7,22,4,0,0,5.87,0,0,mobile_android,Kolkata,Kolkata,2026-08-07T22:30:24.124880
pay_1ce672e17eee45,mer_1030,cust_20282,144.37,INR,card_credit,HDFC,captured,none,1,card_testing,91.1,22,4,0,0,0.05,0,0,mobile_ios,Jaipur,Jaipur,2026-08-07T22:35:12.124880
pay_04ba8fdeb3554a,mer_1029,cust_20219,1742.52,INR,upi,HDFC,captured,none,0,none,7.3,23,4,0,0,0.74,0,0,mobile_android,Kolkata,Kolkata,2026-08-07T23:54:45.124880
pay_34643f39223d41,mer_1036,cust_20162,38801.98,INR,netbanking,HDFC,captured,none,0,none,41.4,0,5,0,0,20.46,1001,0,desktop_windows,Mumbai,Bengaluru,2026-08-08T00:26:50.124880
pay_1b5f348f8fc44f,mer_1026,cust_20055,86870.2,INR,upi,SBI,captured,none,0,none,35.7,0,5,0,0,69.18,0,0,mobile_android,Hyderabad,Hyderabad,2026-08-08T00:34:00.124880
pay_f159393d373e4a,mer_1002,cust_20034,8226.91,INR,wallet,ICICI,captured,none,0,none,38.4,0,5,0,0,13.5,0,0,mobile_android,Kolkata,Kolkata,2026-08-08T00:38:25.124880
pay_6de3e56d1dba4a,mer_1027,cust_20060,2325.07,INR,card_debit,HDFC,captured,none,0,none,12.3,0,5,0,1,1.05,0,0,desktop_chrome,Ahmedabad,Ahmedabad,2026-08-08T00:40:08.124880
pay_02567fee175343,mer_1028,cust_20428,15667.33,INR,upi,ICICI,captured,none,0,none,48.0,1,5,0,0,16.39,0,0,desktop_safari,Pune,Pune,2026-08-08T01:09:41.124880
pay_f3fca631e30f42,mer_1004,cust_20397,34342.0,INR,card_credit,HDFC,captured,none,0,none,42.8,1,5,0,0,13.4,0,0,desktop_safari,Delhi NCR,Delhi NCR,2026-08-08T01:19:58.124880
pay_1463dc1246ed49,mer_1032,cust_20511,30075.85,INR,upi,HDFC,captured,none,0,none,40.0,1,5,0,0,40.54,0,0,desktop_windows,Bengaluru,Bengaluru,2026-08-08T01:20:58.124880
pay_7489a62e4e2847,mer_1032,cust_20044,32384.13,INR,card_credit,ICICI,captured,none,0,none,48.6,1,5,0,0,37.5,0,0,desktop_chrome,Ahmedabad,Ahmedabad,2026-08-08T01:36:10.124880
pay_0b4c267c672b4a,mer_1018,cust_20141,12886.34,INR,card_credit,KOTAK,captured,none,0,none,36.0,1,5,0,0,11.02,0,0,desktop_windows,Pune,Pune,2026-08-08T01:41:38.124880
pay_24945dbcfa664b,mer_1008,cust_20233,40398.99,INR,upi,ICICI,captured,none,0,none,41.2,1,5,0,0,41.25,0,0,desktop_windows,Chennai,Chennai,2026-08-08T01:55:19.124880
pay_e15bf47a5df544,mer_1037,cust_20518,3643.63,INR,upi,HDFC,captured,none,0,none,39.0,2,5,0,0,4.94,0,0,mobile_android,Delhi NCR,Delhi NCR,2026-08-08T02:52:13.124880
pay_cf2f667276f54f,mer_1028,cust_20369,14585.53,INR,card_credit,HDFC,captured,none,0,none,16.8,3,5,0,1,1.88,0,0,desktop_safari,Kolkata,Kolkata,2026-08-08T03:00:50.124880
pay_4223994ccafb40,mer_1030,cust_20086,34661.73,INR,upi,HDFC,captured,none,0,none,35.1,3,5,0,1,35.39,0,0,desktop_chrome,Ahmedabad,Ahmedabad,2026-08-08T03:01:37.124880
pay_83860897395845,mer_1029,cust_20485,774.04,INR,card_credit,HDFC,captured,none,0,none,21.4,3,5,0,0,0.42,0,0,desktop_safari,Delhi NCR,Delhi NCR,2026-08-08T03:14:06.124880
pay_92c152d55e9a4f,mer_1009,cust_20095,72194.84,INR,card_credit,HDFC,failed,auth_timeout,0,none,46.9,3,5,0,0,153.29,0,0,mobile_android,Kochi,Kochi,2026-08-08T03:20:50.124880
pay_7f685b82ffe64f,mer_1008,cust_20372,66982.25,INR,upi,KOTAK,captured,none,0,none,45.2,3,5,0,0,192.93,0,0,desktop_safari,Kolkata,Kolkata,2026-08-08T03:25:47.124880
pay_53ac63b5c50743,mer_1007,cust_20175,57538.35,INR,card_credit,HDFC,captured,none,0,none,43.1,3,5,0,0,57.21,0,0,desktop_safari,Hyderabad,Hyderabad,2026-08-08T03:44:48.124880
pay_296f78a7178543,mer_1006,cust_20181,38857.91,INR,card_credit,HDFC,captured,none,0,none,52.4,4,5,0,0,11.12,999,0,mobile_android,Ahmedabad,Hyderabad,2026-08-08T04:05:44.124880
pay_a7d51b5abca446,mer_1003,cust_20072,757.63,INR,card_debit,AXIS,captured,none,0,none,24.3,4,5,0,0,1.0,0,0,desktop_safari,Ahmedabad,Ahmedabad,2026-08-08T04:11:43.124880
pay_a2ac08d1a27541,mer_1040,cust_20109,44887.72,INR,upi,ICICI,captured,none,0,none,48.9,4,5,0,0,5.42,0,0,desktop_windows,Delhi NCR,Delhi NCR,2026-08-08T04:26:04.124880
pay_ba071bdedf4246,mer_1013,cust_20396,32111.25,INR,card_debit,HDFC,captured,none,0,none,37.7,4,5,0,0,14.44,0,0,mobile_ios,Jaipur,Jaipur,2026-08-08T04:40:00.124880
pay_7062f222be0c49,mer_1018,cust_20369,11498.32,INR,upi,ICICI,captured,none,0,none,43.6,4,5,0,2,1.48,0,1,desktop_safari,Kolkata,Kolkata,2026-08-08T04:44:34.124880
pay_f1a9dab87dd14c,mer_1036,cust_20510,22444.7,INR,netbanking,AXIS,captured,none,0,none,39.8,4,5,0,0,11.23,0,0,mobile_android,Mumbai,Mumbai,2026-08-08T04:52:17.124880
pay_c0169eac8d6e48,mer_1019,cust_20528,5492.6,INR,upi,PAYTM_BANK,captured,none,0,none,45.5,4,5,0,0,11.23,0,0,mobile_ios,Pune,Pune,2026-08-08T04:59:05.124880
pay_0bece09ba50747,mer_1021,cust_20425,70598.26,INR,upi,ICICI,failed,risk_blocked,1,account_takeover,83.6,5,5,0,0,20.24,0,1,desktop_chrome,Hyderabad,Hyderabad,2026-08-08T05:03:02.124880
pay_8b19b14396c34e,mer_1001,cust_20292,5154.82,INR,upi,AXIS,captured,none,0,none,33.7,5,5,0,0,3.39,0,0,mobile_ios,Jaipur,Jaipur,2026-08-08T05:04:06.124880
pay_8e53b624800e42,mer_1011,cust_20467,36004.39,INR,upi,ICICI,captured,none,0,none,29.9,5,5,0,0,8.33,0,0,mobile_android,Ahmedabad,Ahmedabad,2026-08-08T05:05:42.124880
pay_06cf0182e7ee4f,mer_1032,cust_20337,28601.37,INR,upi,HDFC,captured,none,0,none,25.0,5,5,0,0,79.29,0,0,desktop_chrome,Ahmedabad,Ahmedabad,2026-08-08T05:21:53.124880
pay_ba138bf0a42248,mer_1011,cust_20353,15886.73,INR,upi,HDFC,captured,none,0,none,26.2,5,5,0,1,11.16,0,0,desktop_chrome,Jaipur,Jaipur,2026-08-08T05:22:01.124880
pay_306a5609bff14c,mer_1029,cust_20567,2302.08,INR,upi,SBI,captured,none,0,none,12.7,5,5,0,0,2.94,0,0,desktop_windows,Mumbai,Mumbai,2026-08-08T05:25:57.124880
pay_1ec7a174b05e4e,mer_1023,cust_20095,722.24,INR,card_debit,HDFC,captured,none,0,none,10.0,5,5,0,1,1.53,0,0,mobile_android,Kochi,Kochi,2026-08-08T05:38:23.124880
pay_c45c472bd2a844,mer_1038,cust_20218,24688.64,INR,upi,SBI,captured,none,0,none,32.0,5,5,0,0,19.03,0,0,desktop_windows,Jaipur,Jaipur,2026-08-08T05:47:51.124880
pay_301510efd34a46,mer_1040,cust_20208,27291.72,INR,upi,KOTAK,captured,none,0,none,27.2,5,5,0,0,30.56,0,0,mobile_android,Chennai,Chennai,2026-08-08T05:56:36.124880
pay_f49eb0b2da774e,mer_1008,cust_20209,22248.79,INR,upi,SBI,captured,none,0,none,27.8,5,5,0,0,27.56,0,0,mobile_android,Hyderabad,Hyderabad,2026-08-08T05:59:36.124880
pay_4551a406550348,mer_1020,cust_20213,26776.02,INR,wallet,ICICI,captured,none,0,none,30.6,6,5,0,0,17.73,0,0,desktop_chrome,Bengaluru,Bengaluru,2026-08-08T06:02:25.124880
pay_541334efcb9746,mer_1027,cust_20566,3922.33,INR,card_debit,ICICI,captured,none,0,none,6.6,6,5,0,0,0.91,0,0,desktop_safari,Chennai,Chennai,2026-08-08T06:04:03.124880
pay_73aaae5bb13d40,mer_1029,cust_20564,65.57,INR,card_credit,AXIS,captured,none,1,card_testing,80.5,6,5,0,0,0.12,0,0,mobile_ios,Pune,Pune,2026-08-08T06:09:09.124880
pay_3763147d45084a,mer_1015,cust_20531,624.88,INR,upi,SBI,failed,issuer_bank_down,0,none,41.6,6,5,0,1,0.71,814,1,mobile_ios,Mumbai,Delhi NCR,2026-08-08T06:23:45.124880
pay_6d436982f69c4c,mer_1035,cust_20446,22169.11,INR,netbanking,ICICI,captured,none,0,none,32.6,6,5,0,0,5.68,0,0,mobile_android,Kochi,Kochi,2026-08-08T06:32:15.124880
pay_bc3ae13a3f034b,mer_1027,cust_20437,2197.24,INR,upi,ICICI,captured,none,0,none,17.8,6,5,0,0,1.01,0,0,desktop_windows,Pune,Pune,2026-08-08T06:53:54.124880
pay_1f76d7ceaefc42,mer_1037,cust_20472,5049.99,INR,upi,SBI,captured,none,0,none,5.0,6,5,0,0,2.01,0,0,desktop_safari,Chennai,Chennai,2026-08-08T06:54:33.124880
pay_8bbecdd2d2bb40,mer_1033,cust_20424,3205.23,INR,card_debit,ICICI,captured,none,0,none,5.2,7,5,0,0,1.38,0,0,mobile_android,Ahmedabad,Ahmedabad,2026-08-08T07:05:12.124880
pay_fa36994fe88043,mer_1025,cust_20409,63854.91,INR,card_debit,ICICI,captured,none,0,none,33.2,7,5,0,0,49.67,0,0,mobile_android,Delhi NCR,Delhi NCR,2026-08-08T07:19:46.124880
pay_b0617e6f75174e,mer_1018,cust_20387,7675.18,INR,upi,KOTAK,captured,none,0,none,39.9,7,5,0,0,7.88,0,0,mobile_ios,Bengaluru,Bengaluru,2026-08-08T07:34:19.124880
pay_3e44a729850041,mer_1029,cust_20009,262.25,INR,upi,HDFC,captured,none,0,none,28.0,7,5,0,0,0.24,0,1,desktop_windows,Bengaluru,Bengaluru,2026-08-08T07:41:59.124880
pay_07d5e6fa482848,mer_1030,cust_20565,62028.98,INR,card_credit,KOTAK,captured,none,0,none,38.8,7,5,0,0,16.85,0,0,desktop_chrome,Jaipur,Jaipur,2026-08-08T07:43:33.124880
pay_3ac1e9fb303b4c,mer_1030,cust_20139,21331.71,INR,upi,HDFC,captured,none,0,none,49.1,7,5,0,1,31.24,0,1,desktop_safari,Jaipur,Jaipur,2026-08-08T07:55:24.124880
pay_80b5746d563e44,mer_1037,cust_20488,3278.1,INR,card_credit,HDFC,captured,none,0,none,31.6,8,5,0,0,0.86,0,1,mobile_ios,Pune,Pune,2026-08-08T08:06:52.124880
pay_49cdbfa9558b49,mer_1016,cust_20450,75553.31,INR,upi,ICICI,captured,none,0,none,26.5,8,5,0,0,36.74,0,0,mobile_android,Delhi NCR,Delhi NCR,2026-08-08T08:19:58.124880
pay_78b0a1e4e17c4f,mer_1029,cust_20206,644.78,INR,card_credit,HDFC,captured,none,0,none,9.1,8,5,0,0,0.54,0,0,desktop_safari,Jaipur,Jaipur,2026-08-08T08:30:52.124880
pay_8ada3836c6b941,mer_1017,cust_20253,2110.41,INR,upi,HDFC,captured,none,0,none,12.9,8,5,0,0,0.46,0,0,desktop_chrome,Bengaluru,Bengaluru,2026-08-08T08:42:59.124880
pay_fa74872b884345,mer_1001,cust_20452,2392.56,INR,upi,SBI,captured,none,0,none,15.5,9,5,0,0,1.18,0,0,desktop_safari,Hyderabad,Hyderabad,2026-08-08T09:06:28.124880
pay_8d1b9e80195c46,mer_1033,cust_20325,828.57,INR,card_debit,ICICI,captured,none,0,none,7.6,9,5,0,0,0.57,0,0,desktop_chrome,Ahmedabad,Ahmedabad,2026-08-08T09:08:06.124880
pay_1dda796a31ab49,mer_1012,cust_20587,11697.73,INR,card_credit,PAYTM_BANK,failed,issuer_bank_down,0,none,36.6,9,5,0,0,21.06,0,0,mobile_android,Mumbai,Mumbai,2026-08-08T09:16:12.124880
pay_785e23cb42b14c,mer_1007,cust_20234,70311.3,INR,upi,ICICI,captured,none,0,none,35.0,9,5,0,0,105.07,0,0,mobile_ios,Delhi NCR,Delhi NCR,2026-08-08T09:33:54.124880
pay_6ef004cb656a43,mer_1039,cust_20538,27187.59,INR,upi,HDFC,captured,none,0,none,30.4,9,5,0,0,4.41,0,0,mobile_ios,Kolkata,Kolkata,2026-08-08T09:50:59.124880
pay_f6329fd57bef4a,mer_1024,cust_20510,4343.8,INR,upi,ICICI,captured,none,0,none,14.4,9,5,0,1,2.17,0,0,desktop_chrome,Mumbai,Mumbai,2026-08-08T09:52:43.124880
pay_deab391fc55a48,mer_1001,cust_20409,804.49,INR,upi,SBI,captured,none,0,none,13.5,9,5,0,1,0.63,0,0,mobile_android,Delhi NCR,Delhi NCR,2026-08-08T09:57:14.124880
pay_1bac55d46e2342,mer_1006,cust_20007,22079.38,INR,upi,HDFC,captured,none,0,none,32.1,10,5,0,0,19.62,0,0,desktop_chrome,Kochi,Kochi,2026-08-08T10:07:36.124880
pay_d6b41ad007b644,mer_1034,cust_20276,3688.99,INR,card_debit,HDFC,failed,auth_timeout,0,none,7.7,10,5,0,0,2.72,0,0,mobile_ios,Hyderabad,Hyderabad,2026-08-08T10:23:49.124880
pay_d1950703678442,mer_1009,cust_20349,50955.96,INR,card_credit,ICICI,captured,none,0,none,31.2,10,5,0,0,108.51,0,0,mobile_android,Kochi,Kochi,2026-08-08T10:24:55.124880
pay_95614cde567648,mer_1026,cust_20383,41507.06,INR,card_debit,KOTAK,captured,none,0,none,38.0,10,5,0,0,24.95,0,0,desktop_windows,Kochi,Kochi,2026-08-08T10:36:54.124880
pay_295945ec827540,mer_1032,cust_20096,2609.71,INR,upi,KOTAK,captured,none,0,none,39.7,10,5,0,0,5.94,983,0,mobile_ios,Ahmedabad,Bengaluru,2026-08-08T10:37:58.124880
pay_fa755fdaba2c4c,mer_1037,cust_20314,765.03,INR,card_debit,ICICI,captured,none,0,none,15.1,10,5,0,0,2.01,0,0,desktop_chrome,Delhi NCR,Delhi NCR,2026-08-08T10:40:02.124880
pay_cf0d3adf228f47,mer_1017,cust_20082,492.71,INR,upi,ICICI,captured,none,0,none,13.4,10,5,0,1,0.11,0,0,desktop_windows,Kolkata,Kolkata,2026-08-08T10:51:59.124880
pay_73bc2aecfc8847,mer_1021,cust_20578,19544.54,INR,netbanking,HDFC,captured,none,0,none,28.4,11,5,0,0,13.37,0,0,desktop_windows,Delhi NCR,Delhi NCR,2026-08-08T11:08:00.124880
pay_3ec574f5ae1449,mer_1007,cust_20409,24647.04,INR,netbanking,HDFC,captured,none,0,none,29.4,11,5,0,2,19.17,0,0,mobile_ios,Delhi NCR,Delhi NCR,2026-08-08T11:19:09.124880
pay_fda4f0135b9842,mer_1019,cust_20233,878.6,INR,upi,SBI,captured,none,0,none,18.2,11,5,0,1,0.9,0,0,desktop_safari,Chennai,Chennai,2026-08-08T11:22:34.124880
pay_5701c97ce91943,mer_1004,cust_20303,36294.71,INR,wallet,AXIS,captured,none,0,none,36.8,11,5,0,0,6.68,0,0,desktop_chrome,Delhi NCR,Delhi NCR,2026-08-08T11:28:22.124880
pay_3f6c04d436fc42,mer_1033,cust_20217,2298.28,INR,card_credit,HDFC,captured,none,0,none,9.4,11,5,0,0,2.52,0,0,mobile_android,Delhi NCR,Delhi NCR,2026-08-08T11:36:49.124880
pay_d32a14d4d33a4f,mer_1012,cust_20521,6087.36,INR,upi,ICICI,captured,none,0,none,36.6,11,5,0,0,7.16,0,0,mobile_ios,Hyderabad,Hyderabad,2026-08-08T11:40:30.124880
pay_278a997393ef4a,mer_1012,cust_20292,16432.89,INR,upi,HDFC,captured,none,0,none,35.2,11,5,0,1,10.81,0,0,desktop_chrome,Jaipur,Jaipur,2026-08-08T11:54:40.124880
pay_a998bce203de40,mer_1023,cust_20388,1779.16,INR,upi,HDFC,captured,none,0,none,5.3,12,5,0,0,0.99,0,0,desktop_chrome,Chennai,Chennai,2026-08-08T12:05:18.124880
pay_def16d27b1dd4c,mer_1014,cust_20073,17806.93,INR,netbanking,HDFC,captured,none,0,none,29.9,12,5,0,0,6.36,0,0,desktop_windows,Mumbai,Mumbai,2026-08-08T12:14:43.124880
pay_7b7f895cea1b4b,mer_1002,cust_20484,61333.5,INR,upi,SBI,captured,none,0,none,32.7,12,5,0,0,43.83,0,0,mobile_android,Bengaluru,Bengaluru,2026-08-08T12:40:15.124880
pay_ffc40117e3634c,mer_1021,cust_20263,49554.89,INR,upi,ICICI,captured,none,0,none,34.3,12,5,0,0,71.81,0,0,desktop_safari,Kolkata,Kolkata,2026-08-08T12:42:12.124880
pay_98da9d4cbbb041,mer_1002,cust_20412,19586.42,INR,netbanking,ICICI,captured,none,0,none,39.4,12,5,0,0,34.78,0,0,mobile_ios,Mumbai,Mumbai,2026-08-08T12:50:04.124880
pay_e7b371dbb90849,mer_1032,cust_20538,4709.06,INR,upi,SBI,captured,none,0,none,7.4,13,5,0,1,0.76,0,0,mobile_ios,Kolkata,Kolkata,2026-08-08T13:29:35.124880
pay_ebcafa7a5cc847,mer_1013,cust_20446,22572.92,INR,card_debit,HDFC,captured,none,0,none,35.1,13,5,0,1,5.78,0,0,desktop_chrome,Kochi,Kochi,2026-08-08T13:48:03.124880
pay_15e8da01e7c54b,mer_1033,cust_20372,2918.16,INR,upi,SBI,captured,none,0,none,34.0,13,5,0,1,8.41,0,0,desktop_windows,Kolkata,Kolkata,2026-08-08T13:48:06.124880
pay_6f2fb3f4798943,mer_1037,cust_20322,2562.35,INR,upi,KOTAK,captured,none,0,none,6.1,14,5,0,0,1.96,0,0,mobile_android,Bengaluru,Bengaluru,2026-08-08T14:10:17.124880
pay_30aca27e3e2440,mer_1029,cust_20588,1782.48,INR,netbanking,HDFC,captured,none,0,none,6.4,14,5,0,0,1.01,0,0,desktop_safari,Kochi,Kochi,2026-08-08T14:35:06.124880
pay_784325dc650f4f,mer_1030,cust_20389,9166.48,INR,upi,HDFC,captured,none,0,none,47.3,14,5,0,0,23.63,501,0,desktop_safari,Kolkata,Bengaluru,2026-08-08T14:43:23.124880
pay_44514b11c99547,mer_1030,cust_20058,64529.84,INR,card_debit,ICICI,captured,none,0,none,34.2,14,5,0,0,18.88,0,0,mobile_android,Mumbai,Mumbai,2026-08-08T14:45:47.124880
pay_74cde585f2bc43,mer_1001,cust_20339,3993.99,INR,netbanking,AXIS,captured,none,0,none,7.5,15,5,0,0,1.59,0,0,desktop_windows,Kolkata,Kolkata,2026-08-08T15:03:32.124880
pay_78b05da7dd514a,mer_1032,cust_20294,30974.49,INR,card_credit,AXIS,captured,none,0,none,30.2,15,5,0,1,21.09,0,0,desktop_safari,Kochi,Kochi,2026-08-08T15:14:18.124880
pay_2a85df642ffc47,mer_1017,cust_20212,1654.79,INR,upi,HDFC,captured,none,0,none,17.1,15,5,0,0,2.77,0,0,mobile_android,Mumbai,Mumbai,2026-08-08T15:19:57.124880
pay_f6b0a12dfc5741,mer_1008,cust_20579,84895.79,INR,upi,HDFC,captured,none,0,none,39.5,15,5,0,0,75.86,0,0,desktop_safari,Ahmedabad,Ahmedabad,2026-08-08T15:28:43.124880
pay_b41de2cc4b424d,mer_1010,cust_20505,6693.18,INR,upi,SBI,captured,none,0,none,26.6,15,5,0,0,3.29,0,0,desktop_safari,Ahmedabad,Ahmedabad,2026-08-08T15:36:12.124880
pay_daf3c7c293bf4a,mer_1035,cust_20160,9618.74,INR,upi,SBI,captured,none,0,none,29.1,15,5,0,0,15.31,0,0,desktop_safari,Pune,Pune,2026-08-08T15:47:12.124880
pay_0a11532ae87146,mer_1024,cust_20425,5774.01,INR,upi,KOTAK,captured,none,0,none,9.1,15,5,0,1,1.66,0,0,mobile_android,Hyderabad,Hyderabad,2026-08-08T15:53:20.124880
pay_27e3980820d042,mer_1001,cust_20084,3096.18,INR,upi,HDFC,captured,none,0,none,10.4,15,5,0,0,1.67,0,0,desktop_chrome,Kochi,Kochi,2026-08-08T15:55:18.124880
pay_1fc092fe83b34e,mer_1030,cust_20198,49440.39,INR,card_credit,SBI,failed,insufficient_funds,0,none,60.9,16,5,0,0,60.48,841,1,desktop_windows,Pune,Bengaluru,2026-08-08T16:22:15.124880
pay_8e284780ee434a,mer_1016,cust_20250,73727.77,INR,upi,AXIS,captured,none,0,none,39.3,16,5,0,0,245.76,0,0,desktop_safari,Kolkata,Kolkata,2026-08-08T16:37:14.124880
pay_50516ffc59db4d,mer_1022,cust_20226,1334.5,INR,card_debit,AXIS,captured,none,0,none,25.6,17,5,0,0,0.4,1739,0,desktop_chrome,Pune,Hyderabad,2026-08-08T17:10:49.124880
pay_3fe29cf304f244,mer_1005,cust_20428,89214.32,INR,upi,HDFC,captured,none,0,none,31.0,17,5,0,1,93.32,0,0,mobile_android,Pune,Pune,2026-08-08T17:16:46.124880
pay_6d5c5beea8dc44,mer_1004,cust_20226,5587.77,INR,upi,AXIS,captured,none,0,none,8.0,17,5,1,1,1.68,0,0,desktop_windows,Pune,Pune,2026-08-08T17:39:56.124880
pay_ffb6c55cece54a,mer_1039,cust_20590,5105.08,INR,wallet,ICICI,captured,none,0,none,7.2,18,5,0,0,1.21,0,0,desktop_safari,Pune,Pune,2026-08-08T18:02:03.124880
pay_1af5ed98bb7e49,mer_1039,cust_20524,35107.52,INR,upi,ICICI,captured,none,0,none,31.8,18,5,0,0,26.74,0,0,desktop_windows,Pune,Pune,2026-08-08T18:16:16.124880
pay_e8efa3d20b3b4f,mer_1040,cust_20413,24883.12,INR,wallet,SBI,refunded,customer_return,0,none,36.7,18,5,0,0,49.65,0,0,desktop_windows,Jaipur,Jaipur,2026-08-08T18:31:44.124880
pay_707fbc06cc3e46,mer_1003,cust_20584,1681.8,INR,card_credit,HDFC,captured,none,0,none,17.0,18,5,0,1,0.93,0,0,mobile_android,Kolkata,Kolkata,2026-08-08T18:39:47.124880
pay_da62e6ed972c46,mer_1014,cust_20394,25308.55,INR,upi,HDFC,captured,none,0,none,27.7,18,5,0,0,8.23,0,0,desktop_windows,Chennai,Chennai,2026-08-08T18:43:17.124880
pay_72b08c48652c46,mer_1019,cust_20416,4659.28,INR,upi,SBI,captured,none,0,none,34.6,18,5,0,0,8.47,0,0,desktop_safari,Ahmedabad,Ahmedabad,2026-08-08T18:45:03.124880
pay_e051e0bd7aca44,mer_1014,cust_20109,29457.17,INR,upi,ICICI,captured,none,0,none,35.9,18,5,0,1,3.56,0,0,mobile_android,Delhi NCR,Delhi NCR,2026-08-08T18:58:43.124880
pay_25124a74c2584e,mer_1016,cust_20391,4859.89,INR,card_debit,AXIS,captured,none,0,none,35.2,19,5,0,0,6.07,0,0,desktop_chrome,Jaipur,Jaipur,2026-08-08T19:11:41.124880
pay_dee94e15140a46,mer_1035,cust_20067,18479.23,INR,upi,SBI,captured,none,0,none,35.3,19,5,0,0,20.63,0,0,mobile_android,Kochi,Kochi,2026-08-08T19:46:56.124880
pay_8b9ebc1517c142,mer_1028,cust_20548,9587.42,INR,card_credit,HDFC,captured,none,0,none,17.5,19,5,0,0,2.24,0,0,desktop_safari,Hyderabad,Hyderabad,2026-08-08T19:49:10.124880
pay_dab50aeb87c845,mer_1020,cust_20083,37823.92,INR,upi,SBI,captured,none,0,none,35.8,20,5,0,0,24.4,1552,0,desktop_windows,Chennai,Ahmedabad,2026-08-08T20:02:51.124880
pay_77af55d4fc2143,mer_1002,cust_20351,26364.15,INR,card_credit,SBI,captured,none,0,none,54.6,20,5,0,0,44.0,0,1,desktop_windows,Kochi,Kochi,2026-08-08T20:04:03.124880
pay_a25f9b9853eb4f,mer_1021,cust_20496,3935.44,INR,upi,PAYTM_BANK,captured,none,0,none,46.6,20,5,0,0,5.04,1678,0,desktop_safari,Kolkata,Mumbai,2026-08-08T20:20:53.124880
pay_184b17369b0249,mer_1020,cust_20312,16676.93,INR,card_credit,ICICI,captured,none,0,none,30.4,20,5,0,0,3.19,0,0,desktop_chrome,Bengaluru,Bengaluru,2026-08-08T20:22:20.124880
pay_aa3dd74e6d8746,mer_1039,cust_20587,44009.4,INR,upi,HDFC,captured,none,0,none,35.5,20,5,0,1,79.22,0,0,desktop_windows,Mumbai,Mumbai,2026-08-08T20:30:41.124880
pay_46c3d4469be047,mer_1031,cust_20057,33532.92,INR,upi,ICICI,captured,none,0,none,36.8,20,5,0,0,12.41,0,0,desktop_chrome,Kochi,Kochi,2026-08-08T20:40:34.124880
pay_b47d015e1d0b4b,mer_1006,cust_20247,8547.63,INR,upi,HDFC,captured,none,0,none,28.2,20,5,0,0,8.33,0,0,desktop_chrome,Jaipur,Jaipur,2026-08-08T20:50:20.124880
pay_03e880430c1644,mer_1035,cust_20372,26288.96,INR,wallet,AXIS,captured,none,0,none,31.9,20,5,0,2,75.72,0,0,desktop_windows,Kolkata,Kolkata,2026-08-08T20:58:38.124880
pay_322ba7dc6d3e45,mer_1011,cust_20328,11170.79,INR,upi,PAYTM_BANK,captured,none,0,none,31.5,21,5,0,0,3.98,0,0,mobile_ios,Delhi NCR,Delhi NCR,2026-08-08T21:34:07.124880
pay_46d372db99ff4d,mer_1028,cust_20170,12733.56,INR,card_credit,ICICI,captured,none,0,none,46.7,22,5,0,0,9.27,1564,0,desktop_chrome,Jaipur,Pune,2026-08-08T22:15:29.124880
pay_4f6bbdda1bb24f,mer_1011,cust_20300,25923.8,INR,upi,AXIS,captured,none,0,none,31.8,22,5,0,0,79.12,0,0,desktop_windows,Kolkata,Kolkata,2026-08-08T22:22:35.124880
pay_66ceb32d8d7144,mer_1028,cust_20162,7972.8,INR,card_credit,ICICI,captured,none,0,none,42.0,23,5,0,1,4.2,0,1,mobile_android,Mumbai,Mumbai,2026-08-08T23:12:26.124880
pay_90f1ae8897614b,mer_1010,cust_20208,9327.75,INR,netbanking,SBI,captured,none,0,none,46.7,23,5,0,1,10.44,0,1,mobile_android,Chennai,Chennai,2026-08-08T23:18:51.124880
pay_1c1387b82ee349,mer_1002,cust_20221,81452.54,INR,card_debit,SBI,captured,none,0,none,35.4,23,5,0,0,271.51,0,0,desktop_chrome,Kolkata,Kolkata,2026-08-08T23:27:11.124880
pay_b0b32ddde0a945,mer_1027,cust_20217,5900.52,INR,card_credit,HDFC,captured,none,0,none,30.0,23,5,0,1,6.46,0,0,desktop_windows,Delhi NCR,Delhi NCR,2026-08-08T23:48:48.124880
pay_479779a466f548,mer_1033,cust_20189,3087.28,INR,upi,SBI,captured,none,0,none,11.8,23,5,0,0,1.71,0,0,mobile_ios,Kolkata,Kolkata,2026-08-08T23:53:26.124880
pay_d64b8b9ab70e4a,mer_1024,cust_20200,5626.9,INR,card_debit,ICICI,captured,none,0,none,25.2,0,6,0,0,3.32,0,0,desktop_chrome,Delhi NCR,Delhi NCR,2026-08-09T00:20:49.124880
pay_075931e037654e,mer_1014,cust_20288,35187.38,INR,card_debit,AXIS,captured,none,0,none,33.4,0,6,0,0,12.94,0,0,desktop_safari,Pune,Pune,2026-08-09T00:35:10.124880
pay_6e66de0dc0564a,mer_1025,cust_20046,54303.7,INR,netbanking,ICICI,captured,none,0,none,28.0,0,6,0,0,77.32,0,0,mobile_android,Mumbai,Mumbai,2026-08-09T00:41:30.124880
pay_6cc285ec9ffc41,mer_1010,cust_20145,5839.8,INR,upi,HDFC,captured,none,0,none,16.3,0,6,0,0,2.49,0,0,mobile_ios,Jaipur,Jaipur,2026-08-09T00:41:43.124880
pay_93ffc3581f024d,mer_1016,cust_20432,33161.41,INR,card_credit,SBI,captured,none,0,none,33.7,0,6,0,0,17.73,0,0,desktop_safari,Hyderabad,Hyderabad,2026-08-09T00:55:47.124880
pay_579f5cf370a84d,mer_1040,cust_20308,10176.16,INR,upi,HDFC,captured,none,0,none,42.8,1,6,0,0,14.64,0,0,mobile_android,Chennai,Chennai,2026-08-09T01:23:43.124880
pay_4c9625071f6642,mer_1025,cust_20032,75147.37,INR,upi,HDFC,captured,none,0,none,35.4,1,6,0,0,46.48,0,0,mobile_ios,Kolkata,Kolkata,2026-08-09T01:27:34.124880
pay_60d052ce172647,mer_1022,cust_20572,3573.45,INR,card_credit,HDFC,captured,none,0,none,25.7,1,6,0,0,1.3,0,0,mobile_android,Hyderabad,Hyderabad,2026-08-09T01:39:40.124880
pay_446b5293dcc24a,mer_1032,cust_20508,31276.98,INR,card_debit,HDFC,captured,none,0,none,39.6,1,6,0,0,30.55,0,0,desktop_windows,Hyderabad,Hyderabad,2026-08-09T01:51:38.124880
pay_c0c2eb99bc1548,mer_1033,cust_20305,2960.04,INR,card_credit,HDFC,captured,none,0,none,23.3,1,6,0,0,0.49,0,0,desktop_safari,Jaipur,Jaipur,2026-08-09T01:57:18.124880
pay_5686e786672d4f,mer_1036,cust_20034,31334.26,INR,upi,ICICI,captured,none,0,none,41.6,2,6,0,0,51.43,0,0,mobile_ios,Kolkata,Kolkata,2026-08-09T02:11:59.124880
pay_2e956ea3865d45,mer_1025,cust_20008,16754.98,INR,upi,HDFC,captured,none,0,none,39.7,2,6,0,0,15.23,0,0,mobile_android,Chennai,Chennai,2026-08-09T02:22:25.124880
pay_716b2676a6f547,mer_1035,cust_20565,31886.63,INR,upi,HDFC,captured,none,0,none,36.3,2,6,0,1,8.66,199,0,mobile_android,Jaipur,Hyderabad,2026-08-09T02:36:42.124880
pay_d7fd010b8ec342,mer_1037,cust_20106,469.48,INR,upi,ICICI,captured,none,0,none,21.0,2,6,0,0,0.38,0,0,desktop_safari,Chennai,Chennai,2026-08-09T02:47:45.124880
pay_14321444407246,mer_1011,cust_20160,6556.99,INR,upi,SBI,captured,none,0,none,39.7,2,6,0,1,10.44,0,0,desktop_windows,Pune,Pune,2026-08-09T02:51:36.124880
pay_2d979ff668a147,mer_1005,cust_20284,66031.49,INR,upi,ICICI,failed,insufficient_funds,0,none,40.5,2,6,0,0,30.44,0,0,desktop_safari,Hyderabad,Hyderabad,2026-08-09T02:53:21.124880
pay_f94a29401efd45,mer_1037,cust_20565,4831.72,INR,upi,SBI,captured,none,0,none,17.8,2,6,1,2,1.31,0,0,mobile_ios,Jaipur,Jaipur,2026-08-09T02:54:58.124880
pay_604f255ecabe42,mer_1009,cust_20334,74169.47,INR,wallet,HDFC,captured,none,0,none,47.2,3,6,0,0,30.05,0,0,mobile_ios,Bengaluru,Bengaluru,2026-08-09T03:01:12.124880
pay_30077ac5e97941,mer_1022,cust_20103,233.5,INR,upi,SBI,captured,none,0,none,22.2,3,6,0,0,0.13,0,0,desktop_windows,Kochi,Kochi,2026-08-09T03:22:56.124880
pay_31f97b6eb13845,mer_1006,cust_20207,19282.43,INR,upi,SBI,captured,none,0,none,39.2,3,6,0,0,16.91,0,0,desktop_safari,Delhi NCR,Delhi NCR,2026-08-09T03:35:36.124880
pay_a032172fc54241,mer_1015,cust_20104,157.09,INR,card_credit,AXIS,captured,none,0,none,16.4,3,6,0,0,0.12,0,0,desktop_safari,Hyderabad,Hyderabad,2026-08-09T03:36:39.124880
pay_2d26ac52e7cf4e,mer_1020,cust_20441,13472.79,INR,upi,SBI,captured,none,0,none,47.6,3,6,0,0,6.74,0,0,mobile_ios,Chennai,Chennai,2026-08-09T03:36:51.124880
pay_53328c49c59a47,mer_1033,cust_20298,2676.15,INR,upi,SBI,failed,issuer_bank_down,0,none,40.2,3,6,0,0,4.17,0,0,desktop_windows,Kochi,Kochi,2026-08-09T03:41:16.124880
pay_46f2ecf0f3d440,mer_1039,cust_20535,16167.42,INR,upi,SBI,captured,none,0,none,43.7,3,6,0,0,24.48,0,0,desktop_chrome,Jaipur,Jaipur,2026-08-09T03:51:19.124880
pay_ed36ad8bcf0341,mer_1011,cust_20400,33211.85,INR,card_debit,ICICI,captured,none,0,none,48.6,3,6,0,0,64.98,0,0,desktop_safari,Mumbai,Mumbai,2026-08-09T03:57:32.124880
pay_ae02b52f50e649,mer_1019,cust_20201,1821.53,INR,card_credit,SBI,captured,none,0,none,15.1,4,6,0,0,1.31,0,0,desktop_safari,Mumbai,Mumbai,2026-08-09T04:14:25.124880
pay_02e9f259897d4d,mer_1036,cust_20498,13970.05,INR,upi,HDFC,captured,none,0,none,49.5,4,6,0,0,4.82,0,0,desktop_safari,Chennai,Chennai,2026-08-09T04:28:03.124880
pay_fab1aa72ef5c41,mer_1031,cust_20118,19639.05,INR,card_credit,SBI,captured,none,0,none,49.4,4,6,0,0,9.46,0,0,desktop_chrome,Kolkata,Kolkata,2026-08-09T04:44:53.124880
pay_ae66542fdf6e44,mer_1004,cust_20149,48029.5,INR,card_credit,AXIS,captured,none,0,none,31.7,5,6,0,0,23.68,0,0,desktop_chrome,Chennai,Chennai,2026-08-09T05:06:21.124880
pay_9ccabfa461e94c,mer_1009,cust_20261,5740.05,INR,upi,SBI,captured,none,0,none,11.6,5,6,0,0,2.72,476,0,mobile_android,Chennai,Jaipur,2026-08-09T05:11:02.124880
pay_38856b77a1374a,mer_1010,cust_20203,1105.89,INR,upi,ICICI,captured,none,0,none,26.2,5,6,0,0,3.69,0,0,desktop_chrome,Jaipur,Jaipur,2026-08-09T05:22:37.124880
pay_f5351b28179441,mer_1017,cust_20096,477.65,INR,upi,HDFC,failed,issuer_bank_down,0,none,19.7,5,6,0,1,1.09,0,0,mobile_android,Ahmedabad,Ahmedabad,2026-08-09T05:22:56.124880
pay_eae5e6fc0fcb4f,mer_1029,cust_20038,1484.21,INR,upi,ICICI,captured,none,0,none,26.5,5,6,0,0,3.85,0,0,mobile_ios,Kochi,Kochi,2026-08-09T05:42:34.124880
pay_47d45a81002b4c,mer_1035,cust_20168,53537.86,INR,card_debit,ICICI,captured,none,0,none,29.2,5,6,0,0,43.01,0,0,mobile_android,Ahmedabad,Ahmedabad,2026-08-09T05:51:22.124880
pay_9ff8ac66bd994a,mer_1027,cust_20492,3908.42,INR,upi,ICICI,captured,none,0,none,20.0,6,6,0,0,1.19,0,0,desktop_chrome,Pune,Pune,2026-08-09T06:00:54.124880
pay_5566d1ef0fe741,mer_1020,cust_20254,27792.92,INR,card_debit,AXIS,captured,none,0,none,25.1,6,6,0,0,22.12,0,0,desktop_windows,Hyderabad,Hyderabad,2026-08-09T06:24:13.124880
pay_5970fbbc46ca4e,mer_1034,cust_20353,559.28,INR,card_credit,SBI,captured,none,0,none,15.1,6,6,0,0,0.39,0,0,desktop_chrome,Jaipur,Jaipur,2026-08-09T06:31:21.124880
pay_bae92cd3ee2947,mer_1035,cust_20420,55197.0,INR,upi,ICICI,captured,none,0,none,34.1,6,6,0,0,105.25,0,0,desktop_windows,Kolkata,Kolkata,2026-08-09T06:36:27.124880
pay_e9fe5bd10cf943,mer_1003,cust_20347,2884.97,INR,upi,PAYTM_BANK,captured,none,0,none,11.5,6,6,0,0,0.53,0,0,mobile_android,Bengaluru,Bengaluru,2026-08-09T06:52:49.124880
pay_0699944a38d042,mer_1031,cust_20476,37017.63,INR,card_debit,SBI,captured,none,0,none,33.7,7,6,0,0,31.71,0,0,mobile_android,Ahmedabad,Ahmedabad,2026-08-09T07:03:55.124880
pay_3321f278b03744,mer_1003,cust_20363,4212.07,INR,wallet,HDFC,captured,none,0,none,29.6,7,6,0,0,4.42,0,0,desktop_safari,Chennai,Chennai,2026-08-09T07:32:19.124880
pay_97bb4a8e31c943,mer_1033,cust_20466,2587.61,INR,card_debit,ICICI,captured,none,0,none,21.9,7,6,0,0,1.14,1675,0,desktop_safari,Pune,Chennai,2026-08-09T07:46:52.124880
pay_7ff7b1b1a3af47,mer_1011,cust_20577,13597.79,INR,upi,SBI,captured,none,0,none,26.2,8,6,0,0,6.91,0,0,mobile_ios,Ahmedabad,Ahmedabad,2026-08-09T08:00:25.124880
pay_b371f175e8844c,mer_1003,cust_20335,4103.84,INR,upi,SBI,captured,none,0,none,37.8,8,6,0,0,3.1,0,0,mobile_ios,Hyderabad,Hyderabad,2026-08-09T08:19:34.124880
pay_25b8419d3ac141,mer_1010,cust_20592,6704.47,INR,card_debit,ICICI,captured,none,0,none,13.7,8,6,0,0,2.79,0,0,mobile_android,Hyderabad,Hyderabad,2026-08-09T08:23:10.124880
pay_9e690820e10948,mer_1031,cust_20008,38221.99,INR,upi,HDFC,captured,none,0,none,32.9,8,6,0,1,34.74,0,0,mobile_ios,Chennai,Chennai,2026-08-09T08:48:43.124880
pay_f0e20109a4d046,mer_1017,cust_20198,2153.78,INR,upi,HDFC,captured,none,0,none,28.9,8,6,0,1,2.63,1685,0,desktop_safari,Pune,Kolkata,2026-08-09T08:59:20.124880
pay_d473ef02ba1a44,mer_1011,cust_20026,29579.1,INR,upi,HDFC,captured,none,0,none,39.0,9,6,0,0,34.0,0,0,desktop_chrome,Kochi,Kochi,2026-08-09T09:00:12.124880
pay_5709b30f52da4b,mer_1020,cust_20463,4780.15,INR,netbanking,PAYTM_BANK,captured,none,0,none,15.9,9,6,0,0,2.48,0,0,desktop_windows,Pune,Pune,2026-08-09T09:19:08.124880
pay_8112b47e153540,mer_1001,cust_20559,2723.15,INR,card_debit,ICICI,captured,none,0,none,18.4,9,6,0,0,2.26,0,0,desktop_windows,Ahmedabad,Ahmedabad,2026-08-09T09:23:31.124880
pay_dd175efb158f4d,mer_1026,cust_20383,37628.06,INR,netbanking,HDFC,captured,none,0,none,35.1,9,6,0,1,22.62,0,0,mobile_android,Kochi,Kochi,2026-08-09T09:27:42.124880
pay_9cd98b0b71644e,mer_1019,cust_20292,1015.25,INR,netbanking,AXIS,captured,none,0,none,17.2,9,6,0,1,0.67,0,0,mobile_ios,Jaipur,Jaipur,2026-08-09T09:47:35.124880
pay_93a28bb2f16840,mer_1030,cust_20223,16950.02,INR,card_debit,ICICI,captured,none,0,none,33.8,10,6,0,0,22.95,0,0,mobile_android,Ahmedabad,Ahmedabad,2026-08-09T10:01:59.124880
pay_33ea295f333d40,mer_1013,cust_20533,18287.98,INR,card_credit,HDFC,captured,none,0,none,29.3,10,6,0,0,10.61,0,0,mobile_ios,Jaipur,Jaipur,2026-08-09T10:05:05.124880
pay_305fc15928f844,mer_1027,cust_20262,1149.55,INR,card_credit,SBI,captured,none,0,none,7.0,10,6,0,0,0.43,0,0,mobile_ios,Hyderabad,Hyderabad,2026-08-09T10:12:16.124880
pay_9d3d1958756d47,mer_1011,cust_20500,6090.39,INR,card_debit,AXIS,captured,none,0,none,25.5,10,6,0,0,3.9,0,0,desktop_windows,Delhi NCR,Delhi NCR,2026-08-09T10:25:08.124880
pay_f7fe84725b224b,mer_1012,cust_20091,21361.53,INR,upi,ICICI,failed,auth_timeout,0,none,29.6,10,6,0,0,16.93,0,0,desktop_safari,Hyderabad,Hyderabad,2026-08-09T10:35:34.124880
pay_9d6af9de737845,mer_1001,cust_20484,3502.54,INR,upi,KOTAK,captured,none,0,none,40.0,10,6,0,1,2.5,1573,1,desktop_windows,Bengaluru,Chennai,2026-08-09T10:38:20.124880
pay_b75f9c3a1b5746,mer_1029,cust_20227,2339.77,INR,card_credit,ICICI,captured,none,0,none,36.8,10,6,0,0,7.8,0,0,desktop_windows,Pune,Pune,2026-08-09T10:56:20.124880
pay_62f3feeead0945,mer_1034,cust_20099,1227.52,INR,upi,ICICI,captured,none,0,none,11.6,11,6,0,0,2.16,0,0,desktop_windows,Kolkata,Kolkata,2026-08-09T11:03:15.124880
pay_d0175be94b354b,mer_1020,cust_20524,6411.12,INR,upi,AXIS,captured,none,0,none,25.4,11,6,0,1,4.88,0,0,mobile_ios,Pune,Pune,2026-08-09T11:07:23.124880
pay_ffc0973b9be44c,mer_1037,cust_20287,556.75,INR,upi,HDFC,captured,none,0,none,17.4,11,6,0,0,0.29,1299,0,mobile_android,Chennai,Delhi NCR,2026-08-09T11:08:25.124880
pay_75370f47a2aa48,mer_1036,cust_20207,24032.85,INR,card_debit,HDFC,captured,none,0,none,26.1,11,6,0,1,21.07,0,0,desktop_safari,Delhi NCR,Delhi NCR,2026-08-09T11:21:06.124880
pay_75ff23f8c70246,mer_1015,cust_20134,2265.98,INR,card_debit,ICICI,captured,none,0,none,13.5,11,6,0,0,1.37,0,0,desktop_chrome,Pune,Pune,2026-08-09T11:43:58.124880
pay_2a9801be874843,mer_1038,cust_20051,16463.06,INR,upi,SBI,captured,none,0,none,28.7,11,6,0,0,22.18,0,0,mobile_ios,Ahmedabad,Ahmedabad,2026-08-09T11:45:22.124880
pay_4668d4cb4e784d,mer_1024,cust_20427,4051.87,INR,card_debit,KOTAK,captured,none,0,none,14.1,11,6,0,0,1.63,0,0,desktop_safari,Hyderabad,Hyderabad,2026-08-09T11:51:23.124880
pay_20c10764ec6b41,mer_1022,cust_20518,5702.42,INR,upi,HDFC,captured,none,0,none,36.4,11,6,0,0,7.74,0,0,desktop_safari,Delhi NCR,Delhi NCR,2026-08-09T11:59:04.124880
pay_484f6b380f1849,mer_1025,cust_20039,25250.3,INR,upi,HDFC,captured,none,0,none,30.0,12,6,0,0,23.66,0,0,mobile_android,Delhi NCR,Delhi NCR,2026-08-09T12:00:54.124880
pay_fe007888f85d47,mer_1038,cust_20569,16626.6,INR,upi,HDFC,failed,insufficient_funds,0,none,42.6,12,6,0,0,21.56,1047,0,mobile_ios,Mumbai,Hyderabad,2026-08-09T12:12:24.124880
pay_feb0cfc2f72847,mer_1002,cust_20312,52529.3,INR,upi,HDFC,captured,none,0,none,32.9,12,6,0,1,10.05,0,0,mobile_android,Bengaluru,Bengaluru,2026-08-09T12:14:46.124880
pay_e1af82d9bf9c4d,mer_1007,cust_20474,47062.1,INR,netbanking,HDFC,captured,none,0,none,25.5,12,6,0,0,77.72,0,0,mobile_ios,Chennai,Chennai,2026-08-09T12:22:30.124880
pay_72a1a9016eac4f,mer_1031,cust_20376,33778.2,INR,card_credit,HDFC,captured,none,0,none,28.2,12,6,0,0,32.71,0,0,desktop_chrome,Kochi,Kochi,2026-08-09T12:31:54.124880
pay_bc915e310b284e,mer_1010,cust_20569,7286.0,INR,upi,HDFC,captured,none,0,none,43.2,12,6,1,1,9.45,0,1,desktop_chrome,Mumbai,Mumbai,2026-08-09T12:44:30.124880
pay_460a389d95684d,mer_1019,cust_20119,4302.1,INR,upi,ICICI,captured,none,0,none,7.9,12,6,0,0,1.39,0,0,desktop_safari,Kolkata,Kolkata,2026-08-09T12:55:05.124880
pay_7d2c275133b243,mer_1006,cust_20452,29447.92,INR,upi,HDFC,captured,none,0,none,36.4,12,6,0,0,14.53,0,0,desktop_safari,Hyderabad,Hyderabad,2026-08-09T12:57:51.124880
pay_cae1b0ca6ae64a,mer_1025,cust_20463,61317.26,INR,upi,ICICI,captured,none,0,none,28.5,13,6,0,1,31.79,0,0,mobile_ios,Pune,Pune,2026-08-09T13:01:00.124880
pay_957301a699bf41,mer_1034,cust_20560,3188.6,INR,upi,SBI,captured,none,0,none,6.7,13,6,0,0,1.07,0,0,mobile_android,Bengaluru,Bengaluru,2026-08-09T13:14:52.124880
pay_0c34d044dc9646,mer_1030,cust_20328,11573.68,INR,upi,HDFC,captured,none,0,none,30.9,13,6,0,1,4.12,0,0,desktop_chrome,Delhi NCR,Delhi NCR,2026-08-09T13:21:54.124880
pay_4ed31d59ccaa49,mer_1037,cust_20247,3749.27,INR,card_debit,SBI,captured,none,0,none,39.2,13,6,0,1,3.65,0,0,mobile_android,Jaipur,Jaipur,2026-08-09T13:40:35.124880
pay_32596683f3ea46,mer_1005,cust_20168,91667.84,INR,upi,HDFC,captured,none,0,none,30.8,13,6,0,1,73.64,0,0,desktop_windows,Ahmedabad,Ahmedabad,2026-08-09T13:43:12.124880
pay_01a441a0e55c47,mer_1036,cust_20497,16817.7,INR,upi,HDFC,captured,none,0,none,26.6,13,6,0,0,5.9,0,0,desktop_windows,Hyderabad,Hyderabad,2026-08-09T13:51:29.124880
pay_783427d72e6447,mer_1004,cust_20292,26150.09,INR,upi,ICICI,captured,none,0,none,27.0,13,6,0,1,17.2,0,0,desktop_windows,Jaipur,Jaipur,2026-08-09T13:52:35.124880
pay_dc6ba49003cf46,mer_1039,cust_20393,27438.15,INR,upi,ICICI,captured,none,0,none,35.1,13,6,0,0,14.77,0,0,mobile_android,Chennai,Chennai,2026-08-09T13:56:38.124880
pay_86ad6a696a6e4b,mer_1011,cust_20552,13484.44,INR,card_credit,AXIS,captured,none,0,none,29.2,14,6,0,0,11.88,0,0,mobile_ios,Kochi,Kochi,2026-08-09T14:06:39.124880
pay_dad264a643de45,mer_1008,cust_20242,24818.97,INR,card_credit,ICICI,captured,none,0,none,32.2,14,6,0,0,15.15,0,0,desktop_windows,Chennai,Chennai,2026-08-09T14:40:05.124880
pay_e42f7da98a6548,mer_1028,cust_20238,12187.89,INR,card_credit,HDFC,captured,none,0,none,25.8,14,6,0,0,8.89,0,0,mobile_android,Kolkata,Kolkata,2026-08-09T14:41:22.124880
pay_04a5db4b7c524f,mer_1019,cust_20299,2300.08,INR,upi,HDFC,captured,none,0,none,31.9,14,6,0,0,4.39,0,0,mobile_ios,Chennai,Chennai,2026-08-09T14:53:16.124880
pay_4db94cece7f741,mer_1011,cust_20563,26425.17,INR,upi,KOTAK,failed,issuer_bank_down,0,none,27.5,14,6,0,0,43.0,0,0,mobile_android,Kochi,Kochi,2026-08-09T14:57:05.124880
pay_33a39051c1814c,mer_1036,cust_20032,44760.03,INR,upi,ICICI,failed,insufficient_funds,0,none,40.4,14,6,0,1,27.69,1296,0,desktop_chrome,Kolkata,Bengaluru,2026-08-09T14:59:22.124880
pay_8ec34def199b41,mer_1007,cust_20196,22293.38,INR,card_credit,SBI,captured,none,0,none,39.9,15,6,0,0,7.33,0,0,desktop_safari,Delhi NCR,Delhi NCR,2026-08-09T15:35:26.124880
pay_7d03498ed58e4a,mer_1031,cust_20312,31135.38,INR,card_debit,AXIS,captured,none,0,none,31.6,15,6,0,2,5.96,0,0,mobile_android,Bengaluru,Bengaluru,2026-08-09T15:38:05.124880
pay_69d712be904d49,mer_1034,cust_20422,4422.87,INR,upi,KOTAK,captured,none,0,none,26.9,15,6,0,0,10.73,0,0,mobile_android,Hyderabad,Hyderabad,2026-08-09T15:51:52.124880
pay_f410c67156c145,mer_1040,cust_20529,13056.47,INR,upi,HDFC,captured,none,0,none,39.5,16,6,0,0,8.08,0,0,desktop_safari,Hyderabad,Hyderabad,2026-08-09T16:11:02.124880
pay_d947ba8cd2b847,mer_1016,cust_20263,22038.39,INR,wallet,SBI,captured,none,0,none,35.5,16,6,0,0,31.94,0,0,mobile_android,Kolkata,Kolkata,2026-08-09T16:19:26.124880
pay_116a0a26203249,mer_1034,cust_20256,724.3,INR,netbanking,KOTAK,captured,none,0,none,14.5,16,6,0,0,0.68,483,0,desktop_chrome,Bengaluru,Kochi,2026-08-09T16:24:38.124880
pay_a9808232d5d141,mer_1026,cust_20538,6173.96,INR,upi,ICICI,captured,none,0,none,19.2,16,6,0,0,1.0,0,0,mobile_ios,Kolkata,Kolkata,2026-08-09T16:32:10.124880
pay_029edb7320a34b,mer_1008,cust_20321,63853.83,INR,card_credit,ICICI,captured,none,0,none,32.2,17,6,0,0,41.13,0,0,desktop_safari,Delhi NCR,Delhi NCR,2026-08-09T17:09:13.124880
pay_f355faf4041e4e,mer_1037,cust_20203,4055.2,INR,card_debit,HDFC,captured,none,0,none,29.8,17,6,0,1,13.52,0,0,mobile_ios,Jaipur,Jaipur,2026-08-09T17:37:40.124880
pay_8276912b4a5647,mer_1026,cust_20388,72479.38,INR,upi,AXIS,captured,none,0,none,33.0,17,6,0,0,40.35,0,0,desktop_chrome,Chennai,Chennai,2026-08-09T17:45:22.124880
pay_92a3466b50d349,mer_1005,cust_20499,52100.31,INR,netbanking,SBI,captured,none,0,none,31.4,18,6,0,0,26.97,0,0,desktop_safari,Pune,Pune,2026-08-09T18:13:31.124880
pay_4b141e4928474a,mer_1005,cust_20131,22396.39,INR,card_debit,AXIS,captured,none,0,none,25.8,18,6,0,0,18.99,0,0,desktop_safari,Kolkata,Kolkata,2026-08-09T18:21:13.124880
pay_060f60bbeb8543,mer_1039,cust_20526,25418.49,INR,card_credit,SBI,captured,none,0,none,28.9,18,6,0,0,7.24,0,0,desktop_chrome,Jaipur,Jaipur,2026-08-09T18:37:01.124880
pay_4ef114857af346,mer_1012,cust_20352,23824.24,INR,card_credit,PAYTM_BANK,captured,none,0,none,36.4,18,6,0,0,49.31,0,0,mobile_android,Jaipur,Jaipur,2026-08-09T18:45:50.124880
pay_b6ef6ab12dab45,mer_1033,cust_20291,1436.29,INR,wallet,ICICI,captured,none,0,none,18.0,18,6,0,0,1.47,0,0,mobile_android,Pune,Pune,2026-08-09T18:54:45.124880
pay_2f63b45bbe144b,mer_1021,cust_20019,64524.38,INR,upi,AXIS,captured,none,0,none,31.0,19,6,0,0,23.46,0,0,desktop_chrome,Pune,Pune,2026-08-09T19:02:54.124880
pay_0d33b0a698b44a,mer_1002,cust_20442,62879.06,INR,upi,SBI,failed,issuer_bank_down,0,none,33.0,19,6,0,0,65.32,0,0,desktop_safari,Jaipur,Jaipur,2026-08-09T19:20:17.124880
pay_95957f49022f43,mer_1025,cust_20317,60833.0,INR,upi,SBI,failed,auth_timeout,0,none,27.5,19,6,0,0,17.9,0,0,mobile_android,Jaipur,Jaipur,2026-08-09T19:22:05.124880
pay_b86f88fd3f2f46,mer_1014,cust_20111,4953.16,INR,card_credit,KOTAK,captured,none,0,none,43.6,19,6,0,0,5.35,0,1,desktop_chrome,Delhi NCR,Delhi NCR,2026-08-09T19:32:45.124880
pay_3bdf6defe4ff41,mer_1018,cust_20215,3081.93,INR,netbanking,SBI,captured,none,0,none,40.7,19,6,0,0,5.34,1545,0,desktop_chrome,Jaipur,Chennai,2026-08-09T19:37:11.124880
pay_048d0f5094e043,mer_1010,cust_20518,3174.53,INR,upi,ICICI,captured,none,0,none,36.6,19,6,0,1,4.31,0,0,mobile_ios,Delhi NCR,Delhi NCR,2026-08-09T19:49:32.124880
pay_02e47e0cfbe54a,mer_1014,cust_20074,6436.9,INR,upi,SBI,captured,none,0,none,37.8,20,6,0,0,10.25,0,0,desktop_windows,Delhi NCR,Delhi NCR,2026-08-09T20:01:57.124880
pay_93ce58a4e16c4a,mer_1037,cust_20349,3738.99,INR,upi,SBI,captured,none,0,none,33.8,20,6,0,0,7.96,0,0,mobile_android,Kochi,Kochi,2026-08-09T20:03:06.124880
pay_6b69c58a47de44,mer_1034,cust_20300,2816.7,INR,upi,AXIS,captured,none,0,none,25.1,20,6,0,1,8.6,0,0,desktop_safari,Kolkata,Kolkata,2026-08-09T20:14:53.124880
pay_5e8f55a51a5241,mer_1014,cust_20161,37015.61,INR,upi,KOTAK,captured,none,0,none,25.5,20,6,0,0,22.03,0,0,desktop_chrome,Pune,Pune,2026-08-09T20:27:16.124880
pay_8860afd189784c,mer_1022,cust_20130,5218.82,INR,upi,ICICI,captured,none,0,none,8.8,20,6,0,0,2.65,0,0,mobile_ios,Jaipur,Jaipur,2026-08-09T20:33:10.124880
pay_299e8acf61264d,mer_1032,cust_20195,17337.33,INR,card_credit,HDFC,captured,none,0,none,32.3,20,6,0,0,6.83,0,0,mobile_android,Chennai,Chennai,2026-08-09T20:39:28.124880
pay_2c05c6be493c46,mer_1035,cust_20001,71530.35,INR,upi,HDFC,captured,none,0,none,38.4,20,6,0,0,70.69,0,0,mobile_android,Chennai,Chennai,2026-08-09T20:42:02.124880
pay_2ad405ef706842,mer_1006,cust_20402,27880.38,INR,upi,ICICI,captured,none,0,none,35.6,20,6,0,0,10.73,0,0,desktop_chrome,Kochi,Kochi,2026-08-09T20:42:20.124880
pay_dcbfb037f3f246,mer_1035,cust_20254,83951.44,INR,upi,SBI,captured,none,0,none,39.8,20,6,0,1,66.82,304,0,mobile_android,Hyderabad,Bengaluru,2026-08-09T20:44:24.124880
pay_15255596374741,mer_1003,cust_20061,482.37,INR,card_debit,ICICI,failed,issuer_bank_down,0,none,17.0,20,6,0,0,0.47,0,0,desktop_chrome,Ahmedabad,Ahmedabad,2026-08-09T20:53:30.124880
pay_bfe42c43341248,mer_1010,cust_20570,2982.43,INR,card_debit,HDFC,captured,none,0,none,26.7,21,6,0,0,9.94,0,0,desktop_safari,Chennai,Chennai,2026-08-09T21:23:02.124880
pay_c310a4b3dbd749,mer_1025,cust_20050,41985.44,INR,card_debit,HDFC,captured,none,0,none,33.2,21,6,0,0,7.98,0,0,desktop_windows,Delhi NCR,Delhi NCR,2026-08-09T21:25:15.124880
pay_d70882dcbf6541,mer_1003,cust_20062,239.02,INR,upi,AXIS,captured,none,0,none,16.0,21,6,0,0,0.09,0,0,desktop_windows,Pune,Pune,2026-08-09T21:43:37.124880
pay_1e1b9a9669d345,mer_1026,cust_20278,35031.49,INR,upi,AXIS,captured,none,0,none,31.0,21,6,0,0,47.48,0,0,desktop_chrome,Kolkata,Kolkata,2026-08-09T21:53:06.124880
pay_703147645d2c41,mer_1030,cust_20328,86890.68,INR,card_credit,SBI,captured,none,0,none,33.8,22,6,0,1,30.92,0,0,mobile_android,Delhi NCR,Delhi NCR,2026-08-09T22:05:33.124880
pay_3f839be0f51147,mer_1014,cust_20495,35949.02,INR,upi,ICICI,captured,none,0,none,25.4,22,6,0,0,24.04,0,0,mobile_android,Kochi,Kochi,2026-08-09T22:23:11.124880
pay_fe6035faf3394e,mer_1040,cust_20558,30948.06,INR,upi,AXIS,captured,none,0,none,36.6,22,6,0,0,16.67,0,0,desktop_safari,Chennai,Chennai,2026-08-09T22:24:01.124880
pay_1e64df1f6b1448,mer_1028,cust_20298,7021.37,INR,card_debit,HDFC,captured,none,0,none,37.6,22,6,0,1,10.93,0,0,mobile_ios,Kochi,Kochi,2026-08-09T22:36:26.124880
pay_5111758599b842,mer_1023,cust_20520,9164.7,INR,upi,ICICI,captured,none,0,none,8.9,22,6,0,0,2.61,0,0,mobile_android,Ahmedabad,Ahmedabad,2026-08-09T22:55:23.124880
pay_355eb6e72eb04f,mer_1001,cust_20549,2374.81,INR,netbanking,ICICI,captured,none,0,none,34.8,23,6,0,0,2.03,1178,1,desktop_chrome,Mumbai,Chennai,2026-08-09T23:01:44.124880
pay_76ccaf9cd2a842,mer_1030,cust_20496,42106.61,INR,upi,HDFC,captured,none,0,none,55.0,23,6,0,0,53.97,0,1,desktop_windows,Kolkata,Kolkata,2026-08-09T23:06:18.124880
pay_56ba19fd8bb540,mer_1028,cust_20239,6653.42,INR,netbanking,HDFC,failed,insufficient_funds,0,none,39.0,23,6,0,0,6.63,0,0,desktop_safari,Chennai,Chennai,2026-08-09T23:11:52.124880
pay_05072a4196b942,mer_1035,cust_20421,40297.52,INR,upi,ICICI,captured,none,0,none,30.0,23,6,0,0,104.9,0,0,mobile_ios,Kolkata,Kolkata,2026-08-09T23:11:58.124880
pay_2c3e9dda0a6e45,mer_1030,cust_20299,27721.01,INR,wallet,ICICI,captured,none,0,none,36.3,23,6,0,1,52.89,0,0,desktop_windows,Chennai,Chennai,2026-08-09T23:13:53.124880
pay_80ee0f0867b549,mer_1037,cust_20383,1770.88,INR,upi,SBI,failed,issuer_bank_down,0,none,15.9,23,6,0,1,1.06,0,0,mobile_ios,Kochi,Kochi,2026-08-09T23:14:15.124880
pay_7f2e8c3ee56f4a,mer_1040,cust_20362,35244.62,INR,card_credit,PAYTM_BANK,captured,none,0,none,34.5,23,6,0,0,6.14,0,0,mobile_android,Jaipur,Jaipur,2026-08-09T23:14:44.124880
pay_da83779ab7ff46,mer_1015,cust_20145,2480.9,INR,upi,SBI,captured,none,0,none,15.6,23,6,0,1,1.06,0,0,mobile_android,Jaipur,Jaipur,2026-08-09T23:35:53.124880
pay_75d64b84cb7341,mer_1015,cust_20236,1461.92,INR,card_debit,ICICI,captured,none,0,none,11.5,23,6,0,0,2.59,0,0,desktop_windows,Mumbai,Mumbai,2026-08-09T23:43:56.124880
pay_8bba3de3ca6b4f,mer_1036,cust_20522,32248.57,INR,upi,SBI,captured,none,0,none,26.3,0,0,0,0,14.94,0,0,mobile_ios,Kochi,Kochi,2026-08-10T00:06:07.124880
pay_f81a3a4fa6074f,mer_1034,cust_20221,3613.11,INR,upi,HDFC,captured,none,0,none,38.8,0,0,0,0,12.04,0,0,mobile_android,Kolkata,Kolkata,2026-08-10T00:11:23.124880
pay_bea7e4c906a74e,mer_1016,cust_20292,50431.19,INR,upi,HDFC,captured,none,0,none,31.1,0,0,0,2,33.16,0,0,mobile_android,Jaipur,Jaipur,2026-08-10T00:33:12.124880
pay_19dfb37066114e,mer_1032,cust_20309,8982.91,INR,upi,SBI,captured,none,0,none,26.6,0,0,0,0,16.99,0,0,mobile_android,Ahmedabad,Ahmedabad,2026-08-10T00:46:24.124880
pay_7b707a8cf5af46,mer_1011,cust_20574,14595.46,INR,card_credit,HDFC,captured,none,0,none,38.9,0,0,0,0,3.19,0,0,desktop_safari,Kochi,Kochi,2026-08-10T00:47:26.124880
pay_ea09207e024043,mer_1022,cust_20534,4874.87,INR,upi,SBI,captured,none,0,none,48.0,1,0,0,0,6.2,0,0,mobile_ios,Kolkata,Kolkata,2026-08-10T01:16:39.124880
pay_987d462de4ce4d,mer_1017,cust_20268,830.53,INR,netbanking,ICICI,captured,none,0,none,16.7,1,0,0,0,0.58,0,0,desktop_windows,Ahmedabad,Ahmedabad,2026-08-10T01:30:25.124880
pay_e9494bd4759d48,mer_1038,cust_20183,20117.93,INR,upi,ICICI,captured,none,0,none,47.5,1,0,0,0,15.6,0,0,desktop_windows,Jaipur,Jaipur,2026-08-10T01:35:01.124880
pay_7ec7f6ca20f149,mer_1001,cust_20024,1281.12,INR,upi,AXIS,captured,none,0,none,23.2,1,0,0,0,2.62,0,0,desktop_safari,Jaipur,Jaipur,2026-08-10T01:45:17.124880
pay_bb411f860ca14b,mer_1016,cust_20122,47827.3,INR,upi,ICICI,captured,none,0,none,40.4,1,0,0,0,29.83,0,0,desktop_windows,Hyderabad,Hyderabad,2026-08-10T01:59:52.124880
pay_ed5302404f404c,mer_1019,cust_20555,153.92,INR,upi,ICICI,captured,none,0,none,27.1,2,0,0,0,0.06,0,0,mobile_android,Mumbai,Mumbai,2026-08-10T02:01:58.124880
pay_f8e67395bcc743,mer_1007,cust_20106,11746.86,INR,card_credit,ICICI,captured,none,0,none,44.4,2,0,0,1,9.55,0,0,mobile_ios,Chennai,Chennai,2026-08-10T02:04:40.124880
pay_95c016b635064c,mer_1037,cust_20519,4076.52,INR,card_debit,HDFC,captured,none,0,none,17.0,2,0,0,0,2.76,0,0,mobile_android,Bengaluru,Bengaluru,2026-08-10T02:09:39.124880
pay_0928d88cadb54e,mer_1029,cust_20502,109.06,INR,card_credit,KOTAK,captured,none,1,card_testing,81.5,2,0,0,0,0.08,0,0,desktop_windows,Kochi,Kochi,2026-08-10T02:17:12.124880
pay_448cbc7fa50e4c,mer_1032,cust_20584,33080.99,INR,netbanking,HDFC,captured,none,0,none,35.7,2,0,0,0,18.35,0,0,desktop_windows,Kolkata,Kolkata,2026-08-10T02:53:22.124880
pay_0bfb5e0d402144,mer_1026,cust_20268,60841.88,INR,card_debit,SBI,failed,risk_blocked,1,account_takeover,82.4,2,0,0,1,42.26,0,1,desktop_windows,Ahmedabad,Ahmedabad,2026-08-10T02:53:37.124880
pay_92fbdfedc7e64f,mer_1027,cust_20327,3129.04,INR,card_credit,PAYTM_BANK,captured,none,0,none,35.2,3,0,0,0,10.43,0,0,desktop_chrome,Pune,Pune,2026-08-10T03:05:32.124880
pay_43f1ab95a4ed46,mer_1001,cust_20374,4989.95,INR,card_credit,HDFC,failed,issuer_bank_down,0,none,37.9,3,0,0,0,4.12,0,0,mobile_android,Hyderabad,Hyderabad,2026-08-10T03:09:05.124880
pay_7f37c6ecc2ea4e,mer_1035,cust_20158,45102.08,INR,upi,ICICI,captured,none,0,none,35.9,3,0,0,0,26.57,0,0,mobile_ios,Delhi NCR,Delhi NCR,2026-08-10T03:10:36.124880
pay_90b65dbb191e46,mer_1035,cust_20065,74369.14,INR,netbanking,ICICI,captured,none,0,none,40.5,3,0,0,0,100.97,0,0,desktop_safari,Mumbai,Mumbai,2026-08-10T03:12:45.124880
pay_d8d0e5c07b1e45,mer_1005,cust_20357,99302.64,INR,card_debit,SBI,captured,none,0,none,57.5,3,0,0,0,114.63,1744,0,mobile_ios,Mumbai,Bengaluru,2026-08-10T03:13:21.124880
pay_afc4ae6eef0e47,mer_1039,cust_20316,29689.76,INR,card_debit,KOTAK,captured,none,0,none,38.0,3,0,0,0,41.93,0,0,mobile_ios,Kochi,Kochi,2026-08-10T03:16:34.124880
pay_adba5db3f3f848,mer_1038,cust_20554,27143.67,INR,upi,SBI,captured,none,0,none,41.8,3,0,0,0,12.64,438,0,mobile_ios,Pune,Kochi,2026-08-10T03:26:01.124880
pay_26f1d99580e746,mer_1010,cust_20528,5730.51,INR,card_credit,HDFC,captured,none,0,none,49.4,4,0,0,0,11.71,0,0,desktop_safari,Pune,Pune,2026-08-10T04:03:47.124880
pay_079c46566c1b47,mer_1036,cust_20500,30756.86,INR,upi,HDFC,captured,none,0,none,49.5,4,0,0,1,19.67,1381,0,mobile_android,Delhi NCR,Kochi,2026-08-10T04:07:28.124880
pay_6c8222d6512f49,mer_1028,cust_20480,2609.64,INR,card_credit,SBI,captured,none,0,none,19.9,4,0,0,0,1.46,0,0,desktop_windows,Chennai,Chennai,2026-08-10T04:12:29.124880
pay_ca554dd64e1c4a,mer_1017,cust_20555,2825.98,INR,upi,HDFC,captured,none,0,none,23.8,4,0,0,1,1.14,0,0,desktop_chrome,Mumbai,Mumbai,2026-08-10T04:20:44.124880
pay_1964f27d74da44,mer_1003,cust_20046,1165.53,INR,card_credit,HDFC,captured,none,0,none,17.8,4,0,0,0,1.66,0,0,desktop_windows,Mumbai,Mumbai,2026-08-10T04:49:13.124880
pay_230125b234404e,mer_1002,cust_20058,35313.91,INR,card_credit,SBI,captured,none,0,none,54.3,4,0,0,0,10.33,734,0,desktop_chrome,Mumbai,Ahmedabad,2026-08-10T04:57:55.124880
pay_895c84029ffd47,mer_1022,cust_20353,4391.45,INR,wallet,KOTAK,captured,none,1,account_takeover,91.8,5,0,0,1,3.08,0,1,desktop_windows,Jaipur,Jaipur,2026-08-10T05:32:11.124880
pay_363a40f793224f,mer_1001,cust_20107,717.32,INR,upi,SBI,captured,none,0,none,15.2,5,0,0,0,0.7,0,0,mobile_ios,Kochi,Kochi,2026-08-10T05:37:09.124880
pay_685d8c0dfe5340,mer_1001,cust_20139,2369.05,INR,wallet,ICICI,captured,none,0,none,34.3,5,0,0,0,3.47,0,0,mobile_ios,Jaipur,Jaipur,2026-08-10T05:55:23.124880
pay_efe8dedad1a647,mer_1024,cust_20485,6870.88,INR,card_credit,AXIS,captured,none,0,none,33.0,6,0,0,0,3.73,0,0,mobile_ios,Delhi NCR,Delhi NCR,2026-08-10T06:01:48.124880
pay_51e4b9d5a0c54c,mer_1022,cust_20451,256.68,INR,upi,ICICI,captured,none,0,none,9.6,6,0,0,0,0.16,0,0,mobile_android,Bengaluru,Bengaluru,2026-08-10T06:04:52.124880
pay_50d0c4fc74cb41,mer_1006,cust_20518,29084.02,INR,upi,HDFC,captured,none,0,none,28.2,6,0,0,2,39.45,0,0,desktop_chrome,Delhi NCR,Delhi NCR,2026-08-10T06:21:40.124880
pay_4c36a2ce0ecc43,mer_1028,cust_20569,15989.11,INR,card_debit,SBI,captured,none,0,none,31.2,6,0,0,2,20.74,0,0,desktop_chrome,Mumbai,Mumbai,2026-08-10T06:21:53.124880
pay_efb29816929c44,mer_1021,cust_20394,60316.83,INR,netbanking,ICICI,captured,none,0,none,38.1,6,0,0,0,19.62,0,0,desktop_windows,Chennai,Chennai,2026-08-10T06:23:17.124880
pay_920aa8d4880443,mer_1033,cust_20485,340.62,INR,upi,HDFC,captured,none,0,none,7.0,6,0,1,1,0.18,0,0,desktop_chrome,Delhi NCR,Delhi NCR,2026-08-10T06:47:01.124880
pay_ee923da16cdb41,mer_1017,cust_20521,697.85,INR,upi,ICICI,captured,none,0,none,11.4,6,0,0,0,0.82,0,0,desktop_chrome,Hyderabad,Hyderabad,2026-08-10T06:58:05.124880
pay_ee8cac696e9846,mer_1022,cust_20109,3171.26,INR,card_debit,ICICI,captured,none,0,none,7.5,7,0,0,0,0.38,0,0,desktop_chrome,Delhi NCR,Delhi NCR,2026-08-10T07:04:05.124880
pay_ab2aab04ec7447,mer_1037,cust_20538,1531.34,INR,netbanking,SBI,captured,none,0,none,6.3,7,0,0,1,0.25,0,0,desktop_windows,Kolkata,Kolkata,2026-08-10T07:14:00.124880
pay_caf06df40c4a43,mer_1034,cust_20006,2103.12,INR,card_debit,SBI,captured,none,0,none,39.6,7,0,0,0,4.65,0,0,mobile_ios,Bengaluru,Bengaluru,2026-08-10T07:18:48.124880
pay_2ed39e163aaa45,mer_1038,cust_20533,6479.67,INR,upi,HDFC,captured,none,0,none,36.6,7,0,0,1,3.76,0,0,desktop_chrome,Jaipur,Jaipur,2026-08-10T07:19:25.124880
pay_7e3cdc7608f848,mer_1025,cust_20530,36608.05,INR,upi,HDFC,captured,none,0,none,29.7,7,0,0,0,14.6,0,0,desktop_windows,Kochi,Kochi,2026-08-10T07:20:48.124880
pay_cff2eb6020c844,mer_1004,cust_20553,30527.39,INR,upi,HDFC,captured,none,0,none,29.8,7,0,0,0,19.39,0,0,desktop_safari,Kolkata,Kolkata,2026-08-10T07:41:52.124880
pay_472e728322c44c,mer_1005,cust_20138,32375.0,INR,wallet,HDFC,captured,none,0,none,30.5,8,0,0,0,20.76,0,0,desktop_windows,Delhi NCR,Delhi NCR,2026-08-10T08:12:29.124880
pay_b7a1218e521e4f,mer_1029,cust_20434,1840.08,INR,card_credit,ICICI,captured,none,0,none,8.1,8,0,0,0,0.5,0,0,mobile_ios,Pune,Pune,2026-08-10T08:12:48.124880
pay_1efce0f3fca245,mer_1034,cust_20248,694.71,INR,upi,KOTAK,captured,none,0,none,12.7,8,0,0,0,0.79,0,0,desktop_chrome,Kolkata,Kolkata,2026-08-10T08:13:45.124880
pay_ad0c28a166b84c,mer_1012,cust_20296,5260.41,INR,upi,AXIS,captured,none,0,none,34.0,8,0,0,0,3.99,0,0,desktop_safari,Pune,Pune,2026-08-10T08:46:18.124880
pay_972c85bb7aa84b,mer_1033,cust_20422,324.72,INR,upi,ICICI,captured,none,0,none,16.7,8,0,0,1,0.79,0,0,mobile_android,Hyderabad,Hyderabad,2026-08-10T08:56:21.124880
pay_a919159a22e94b,mer_1032,cust_20398,10696.29,INR,upi,HDFC,captured,none,0,none,26.1,8,0,0,0,6.45,0,0,desktop_safari,Hyderabad,Hyderabad,2026-08-10T08:57:59.124880
pay_546e898c90b846,mer_1026,cust_20184,65399.99,INR,card_credit,ICICI,captured,none,0,none,34.6,9,0,0,0,218.0,0,0,desktop_chrome,Chennai,Chennai,2026-08-10T09:31:55.124880
pay_24c34c00fd4e46,mer_1015,cust_20360,651.01,INR,card_debit,HDFC,captured,none,0,none,13.0,9,0,0,0,0.71,0,0,mobile_android,Delhi NCR,Delhi NCR,2026-08-10T09:45:14.124880
pay_fea176ff9dbb45,mer_1011,cust_20398,9748.33,INR,upi,AXIS,failed,issuer_bank_down,0,none,35.9,9,0,0,1,5.88,0,0,desktop_safari,Hyderabad,Hyderabad,2026-08-10T09:58:48.124880
pay_9d6865bb1bbd40,mer_1024,cust_20243,911.07,INR,upi,ICICI,captured,none,0,none,32.7,10,0,0,0,0.88,0,1,desktop_chrome,Chennai,Chennai,2026-08-10T10:25:53.124880
pay_ff5f96a9d8954e,mer_1011,cust_20202,4275.14,INR,upi,ICICI,captured,none,0,none,30.6,10,0,0,0,8.15,0,0,mobile_ios,Jaipur,Jaipur,2026-08-10T10:30:24.124880
pay_8e41b5009e2c43,mer_1036,cust_20065,12328.28,INR,upi,HDFC,captured,none,0,none,35.7,10,0,0,1,16.74,0,0,desktop_windows,Mumbai,Mumbai,2026-08-10T10:34:31.124880
pay_75384f4ed8a04d,mer_1032,cust_20214,32944.21,INR,card_debit,AXIS,captured,none,0,none,29.3,10,0,0,0,18.57,0,0,mobile_ios,Jaipur,Jaipur,2026-08-10T10:35:30.124880
pay_e2ef332a4f3946,mer_1020,cust_20258,4027.64,INR,upi,KOTAK,captured,none,0,none,39.5,10,0,0,0,5.58,0,0,desktop_safari,Kochi,Kochi,2026-08-10T10:46:25.124880
pay_a9a8d763b4ae4e,mer_1003,cust_20408,4345.33,INR,upi,KOTAK,captured,none,0,none,25.3,10,0,0,0,7.47,0,0,mobile_ios,Mumbai,Mumbai,2026-08-10T10:50:35.124880
pay_4f48b9e8d5354d,mer_1026,cust_20245,83661.61,INR,card_credit,ICICI,captured,none,0,none,30.1,11,0,0,0,150.92,0,0,mobile_android,Mumbai,Mumbai,2026-08-10T11:13:59.124880
pay_bb072003b4754e,mer_1006,cust_20094,7520.0,INR,card_debit,PAYTM_BANK,captured,none,0,none,11.2,11,0,0,0,1.67,0,0,mobile_android,Chennai,Chennai,2026-08-10T11:22:56.124880
pay_db311222a5c64a,mer_1008,cust_20277,64210.7,INR,upi,SBI,failed,issuer_bank_down,0,none,27.0,11,0,0,0,54.25,0,0,desktop_windows,Ahmedabad,Ahmedabad,2026-08-10T11:23:37.124880
pay_28efd2e997f042,mer_1004,cust_20016,25620.08,INR,upi,HDFC,captured,none,0,none,32.3,11,0,0,0,24.96,0,0,mobile_ios,Mumbai,Mumbai,2026-08-10T11:24:03.124880
pay_ab0640f83f6a46,mer_1007,cust_20239,62015.47,INR,upi,SBI,captured,none,0,none,47.0,11,0,0,1,61.8,991,0,desktop_chrome,Chennai,Ahmedabad,2026-08-10T11:32:31.124880
pay_a9cdaa62656442,mer_1019,cust_20058,5533.1,INR,netbanking,ICICI,captured,none,0,none,13.3,11,0,0,1,1.62,0,0,desktop_chrome,Mumbai,Mumbai,2026-08-10T11:50:58.124880
pay_dfa2b59f214446,mer_1001,cust_20477,1529.78,INR,upi,HDFC,captured,none,0,none,15.9,12,0,0,0,0.2,0,0,mobile_ios,Kochi,Kochi,2026-08-10T12:24:08.124880
pay_67cff603f2434b,mer_1027,cust_20071,3814.54,INR,upi,KOTAK,captured,none,0,none,7.9,12,0,0,0,2.05,0,0,desktop_windows,Bengaluru,Bengaluru,2026-08-10T12:32:14.124880
pay_343e2219fd4544,mer_1012,cust_20308,5534.83,INR,upi,ICICI,captured,none,0,none,26.2,12,0,0,0,7.97,0,0,mobile_ios,Chennai,Chennai,2026-08-10T12:32:36.124880
pay_5b2901a375a548,mer_1033,cust_20334,2102.63,INR,upi,HDFC,captured,none,0,none,17.8,12,0,0,0,0.85,0,0,mobile_android,Bengaluru,Bengaluru,2026-08-10T12:40:20.124880
pay_041a22aa32b944,mer_1007,cust_20285,25999.74,INR,upi,HDFC,captured,none,0,none,33.5,12,0,0,0,10.57,0,0,desktop_chrome,Hyderabad,Hyderabad,2026-08-10T12:50:13.124880
pay_a5976182a3524d,mer_1037,cust_20233,1648.03,INR,netbanking,SBI,captured,none,0,none,9.2,13,0,0,0,1.68,0,0,desktop_windows,Chennai,Chennai,2026-08-10T13:00:12.124880
pay_4ab5b7853d4649,mer_1023,cust_20202,7608.4,INR,card_debit,ICICI,captured,none,0,none,36.8,13,0,0,1,14.51,0,0,desktop_windows,Jaipur,Jaipur,2026-08-10T13:43:33.124880
pay_68430b510a8b43,mer_1006,cust_20023,30004.69,INR,upi,SBI,captured,none,0,none,38.6,13,0,0,0,51.48,0,0,desktop_windows,Pune,Pune,2026-08-10T13:59:28.124880
pay_76c4074a3d564f,mer_1009,cust_20231,14328.82,INR,upi,SBI,captured,none,0,none,30.9,14,0,0,0,16.63,0,0,mobile_android,Kolkata,Kolkata,2026-08-10T14:06:08.124880
pay_ee29d5be1a7a4b,mer_1030,cust_20292,34077.4,INR,upi,SBI,captured,none,0,none,36.6,15,0,0,1,22.41,0,0,desktop_chrome,Jaipur,Jaipur,2026-08-10T15:09:59.124880
pay_79720d64253d41,mer_1037,cust_20140,4855.67,INR,card_credit,HDFC,captured,none,0,none,17.0,15,0,0,0,1.17,0,0,desktop_chrome,Kochi,Kochi,2026-08-10T15:27:55.124880
pay_aa402cf6bde44f,mer_1017,cust_20106,325.58,INR,card_debit,SBI,captured,none,0,none,14.9,15,0,0,1,0.26,0,0,mobile_ios,Chennai,Chennai,2026-08-10T15:46:08.124880
pay_3999b0f682cf4d,mer_1029,cust_20431,2343.34,INR,netbanking,ICICI,captured,none,0,none,8.0,15,0,0,0,2.11,0,0,desktop_chrome,Bengaluru,Bengaluru,2026-08-10T15:57:20.124880
pay_5ae3c722a40544,mer_1018,cust_20175,4879.19,INR,card_debit,AXIS,captured,none,0,none,54.7,16,0,0,0,4.85,0,1,desktop_chrome,Hyderabad,Hyderabad,2026-08-10T16:05:28.124880
pay_f663454d2cb14f,mer_1005,cust_20303,7323.96,INR,wallet,HDFC,captured,none,0,none,15.7,16,0,0,0,1.35,0,0,mobile_ios,Delhi NCR,Delhi NCR,2026-08-10T16:06:00.124880
pay_f00f3ff4ad5249,mer_1013,cust_20123,36856.49,INR,upi,HDFC,captured,none,0,none,39.2,16,0,0,0,17.37,0,0,mobile_android,Bengaluru,Bengaluru,2026-08-10T16:11:08.124880
pay_db3facf9d73b43,mer_1012,cust_20168,37580.53,INR,wallet,HDFC,captured,none,0,none,35.0,16,0,0,0,30.19,0,0,desktop_windows,Ahmedabad,Ahmedabad,2026-08-10T16:30:04.124880
pay_0d6a17b2322f4f,mer_1019,cust_20289,4187.48,INR,upi,ICICI,failed,issuer_bank_down,0,none,5.5,16,0,0,0,1.51,0,0,mobile_android,Delhi NCR,Delhi NCR,2026-08-10T16:52:25.124880
pay_d780fbccf94b47,mer_1009,cust_20302,36543.0,INR,wallet,PAYTM_BANK,captured,none,0,none,35.7,17,0,0,0,7.91,0,0,mobile_ios,Ahmedabad,Ahmedabad,2026-08-10T17:14:21.124880
pay_bf152eef156348,mer_1002,cust_20027,75069.52,INR,upi,SBI,captured,none,0,none,38.8,17,0,0,0,31.33,0,0,mobile_ios,Kolkata,Kolkata,2026-08-10T17:21:00.124880
pay_301917c7b8234b,mer_1012,cust_20032,4357.88,INR,upi,SBI,captured,none,0,none,15.3,17,0,0,0,2.7,0,0,mobile_android,Kolkata,Kolkata,2026-08-10T17:23:54.124880
pay_a5c2b527453d43,mer_1014,cust_20077,31930.1,INR,upi,ICICI,captured,none,0,none,31.7,17,0,0,0,18.36,0,0,desktop_safari,Pune,Pune,2026-08-10T17:30:13.124880
pay_9df76c9fced64c,mer_1023,cust_20119,2596.02,INR,upi,HDFC,captured,none,0,none,30.3,17,0,0,0,0.84,0,1,desktop_chrome,Kolkata,Kolkata,2026-08-10T17:37:26.124880
pay_f2a2dda12d3542,mer_1005,cust_20351,13676.64,INR,card_debit,ICICI,captured,none,0,none,28.8,17,0,0,0,22.83,0,0,desktop_safari,Kochi,Kochi,2026-08-10T17:51:16.124880
pay_43b8521985354e,mer_1024,cust_20198,1471.69,INR,upi,HDFC,captured,none,0,none,23.2,18,0,0,0,1.8,0,1,desktop_chrome,Pune,Pune,2026-08-10T18:20:30.124880
pay_c19563fb6cc04e,mer_1003,cust_20509,815.42,INR,upi,AXIS,captured,none,0,none,9.5,18,0,0,0,0.22,0,0,desktop_windows,Jaipur,Jaipur,2026-08-10T18:20:49.124880
pay_9fd82ede949141,mer_1002,cust_20562,5075.4,INR,upi,SBI,refunded,customer_return,0,none,39.0,18,0,0,0,3.45,0,0,mobile_ios,Hyderabad,Hyderabad,2026-08-10T18:45:20.124880
pay_87fc3ec2e8ee4b,mer_1040,cust_20589,47253.28,INR,upi,HDFC,captured,none,0,none,26.7,19,0,0,0,11.86,0,0,desktop_chrome,Jaipur,Jaipur,2026-08-10T19:09:05.124880
pay_5413ee2e5c134d,mer_1040,cust_20463,30956.01,INR,netbanking,HDFC,captured,none,0,none,36.0,19,0,0,0,16.05,0,0,mobile_ios,Pune,Pune,2026-08-10T19:11:40.124880
pay_c6a20c3f9a8248,mer_1022,cust_20264,1224.71,INR,card_credit,AXIS,captured,none,0,none,8.6,19,0,0,0,1.63,0,0,mobile_ios,Chennai,Chennai,2026-08-10T19:15:56.124880
pay_349facabd4ad42,mer_1028,cust_20404,9996.57,INR,card_debit,AXIS,captured,none,0,none,37.8,19,0,0,0,5.34,1718,0,mobile_ios,Chennai,Mumbai,2026-08-10T19:23:41.124880
pay_69d82c7093804e,mer_1028,cust_20505,119.12,INR,upi,SBI,captured,none,1,card_testing,86.6,19,0,0,0,0.06,0,0,desktop_safari,Ahmedabad,Ahmedabad,2026-08-10T19:36:57.124880
pay_0770d0c3740e4b,mer_1015,cust_20368,3894.2,INR,upi,SBI,captured,none,0,none,11.5,19,0,0,0,2.49,0,0,desktop_safari,Hyderabad,Hyderabad,2026-08-10T19:59:25.124880
pay_1a358247988a43,mer_1006,cust_20397,25868.39,INR,card_credit,HDFC,captured,none,0,none,37.6,20,0,0,0,10.09,0,0,desktop_chrome,Delhi NCR,Delhi NCR,2026-08-10T20:17:02.124880
pay_971dd6ee606e4a,mer_1026,cust_20060,86960.55,INR,netbanking,ICICI,failed,issuer_bank_down,0,none,35.1,20,0,0,0,39.22,0,0,mobile_android,Ahmedabad,Ahmedabad,2026-08-10T20:24:58.124880
pay_236389ed607d4e,mer_1040,cust_20028,35964.2,INR,card_credit,HDFC,failed,auth_timeout,0,none,28.4,20,0,0,0,84.78,0,0,mobile_ios,Hyderabad,Hyderabad,2026-08-10T20:31:11.124880
pay_2dabeb81885745,mer_1014,cust_20224,35768.58,INR,card_debit,SBI,captured,none,0,none,25.3,20,0,0,0,11.3,0,0,desktop_safari,Ahmedabad,Ahmedabad,2026-08-10T20:32:58.124880
pay_308817edb09846,mer_1002,cust_20038,47915.46,INR,upi,KOTAK,captured,none,0,none,37.4,20,0,0,0,124.33,0,0,desktop_windows,Kochi,Kochi,2026-08-10T20:35:07.124880
pay_e74d080029ce43,mer_1023,cust_20380,2358.11,INR,netbanking,KOTAK,captured,none,0,none,10.9,20,0,0,0,1.1,0,0,mobile_android,Ahmedabad,Ahmedabad,2026-08-10T20:37:32.124880
pay_13757caab35048,mer_1024,cust_20014,6344.04,INR,card_credit,SBI,captured,none,0,none,36.1,20,0,0,0,15.41,0,0,mobile_android,Bengaluru,Bengaluru,2026-08-10T20:40:06.124880
pay_721e26cb0ee543,mer_1020,cust_20550,11335.26,INR,upi,ICICI,captured,none,0,none,26.8,20,0,0,0,9.88,0,0,desktop_safari,Jaipur,Jaipur,2026-08-10T20:43:49.124880
pay_e3983deca18047,mer_1031,cust_20446,52384.39,INR,upi,ICICI,captured,none,0,none,37.3,20,0,0,0,13.42,0,0,desktop_safari,Kochi,Kochi,2026-08-10T20:50:38.124880
pay_6fa5e57ae82a4c,mer_1023,cust_20136,906.99,INR,netbanking,SBI,captured,none,0,none,9.4,20,0,0,0,0.44,0,0,mobile_ios,Hyderabad,Hyderabad,2026-08-10T20:59:04.124880
pay_b97b6b4b618b4a,mer_1028,cust_20453,7203.19,INR,card_debit,AXIS,captured,none,0,none,39.7,21,0,0,0,7.15,0,0,mobile_android,Kochi,Kochi,2026-08-10T21:13:24.124880
pay_94f3c06b3ae245,mer_1032,cust_20292,24024.57,INR,upi,KOTAK,captured,none,0,none,37.8,21,0,0,2,15.8,0,0,mobile_android,Jaipur,Jaipur,2026-08-10T21:14:52.124880
pay_56d252aef50f49,mer_1008,cust_20004,73913.31,INR,upi,HDFC,captured,none,0,none,33.7,21,0,0,0,20.3,0,0,mobile_android,Ahmedabad,Ahmedabad,2026-08-10T21:46:14.124880
pay_1bd16306d2f94c,mer_1023,cust_20501,5475.68,INR,card_credit,ICICI,captured,none,0,none,18.4,21,0,0,0,0.95,0,0,mobile_android,Delhi NCR,Delhi NCR,2026-08-10T21:58:52.124880
pay_988b74a3e7fd40,mer_1004,cust_20288,37110.22,INR,upi,SBI,captured,none,0,none,35.3,22,0,0,0,13.65,0,0,desktop_safari,Pune,Pune,2026-08-10T22:04:57.124880
pay_4b060dbdf6004f,mer_1029,cust_20136,827.43,INR,upi,HDFC,captured,none,0,none,31.9,22,0,0,1,0.4,0,1,desktop_safari,Hyderabad,Hyderabad,2026-08-10T22:07:21.124880
pay_00c8ae7610564e,mer_1023,cust_20340,6008.43,INR,card_credit,KOTAK,captured,none,0,none,38.5,22,0,0,0,6.87,0,0,desktop_safari,Bengaluru,Bengaluru,2026-08-10T22:11:40.124880
pay_695fbbc7dbaa45,mer_1013,cust_20600,11456.15,INR,upi,HDFC,captured,none,0,none,38.8,22,0,0,0,38.19,510,0,desktop_chrome,Hyderabad,Bengaluru,2026-08-10T22:54:36.124880
pay_a6e2e854a63e44,mer_1015,cust_20452,2653.08,INR,netbanking,ICICI,captured,none,0,none,14.0,23,0,0,0,1.31,0,0,desktop_chrome,Hyderabad,Hyderabad,2026-08-10T23:03:41.124880
pay_a1b36b3730e545,mer_1029,cust_20402,1943.75,INR,card_debit,HDFC,captured,none,0,none,12.3,23,0,0,0,0.75,0,0,mobile_android,Kochi,Kochi,2026-08-10T23:20:15.124880
pay_f3b183cf562d4d,mer_1022,cust_20161,3881.15,INR,card_debit,HDFC,captured,none,0,none,16.0,23,0,0,0,2.31,0,0,mobile_ios,Pune,Pune,2026-08-10T23:25:38.124880
pay_99c01582833240,mer_1034,cust_20419,4594.77,INR,upi,HDFC,captured,none,0,none,17.7,0,1,0,0,0.9,0,0,desktop_safari,Kochi,Kochi,2026-08-11T00:00:42.124880
pay_7ef05cebde1049,mer_1024,cust_20566,4357.31,INR,upi,ICICI,failed,issuer_bank_down,0,none,13.6,0,1,0,0,1.01,0,0,desktop_chrome,Chennai,Chennai,2026-08-11T00:04:46.124880
pay_1b058dadf1df48,mer_1026,cust_20199,60813.22,INR,upi,KOTAK,captured,none,0,none,39.9,0,1,0,0,96.4,0,0,mobile_android,Mumbai,Mumbai,2026-08-11T00:07:17.124880
pay_c1e8d651e12e49,mer_1009,cust_20415,17599.46,INR,card_debit,PAYTM_BANK,captured,none,0,none,32.0,0,1,0,0,10.73,0,0,desktop_chrome,Jaipur,Jaipur,2026-08-11T00:26:46.124880
pay_2359b993acd948,mer_1039,cust_20107,35187.98,INR,card_credit,AXIS,captured,none,0,none,37.0,0,1,0,1,34.58,0,0,mobile_android,Kochi,Kochi,2026-08-11T00:40:39.124880
pay_e672836898394f,mer_1016,cust_20284,44967.45,INR,card_debit,HDFC,captured,none,0,none,46.7,1,1,0,0,20.73,0,0,desktop_chrome,Hyderabad,Hyderabad,2026-08-11T01:22:10.124880
pay_9709716c8c7c45,mer_1036,cust_20534,37502.77,INR,upi,SBI,captured,none,0,none,47.3,1,1,0,0,47.72,0,0,desktop_safari,Kolkata,Kolkata,2026-08-11T01:22:39.124880
pay_8e54097697234b,mer_1039,cust_20365,27018.77,INR,card_debit,HDFC,failed,issuer_bank_down,0,none,49.6,1,1,0,0,11.7,0,0,desktop_chrome,Pune,Pune,2026-08-11T01:23:48.124880
pay_e60fc045e18940,mer_1021,cust_20496,61419.11,INR,card_debit,AXIS,captured,none,0,none,36.0,1,1,0,0,78.72,0,0,desktop_safari,Kolkata,Kolkata,2026-08-11T01:37:55.124880
pay_0612c9a31fac42,mer_1012,cust_20260,20322.65,INR,upi,HDFC,captured,none,0,none,42.6,1,1,0,0,14.0,0,0,mobile_ios,Kolkata,Kolkata,2026-08-11T01:45:23.124880
pay_4e411d6cf61641,mer_1011,cust_20271,21514.31,INR,card_credit,ICICI,captured,none,0,none,40.8,1,1,0,0,10.47,0,0,desktop_chrome,Kochi,Kochi,2026-08-11T01:50:46.124880
pay_6bb5f101a4d44a,mer_1017,cust_20401,625.0,INR,upi,ICICI,captured,none,0,none,37.7,2,1,0,0,0.16,0,1,mobile_android,Delhi NCR,Delhi NCR,2026-08-11T02:04:21.124880
pay_e4f441e227614e,mer_1013,cust_20338,17792.33,INR,netbanking,SBI,captured,none,0,none,35.0,2,1,0,0,10.01,0,0,desktop_windows,Mumbai,Mumbai,2026-08-11T02:13:47.124880
pay_c5ffc189cc764c,mer_1015,cust_20305,651.69,INR,netbanking,ICICI,captured,none,0,none,21.3,2,1,0,0,0.11,0,0,mobile_android,Jaipur,Jaipur,2026-08-11T02:16:00.124880
pay_5c058b8b7d4c49,mer_1023,cust_20442,2316.18,INR,wallet,HDFC,captured,none,0,none,18.9,2,1,0,0,2.41,0,0,desktop_safari,Jaipur,Jaipur,2026-08-11T02:22:06.124880
pay_c059d89a68d84e,mer_1015,cust_20313,4520.12,INR,card_credit,PAYTM_BANK,captured,none,0,none,44.4,2,1,0,0,3.03,0,0,desktop_windows,Delhi NCR,Delhi NCR,2026-08-11T02:30:13.124880
pay_e2b78ccc93a74e,mer_1011,cust_20186,11391.69,INR,card_credit,AXIS,captured,none,0,none,44.2,2,1,0,0,6.06,0,0,desktop_safari,Mumbai,Mumbai,2026-08-11T02:48:54.124880
pay_979e47f1589446,mer_1001,cust_20070,2656.81,INR,netbanking,SBI,captured,none,0,none,20.0,3,1,0,0,2.76,0,0,desktop_safari,Kochi,Kochi,2026-08-11T03:03:19.124880
pay_20926682ab5a4c,mer_1010,cust_20532,3387.71,INR,upi,AXIS,captured,none,0,none,22.0,3,1,0,0,2.73,0,0,desktop_chrome,Kolkata,Kolkata,2026-08-11T03:03:49.124880
pay_cc876b39c6d646,mer_1016,cust_20563,81090.8,INR,upi,HDFC,failed,auth_timeout,0,none,42.7,3,1,0,0,131.96,0,0,desktop_chrome,Kochi,Kochi,2026-08-11T03:10:21.124880
pay_7bf65cd4865149,mer_1025,cust_20572,58680.02,INR,card_credit,HDFC,captured,none,0,none,36.6,3,1,0,0,21.39,0,0,mobile_ios,Hyderabad,Hyderabad,2026-08-11T03:30:07.124880
pay_c9466c4fc36245,mer_1023,cust_20457,6459.61,INR,upi,HDFC,captured,none,0,none,47.7,3,1,0,0,5.26,0,0,desktop_safari,Bengaluru,Bengaluru,2026-08-11T03:43:03.124880
pay_6092550bc5b049,mer_1016,cust_20541,28300.05,INR,card_credit,HDFC,captured,none,0,none,48.0,3,1,0,0,19.33,0,0,desktop_windows,Jaipur,Jaipur,2026-08-11T03:46:52.124880
pay_2a55e27a4dbb4f,mer_1008,cust_20435,59531.81,INR,upi,SBI,captured,none,0,none,42.5,4,1,0,0,84.14,0,0,desktop_safari,Ahmedabad,Ahmedabad,2026-08-11T04:00:17.124880
pay_82b672b23cb742,mer_1012,cust_20320,25052.16,INR,upi,PAYTM_BANK,captured,none,0,none,47.6,4,1,0,0,13.7,0,0,desktop_windows,Kolkata,Kolkata,2026-08-11T04:00:37.124880
pay_69bcee487bc744,mer_1006,cust_20275,19123.48,INR,upi,ICICI,captured,none,0,none,49.7,4,1,0,0,7.7,0,0,mobile_ios,Bengaluru,Bengaluru,2026-08-11T04:16:59.124880
pay_899f414752b64f,mer_1002,cust_20194,59577.44,INR,upi,HDFC,captured,none,0,none,40.2,4,1,0,0,85.17,0,0,desktop_chrome,Hyderabad,Hyderabad,2026-08-11T04:18:31.124880
pay_ff0dc704ce5b4c,mer_1021,cust_20531,82589.22,INR,wallet,AXIS,refunded,customer_return,0,none,47.3,4,1,0,0,94.05,0,0,desktop_safari,Mumbai,Mumbai,2026-08-11T04:20:12.124880
pay_aef7e2923e8349,mer_1028,cust_20468,9092.24,INR,upi,ICICI,captured,none,0,none,41.0,4,1,0,0,7.17,0,0,desktop_safari,Delhi NCR,Delhi NCR,2026-08-11T04:35:01.124880
pay_4d3359a0de5c49,mer_1019,cust_20166,5081.93,INR,upi,PAYTM_BANK,captured,none,0,none,39.5,4,1,0,0,10.16,0,0,mobile_ios,Ahmedabad,Ahmedabad,2026-08-11T04:46:03.124880
pay_6e50f2115db34c,mer_1026,cust_20462,7973.04,INR,upi,AXIS,captured,none,0,none,45.5,4,1,0,0,4.87,0,0,desktop_windows,Chennai,Chennai,2026-08-11T04:48:50.124880
pay_25c2fceb6ae443,mer_1031,cust_20002,31728.41,INR,upi,ICICI,captured,none,0,none,48.7,4,1,0,0,105.76,0,0,desktop_chrome,Mumbai,Mumbai,2026-08-11T04:53:59.124880
pay_ea9b400624004e,mer_1013,cust_20406,27649.38,INR,netbanking,SBI,captured,none,0,none,49.7,4,1,0,0,7.8,0,0,desktop_safari,Kolkata,Kolkata,2026-08-11T04:59:28.124880
pay_5fbeda47aa634a,mer_1020,cust_20317,8429.05,INR,netbanking,ICICI,captured,none,0,none,23.5,4,1,0,0,2.48,0,0,mobile_ios,Jaipur,Jaipur,2026-08-11T04:59:54.124880
pay_96335e1798164d,mer_1002,cust_20387,28451.32,INR,card_debit,AXIS,captured,none,0,none,37.4,5,1,0,0,29.2,0,0,desktop_windows,Bengaluru,Bengaluru,2026-08-11T05:01:52.124880
pay_01647f334b0f4e,mer_1018,cust_20458,12266.13,INR,upi,HDFC,captured,none,0,none,48.1,5,1,0,0,20.52,1509,0,mobile_ios,Bengaluru,Kochi,2026-08-11T05:18:43.124880
pay_80718a86ef984c,mer_1007,cust_20142,15070.16,INR,netbanking,HDFC,captured,none,0,none,38.3,5,1,0,0,14.29,0,0,desktop_windows,Mumbai,Mumbai,2026-08-11T05:27:50.124880
pay_c81acac4d9194d,mer_1024,cust_20358,3596.93,INR,netbanking,ICICI,captured,none,0,none,15.9,5,1,0,0,1.51,0,0,desktop_safari,Mumbai,Mumbai,2026-08-11T05:34:03.124880
pay_4c9fd7e5d1f647,mer_1002,cust_20007,75898.23,INR,card_debit,ICICI,captured,none,1,account_takeover,81.3,5,1,0,0,67.44,0,1,mobile_ios,Kochi,Kochi,2026-08-11T05:41:14.124880
pay_eedcb945404246,mer_1016,cust_20427,20760.54,INR,upi,ICICI,captured,none,0,none,34.3,5,1,0,0,8.37,0,0,desktop_chrome,Hyderabad,Hyderabad,2026-08-11T05:56:38.124880
pay_e8d754013a3b4f,mer_1037,cust_20084,3122.43,INR,card_debit,ICICI,captured,none,0,none,8.5,6,1,0,0,1.69,0,0,desktop_windows,Kochi,Kochi,2026-08-11T06:16:14.124880
pay_5254cf3aa87a4f,mer_1019,cust_20068,4907.67,INR,upi,ICICI,captured,none,0,none,19.9,6,1,0,0,2.5,0,0,desktop_chrome,Chennai,Chennai,2026-08-11T06:20:01.124880
pay_1d81f27a72714e,mer_1005,cust_20431,60637.66,INR,card_debit,HDFC,captured,none,0,none,29.5,6,1,0,1,54.52,0,0,desktop_safari,Bengaluru,Bengaluru,2026-08-11T06:24:47.124880
pay_ca99b754f5f544,mer_1013,cust_20274,6646.81,INR,netbanking,ICICI,captured,none,0,none,34.8,6,1,0,0,1.42,0,1,mobile_android,Delhi NCR,Delhi NCR,2026-08-11T06:51:23.124880
pay_f7480f78d59843,mer_1002,cust_20368,29712.53,INR,upi,AXIS,captured,none,0,none,39.5,6,1,0,1,18.97,0,0,desktop_windows,Hyderabad,Hyderabad,2026-08-11T06:52:36.124880
pay_4164dd57fd5044,mer_1002,cust_20308,21827.18,INR,wallet,ICICI,captured,none,0,none,36.0,7,1,0,1,31.41,0,0,desktop_chrome,Chennai,Chennai,2026-08-11T07:00:37.124880
pay_527eb2a0427244,mer_1011,cust_20290,40636.24,INR,upi,ICICI,captured,none,0,none,33.5,7,1,0,0,13.72,0,0,desktop_chrome,Mumbai,Mumbai,2026-08-11T07:08:31.124880
pay_a0fa66a67fc649,mer_1001,cust_20241,441.53,INR,upi,SBI,captured,none,0,none,12.6,7,1,0,0,0.43,0,0,mobile_android,Delhi NCR,Delhi NCR,2026-08-11T07:17:29.124880
pay_d9dff244f23747,mer_1022,cust_20517,3586.47,INR,card_debit,ICICI,failed,incorrect_otp,0,none,12.7,7,1,0,0,1.11,0,0,desktop_chrome,Jaipur,Jaipur,2026-08-11T07:35:08.124880
pay_6370cdfacb1a48,mer_1034,cust_20147,2892.77,INR,upi,KOTAK,captured,none,0,none,8.2,7,1,0,0,2.58,0,0,desktop_windows,Mumbai,Mumbai,2026-08-11T07:37:44.124880
pay_a86938932b9941,mer_1031,cust_20212,18847.75,INR,card_debit,HDFC,captured,none,0,none,28.8,8,1,0,0,31.52,0,0,desktop_chrome,Mumbai,Mumbai,2026-08-11T08:03:54.124880
pay_e7d0ecebd94043,mer_1030,cust_20565,90320.41,INR,upi,HDFC,captured,none,0,none,35.7,8,1,0,0,24.54,0,0,desktop_chrome,Jaipur,Jaipur,2026-08-11T08:12:12.124880
pay_342a54fb430f44,mer_1025,cust_20077,4632.36,INR,upi,HDFC,captured,none,0,none,15.0,8,1,0,1,2.66,0,0,mobile_android,Pune,Pune,2026-08-11T08:12:26.124880
pay_aa4aea60934e47,mer_1033,cust_20107,1389.33,INR,upi,SBI,captured,none,0,none,9.0,8,1,0,1,1.37,0,0,desktop_windows,Kochi,Kochi,2026-08-11T08:19:16.124880
pay_b84936cc09dc44,mer_1010,cust_20578,6040.31,INR,upi,HDFC,captured,none,0,none,26.7,8,1,0,0,4.13,0,0,desktop_chrome,Delhi NCR,Delhi NCR,2026-08-11T08:46:56.124880
pay_587c032e2d684b,mer_1020,cust_20528,28126.04,INR,wallet,HDFC,captured,none,0,none,26.9,8,1,0,0,57.49,0,0,mobile_ios,Pune,Pune,2026-08-11T08:55:49.124880
pay_e1d869aa0da442,mer_1027,cust_20578,3737.53,INR,upi,HDFC,captured,none,0,none,10.7,8,1,1,1,2.56,487,0,mobile_ios,Delhi NCR,Mumbai,2026-08-11T08:57:09.124880
pay_3499d2d348094d,mer_1024,cust_20400,1937.46,INR,card_credit,KOTAK,captured,none,0,none,29.6,9,1,0,0,3.79,0,0,mobile_ios,Mumbai,Mumbai,2026-08-11T09:00:33.124880
pay_73ac468da4aa4e,mer_1026,cust_20174,58178.18,INR,upi,ICICI,captured,none,0,none,25.2,9,1,0,0,15.68,0,0,mobile_ios,Hyderabad,Hyderabad,2026-08-11T09:06:47.124880
pay_4e5e3709038a40,mer_1040,cust_20377,49474.22,INR,upi,SBI,captured,none,0,none,27.7,9,1,0,0,108.82,0,0,desktop_safari,Pune,Pune,2026-08-11T09:20:57.124880
pay_ec7f03b0587648,mer_1002,cust_20514,68881.91,INR,upi,ICICI,captured,none,0,none,46.2,9,1,0,0,26.92,1343,0,desktop_chrome,Pune,Chennai,2026-08-11T09:26:47.124880
pay_9ca4f9a7306f45,mer_1006,cust_20383,15184.15,INR,upi,HDFC,captured,none,0,none,32.3,9,1,0,0,9.13,0,0,desktop_windows,Kochi,Kochi,2026-08-11T09:27:39.124880
pay_b9a51f8142d74c,mer_1009,cust_20565,53295.08,INR,upi,HDFC,captured,none,0,none,38.9,9,1,0,1,14.48,0,0,mobile_android,Jaipur,Jaipur,2026-08-11T09:36:58.124880
pay_40757a1b51c847,mer_1012,cust_20394,32856.43,INR,upi,HDFC,captured,none,0,none,26.6,9,1,0,0,10.69,0,0,desktop_chrome,Chennai,Chennai,2026-08-11T09:44:51.124880
pay_07b70b302a7641,mer_1024,cust_20389,786.42,INR,upi,ICICI,captured,none,0,none,9.5,10,1,0,0,2.03,0,0,mobile_ios,Kolkata,Kolkata,2026-08-11T10:13:58.124880
pay_fa353310bffc4f,mer_1020,cust_20190,29998.19,INR,upi,HDFC,captured,none,0,none,47.2,10,1,0,0,12.25,0,1,desktop_chrome,Ahmedabad,Ahmedabad,2026-08-11T10:18:17.124880
pay_efbdcb63b0f543,mer_1031,cust_20025,4822.86,INR,netbanking,HDFC,captured,none,0,none,31.7,10,1,0,0,6.12,0,0,desktop_safari,Chennai,Chennai,2026-08-11T10:18:55.124880
pay_9ba58c8137e24b,mer_1012,cust_20360,27866.53,INR,upi,SBI,captured,none,0,none,31.7,10,1,0,0,30.26,181,0,desktop_safari,Delhi NCR,Chennai,2026-08-11T10:28:40.124880
pay_d508ab732d8445,mer_1026,cust_20195,3412.61,INR,upi,ICICI,captured,none,0,none,16.9,10,1,0,0,1.34,1411,0,desktop_safari,Chennai,Mumbai,2026-08-11T10:28:49.124880
pay_9c35a10c7d0a44,mer_1007,cust_20068,79967.86,INR,upi,AXIS,captured,none,0,none,28.5,10,1,0,1,40.75,0,0,mobile_ios,Chennai,Chennai,2026-08-11T10:52:07.124880
pay_648bf5b06dc044,mer_1009,cust_20216,24136.29,INR,card_debit,HDFC,captured,none,0,none,38.2,11,1,0,0,17.47,0,0,mobile_android,Ahmedabad,Ahmedabad,2026-08-11T11:14:16.124880
pay_a13ca3bc3eef4e,mer_1031,cust_20315,20249.92,INR,card_credit,KOTAK,captured,none,0,none,36.9,11,1,0,0,12.29,0,0,desktop_windows,Ahmedabad,Ahmedabad,2026-08-11T11:14:24.124880
pay_5c746744151c41,mer_1008,cust_20379,13075.43,INR,upi,KOTAK,refunded,customer_return,0,none,31.0,11,1,0,0,8.38,0,0,desktop_chrome,Mumbai,Mumbai,2026-08-11T11:23:23.124880
pay_2da03ef8c8dc4e,mer_1009,cust_20216,67139.77,INR,upi,HDFC,captured,none,0,none,37.2,11,1,1,1,48.59,0,0,desktop_chrome,Ahmedabad,Ahmedabad,2026-08-11T11:27:40.124880
pay_162296c8de4144,mer_1030,cust_20565,36488.14,INR,upi,AXIS,captured,none,0,none,34.5,11,1,0,2,9.91,0,0,mobile_android,Jaipur,Jaipur,2026-08-11T11:35:19.124880
pay_311800bb8f8945,mer_1018,cust_20051,13929.27,INR,upi,SBI,captured,none,0,none,31.4,11,1,0,0,18.77,0,0,desktop_chrome,Ahmedabad,Ahmedabad,2026-08-11T11:46:50.124880
pay_ac61d101fce64f,mer_1004,cust_20294,39383.25,INR,upi,SBI,captured,none,0,none,39.4,11,1,0,0,26.82,1223,0,mobile_android,Kochi,Jaipur,2026-08-11T11:48:55.124880
pay_21da115d4a114e,mer_1029,cust_20475,2669.7,INR,upi,ICICI,captured,none,0,none,12.7,11,1,0,0,2.38,0,0,mobile_ios,Ahmedabad,Ahmedabad,2026-08-11T11:51:58.124880
pay_23176087e85c4c,mer_1034,cust_20108,3638.9,INR,upi,ICICI,captured,none,0,none,15.9,12,1,0,0,1.66,0,0,desktop_chrome,Pune,Pune,2026-08-11T12:03:46.124880
pay_d14b56cca3be49,mer_1039,cust_20063,4914.24,INR,upi,ICICI,captured,none,0,none,38.9,12,1,0,0,3.71,0,0,mobile_ios,Bengaluru,Bengaluru,2026-08-11T12:04:13.124880
pay_5f9a19eb54514b,mer_1007,cust_20155,42829.48,INR,upi,PAYTM_BANK,captured,none,0,none,30.1,12,1,0,0,9.01,0,0,desktop_chrome,Pune,Pune,2026-08-11T12:06:08.124880
pay_f37ffb998a7a40,mer_1011,cust_20335,23927.03,INR,card_debit,HDFC,captured,none,0,none,29.0,12,1,0,0,18.06,0,0,desktop_safari,Hyderabad,Hyderabad,2026-08-11T12:08:56.124880
pay_63d03f6617e649,mer_1029,cust_20316,1609.19,INR,upi,SBI,captured,none,0,none,10.6,12,1,0,0,2.27,0,0,mobile_android,Kochi,Kochi,2026-08-11T12:18:05.124880
pay_e87892c2991642,mer_1011,cust_20064,6824.72,INR,wallet,AXIS,captured,none,0,none,5.5,12,1,0,0,0.89,0,0,desktop_safari,Pune,Pune,2026-08-11T12:48:07.124880
pay_a16c1414d71945,mer_1037,cust_20245,3467.17,INR,wallet,PAYTM_BANK,captured,none,0,none,31.3,12,1,0,0,6.25,0,0,mobile_ios,Mumbai,Mumbai,2026-08-11T12:59:42.124880
pay_5d5271f3fd9549,mer_1023,cust_20043,6195.14,INR,upi,ICICI,captured,none,0,none,28.8,13,1,0,0,13.61,0,0,desktop_windows,Kochi,Kochi,2026-08-11T13:06:15.124880
pay_af70dbf9698246,mer_1017,cust_20074,2270.35,INR,upi,SBI,failed,issuer_bank_down,0,none,51.8,13,1,0,0,3.61,0,1,desktop_windows,Delhi NCR,Delhi NCR,2026-08-11T13:08:29.124880
pay_7364faac424e41,mer_1010,cust_20251,3472.4,INR,netbanking,HDFC,captured,none,0,none,13.6,13,1,0,0,1.24,0,0,desktop_windows,Mumbai,Mumbai,2026-08-11T13:14:40.124880
pay_8e47aaf322464c,mer_1002,cust_20346,7893.6,INR,upi,ICICI,captured,none,0,none,26.2,13,1,0,0,8.23,0,0,mobile_ios,Hyderabad,Hyderabad,2026-08-11T13:22:08.124880
pay_4c9e38e9d1d44b,mer_1003,cust_20467,2569.92,INR,upi,HDFC,captured,none,0,none,9.4,13,1,0,0,0.59,0,0,desktop_chrome,Ahmedabad,Ahmedabad,2026-08-11T13:29:41.124880
pay_1ca722a350ba43,mer_1035,cust_20408,39866.75,INR,upi,ICICI,captured,none,0,none,25.9,13,1,0,0,68.55,0,0,desktop_windows,Mumbai,Mumbai,2026-08-11T13:40:46.124880
pay_05bb11ab25c644,mer_1007,cust_20066,33379.38,INR,card_debit,HDFC,captured,none,0,none,28.2,13,1,0,0,26.79,0,0,desktop_windows,Ahmedabad,Ahmedabad,2026-08-11T13:51:11.124880
pay_7569b052b9e340,mer_1032,cust_20344,20315.74,INR,upi,HDFC,captured,none,0,none,25.5,13,1,0,0,3.38,0,0,desktop_chrome,Delhi NCR,Delhi NCR,2026-08-11T13:51:53.124880
pay_890592a5be4249,mer_1008,cust_20174,59253.48,INR,upi,ICICI,captured,none,0,none,38.3,13,1,0,1,15.97,0,0,mobile_ios,Hyderabad,Hyderabad,2026-08-11T13:53:31.124880
pay_0d399a5893144f,mer_1020,cust_20391,41731.08,INR,upi,ICICI,captured,none,0,none,34.7,14,1,0,0,52.11,0,0,mobile_android,Jaipur,Jaipur,2026-08-11T14:13:33.124880
pay_58d3fb85df3049,mer_1024,cust_20270,932.52,INR,upi,SBI,captured,none,0,none,10.0,14,1,0,0,0.62,0,0,mobile_android,Bengaluru,Bengaluru,2026-08-11T14:19:16.124880
pay_18c2111beec440,mer_1014,cust_20330,11882.05,INR,upi,AXIS,captured,none,0,none,31.0,14,1,0,0,10.09,0,0,desktop_chrome,Mumbai,Mumbai,2026-08-11T14:33:14.124880
pay_93141a601aad4b,mer_1019,cust_20551,3648.29,INR,card_debit,AXIS,captured,none,0,none,7.8,14,1,0,0,1.38,0,0,desktop_chrome,Kolkata,Kolkata,2026-08-11T14:40:50.124880
pay_189eff1a63de42,mer_1026,cust_20497,8356.82,INR,card_credit,SBI,captured,none,0,none,19.5,14,1,0,0,2.93,0,0,desktop_windows,Hyderabad,Hyderabad,2026-08-11T14:42:11.124880
pay_e4a4713c41b147,mer_1005,cust_20416,55662.68,INR,card_credit,KOTAK,captured,none,0,none,30.0,14,1,0,0,101.17,0,0,desktop_chrome,Ahmedabad,Ahmedabad,2026-08-11T14:57:45.124880
pay_93f221f7a2aa49,mer_1031,cust_20400,27277.3,INR,upi,ICICI,captured,none,0,none,28.5,14,1,0,1,53.37,0,0,desktop_chrome,Mumbai,Mumbai,2026-08-11T14:58:44.124880
pay_1562879e10d54f,mer_1028,cust_20015,4567.22,INR,upi,ICICI,captured,none,0,none,27.5,15,1,0,0,1.48,1651,0,mobile_ios,Delhi NCR,Hyderabad,2026-08-11T15:04:27.124880
pay_9b04685d76f244,mer_1037,cust_20187,2209.15,INR,card_debit,ICICI,captured,none,0,none,47.2,15,1,0,0,3.71,1135,0,desktop_safari,Chennai,Bengaluru,2026-08-11T15:11:31.124880
pay_5feaf82fc3da47,mer_1032,cust_20374,22721.9,INR,upi,HDFC,captured,none,0,none,26.3,15,1,0,0,18.76,0,0,desktop_windows,Hyderabad,Hyderabad,2026-08-11T15:41:56.124880
pay_c7e62d10b5304d,mer_1010,cust_20115,3370.87,INR,upi,ICICI,captured,none,0,none,14.3,15,1,0,0,0.76,0,0,mobile_ios,Kochi,Kochi,2026-08-11T15:47:41.124880
pay_5d100aa1275e46,mer_1037,cust_20336,2463.33,INR,upi,ICICI,captured,none,0,none,7.1,16,1,0,0,0.64,0,0,mobile_ios,Ahmedabad,Ahmedabad,2026-08-11T16:13:53.124880
pay_4990435fcbe047,mer_1020,cust_20031,34614.95,INR,card_credit,HDFC,captured,none,0,none,38.8,16,1,0,0,19.18,0,0,desktop_windows,Kolkata,Kolkata,2026-08-11T16:16:43.124880
pay_f318787cf84e4d,mer_1033,cust_20027,3931.62,INR,card_credit,ICICI,captured,none,0,none,11.6,16,1,0,1,1.64,0,0,mobile_android,Kolkata,Kolkata,2026-08-11T16:17:59.124880
pay_820044c3bd494d,mer_1018,cust_20310,8092.24,INR,upi,HDFC,captured,none,0,none,27.2,16,1,0,0,9.71,0,0,mobile_ios,Chennai,Chennai,2026-08-11T16:41:29.124880
pay_41d0a9f0dadf49,mer_1021,cust_20357,63639.36,INR,upi,ICICI,captured,none,0,none,35.6,16,1,0,0,73.46,0,0,mobile_ios,Mumbai,Mumbai,2026-08-11T16:42:12.124880
pay_b2ce6861b68346,mer_1026,cust_20347,64769.49,INR,card_debit,PAYTM_BANK,captured,none,0,none,28.4,16,1,0,0,11.95,0,0,desktop_chrome,Bengaluru,Bengaluru,2026-08-11T16:45:06.124880
pay_dc2699d699e144,mer_1038,cust_20436,50595.79,INR,upi,SBI,captured,none,0,none,32.2,17,1,0,0,36.05,0,0,mobile_ios,Bengaluru,Bengaluru,2026-08-11T17:19:11.124880
pay_1938c7a493ba4b,mer_1006,cust_20525,6936.04,INR,upi,KOTAK,captured,none,0,none,38.9,17,1,0,0,23.12,0,0,mobile_android,Jaipur,Jaipur,2026-08-11T17:36:18.124880
pay_bdd15e2aa44043,mer_1004,cust_20421,36798.93,INR,netbanking,ICICI,captured,none,0,none,31.3,17,1,0,0,95.8,0,0,mobile_android,Kolkata,Kolkata,2026-08-11T17:37:47.124880
pay_91a945a3eb6848,mer_1024,cust_20364,5710.67,INR,card_credit,KOTAK,captured,none,0,none,27.1,17,1,0,0,9.34,0,0,desktop_safari,Delhi NCR,Delhi NCR,2026-08-11T17:42:45.124880
pay_0a2d17ee45274f,mer_1025,cust_20282,55513.06,INR,wallet,ICICI,failed,issuer_bank_down,0,none,38.3,17,1,0,0,19.64,0,0,mobile_ios,Jaipur,Jaipur,2026-08-11T17:51:37.124880
pay_b8a722aabc1c43,mer_1017,cust_20159,1100.72,INR,upi,HDFC,captured,none,0,none,17.0,18,1,0,0,0.27,1111,0,desktop_chrome,Bengaluru,Ahmedabad,2026-08-11T18:01:17.124880
pay_51780da4612940,mer_1007,cust_20492,66049.35,INR,upi,ICICI,captured,none,0,none,49.9,18,1,0,0,20.11,0,1,mobile_ios,Pune,Pune,2026-08-11T18:10:57.124880
pay_74a67f0561be4c,mer_1038,cust_20375,16771.91,INR,upi,SBI,captured,none,0,none,39.5,18,1,0,0,17.91,0,0,mobile_android,Ahmedabad,Ahmedabad,2026-08-11T18:16:26.124880
pay_cc112c992fd844,mer_1021,cust_20437,72921.23,INR,card_credit,PAYTM_BANK,captured,none,0,none,27.9,18,1,0,0,33.41,309,0,mobile_android,Pune,Ahmedabad,2026-08-11T18:19:45.124880
pay_58bc7c6b76524f,mer_1023,cust_20268,2883.37,INR,upi,HDFC,captured,none,0,none,11.2,18,1,0,0,2.0,0,0,desktop_windows,Ahmedabad,Ahmedabad,2026-08-11T18:32:01.124880
pay_bfd55e3f2b7a4d,mer_1037,cust_20145,2082.81,INR,card_credit,HDFC,captured,none,0,none,18.9,18,1,0,0,0.89,0,0,desktop_chrome,Jaipur,Jaipur,2026-08-11T18:37:52.124880
pay_5729c07153a948,mer_1020,cust_20355,24271.34,INR,upi,SBI,captured,none,0,none,34.0,19,1,0,0,28.8,0,0,desktop_windows,Mumbai,Mumbai,2026-08-11T19:09:59.124880
pay_dacd1ac3762e4a,mer_1013,cust_20110,31474.7,INR,netbanking,ICICI,captured,none,0,none,29.4,19,1,0,0,29.09,0,0,desktop_safari,Kochi,Kochi,2026-08-11T19:10:50.124880
pay_47aa0cc1968c4d,mer_1025,cust_20084,2636.67,INR,upi,ICICI,captured,none,0,none,6.2,19,1,0,1,1.42,0,0,desktop_safari,Kochi,Kochi,2026-08-11T19:15:36.124880
pay_4433b1bfc0104b,mer_1032,cust_20266,39529.71,INR,upi,ICICI,captured,none,0,none,37.8,19,1,0,0,48.09,0,0,mobile_ios,Bengaluru,Bengaluru,2026-08-11T19:22:46.124880
pay_8c1dbfd0c90b44,mer_1025,cust_20462,33433.67,INR,upi,SBI,captured,none,0,none,48.3,19,1,0,1,20.41,1285,0,desktop_windows,Chennai,Mumbai,2026-08-11T19:32:26.124880
pay_acb44bf5999f42,mer_1036,cust_20464,28456.8,INR,upi,SBI,captured,none,0,none,26.8,19,1,0,0,9.98,0,0,mobile_android,Bengaluru,Bengaluru,2026-08-11T19:33:27.124880
pay_3949967444be41,mer_1022,cust_20335,4095.58,INR,card_debit,HDFC,captured,none,0,none,37.7,19,1,0,1,3.09,0,0,desktop_chrome,Hyderabad,Hyderabad,2026-08-11T19:42:25.124880
pay_e194b427db0c47,mer_1031,cust_20345,39355.41,INR,upi,ICICI,captured,none,0,none,27.9,19,1,0,0,12.63,0,0,mobile_ios,Delhi NCR,Delhi NCR,2026-08-11T19:43:47.124880
pay_c1474d5dcff94a,mer_1004,cust_20224,10735.77,INR,upi,SBI,captured,none,0,none,38.4,19,1,0,1,3.39,0,0,mobile_ios,Ahmedabad,Ahmedabad,2026-08-11T19:53:11.124880
pay_0c37153e48fe42,mer_1020,cust_20208,29977.03,INR,netbanking,ICICI,captured,none,0,none,30.4,19,1,0,0,33.57,0,0,desktop_safari,Chennai,Chennai,2026-08-11T19:53:29.124880
pay_fcb52bdc896c40,mer_1026,cust_20590,66594.65,INR,upi,ICICI,captured,none,0,none,37.2,20,1,0,0,15.73,0,0,mobile_ios,Pune,Pune,2026-08-11T20:00:20.124880
pay_f9da5e45ad8541,mer_1028,cust_20380,6390.78,INR,card_debit,PAYTM_BANK,captured,none,0,none,13.5,20,1,0,1,2.99,0,0,desktop_chrome,Ahmedabad,Ahmedabad,2026-08-11T20:09:22.124880
pay_cc2b40f685ea47,mer_1040,cust_20345,28924.9,INR,upi,SBI,captured,none,0,none,35.4,20,1,1,1,9.28,0,0,desktop_windows,Delhi NCR,Delhi NCR,2026-08-11T20:18:07.124880
pay_4ee9612303e44b,mer_1018,cust_20125,13247.46,INR,upi,HDFC,captured,none,0,none,29.7,20,1,0,0,11.45,0,0,desktop_windows,Mumbai,Mumbai,2026-08-11T20:28:48.124880
pay_689fa7bf816847,mer_1003,cust_20594,954.94,INR,upi,AXIS,captured,none,0,none,16.2,20,1,0,0,0.66,0,0,desktop_safari,Pune,Pune,2026-08-11T20:29:38.124880
pay_f4748dac970242,mer_1032,cust_20477,10306.88,INR,wallet,AXIS,captured,none,0,none,18.2,20,1,0,0,1.38,0,0,mobile_ios,Kochi,Kochi,2026-08-11T20:34:38.124880
pay_219b1db8fba642,mer_1037,cust_20501,82.97,INR,upi,SBI,captured,none,0,none,19.5,21,1,0,1,0.01,0,0,mobile_android,Delhi NCR,Delhi NCR,2026-08-11T21:10:11.124880
pay_b0953aab5a5242,mer_1018,cust_20418,5214.38,INR,upi,SBI,captured,none,0,none,25.5,21,1,0,0,2.24,1201,0,mobile_ios,Kochi,Bengaluru,2026-08-11T21:23:32.124880
pay_70aaf6cf3f674d,mer_1040,cust_20030,14817.76,INR,upi,SBI,captured,none,0,none,25.8,21,1,0,0,4.66,0,0,desktop_chrome,Chennai,Chennai,2026-08-11T21:35:46.124880
pay_a562f1bd02c343,mer_1023,cust_20380,4612.66,INR,upi,HDFC,captured,none,0,none,20.7,21,1,0,1,2.16,1162,0,desktop_chrome,Ahmedabad,Kochi,2026-08-11T21:37:47.124880
pay_5ad9ab78054a46,mer_1013,cust_20216,42940.88,INR,card_debit,HDFC,captured,none,0,none,35.7,21,1,0,2,31.07,0,0,desktop_safari,Ahmedabad,Ahmedabad,2026-08-11T21:54:41.124880
pay_0522b487fd3246,mer_1036,cust_20205,13579.97,INR,card_debit,ICICI,captured,none,0,none,25.6,22,1,0,0,15.27,0,0,desktop_chrome,Bengaluru,Bengaluru,2026-08-11T22:04:14.124880
pay_c5f4b7a4ee784b,mer_1024,cust_20580,6317.69,INR,upi,PAYTM_BANK,captured,none,0,none,15.6,22,1,0,0,1.19,0,0,mobile_ios,Delhi NCR,Delhi NCR,2026-08-11T22:20:04.124880
pay_e468f7844f5b44,mer_1003,cust_20465,1004.85,INR,upi,SBI,captured,none,0,none,13.5,22,1,0,0,0.18,0,0,mobile_android,Bengaluru,Bengaluru,2026-08-11T22:29:10.124880
pay_42a29164ac8a46,mer_1015,cust_20069,5286.68,INR,upi,ICICI,captured,none,0,none,8.5,22,1,0,0,2.86,0,0,mobile_android,Mumbai,Mumbai,2026-08-11T22:40:15.124880
pay_c366b0dee40646,mer_1035,cust_20571,49500.65,INR,upi,ICICI,captured,none,0,none,39.6,22,1,0,0,24.15,1783,0,desktop_chrome,Ahmedabad,Delhi NCR,2026-08-11T22:53:25.124880
pay_75c6b5f1b97a4d,mer_1005,cust_20072,36013.5,INR,card_credit,SBI,captured,none,0,none,27.4,23,1,0,0,47.44,0,0,desktop_safari,Ahmedabad,Ahmedabad,2026-08-11T23:01:48.124880
pay_dfd02501aaf64f,mer_1002,cust_20161,70603.41,INR,upi,SBI,failed,issuer_bank_down,0,none,34.6,23,1,0,0,42.01,0,0,desktop_chrome,Pune,Pune,2026-08-11T23:39:05.124880
pay_a1358e68a63e40,mer_1013,cust_20374,42467.93,INR,card_debit,HDFC,captured,none,0,none,28.3,23,1,0,1,35.07,0,0,mobile_android,Hyderabad,Hyderabad,2026-08-11T23:41:42.124880
pay_f4f4613ab53543,mer_1034,cust_20189,1478.61,INR,upi,PAYTM_BANK,captured,none,0,none,14.2,23,1,0,0,0.82,0,0,mobile_android,Kolkata,Kolkata,2026-08-11T23:48:25.124880
pay_00ffebfa1c8646,mer_1011,cust_20242,16312.58,INR,wallet,ICICI,captured,none,0,none,38.9,0,2,0,0,9.96,0,0,mobile_android,Chennai,Chennai,2026-08-12T00:00:17.124880
pay_a9d9a020aa9249,mer_1024,cust_20318,6845.2,INR,upi,HDFC,captured,none,0,none,19.6,0,2,0,0,1.48,0,0,mobile_android,Chennai,Chennai,2026-08-12T00:04:00.124880
pay_f44e6699a8524b,mer_1001,cust_20194,3570.81,INR,card_credit,HDFC,captured,none,0,none,34.0,0,2,0,1,5.1,0,0,mobile_ios,Hyderabad,Hyderabad,2026-08-12T00:08:09.124880
pay_fe4375aab6ce4e,mer_1034,cust_20247,4287.56,INR,card_credit,HDFC,captured,none,0,none,26.0,0,2,0,0,4.18,0,0,mobile_android,Jaipur,Jaipur,2026-08-12T00:21:45.124880
pay_cd50b930d34048,mer_1010,cust_20465,6277.13,INR,upi,ICICI,captured,none,0,none,14.1,0,2,0,1,1.12,0,0,mobile_ios,Bengaluru,Bengaluru,2026-08-12T00:34:05.124880
pay_fa87150d75c147,mer_1014,cust_20213,8120.38,INR,card_credit,AXIS,captured,none,0,none,32.3,0,2,0,0,5.38,0,0,desktop_windows,Bengaluru,Bengaluru,2026-08-12T00:52:17.124880
pay_1ed576ce937441,mer_1027,cust_20165,1633.04,INR,upi,HDFC,captured,none,0,none,16.0,1,2,0,0,1.04,0,0,desktop_windows,Delhi NCR,Delhi NCR,2026-08-12T01:28:35.124880
pay_b49debf004bb48,mer_1011,cust_20334,41725.76,INR,card_debit,HDFC,captured,none,0,none,41.4,1,2,0,0,16.9,0,0,desktop_chrome,Bengaluru,Bengaluru,2026-08-12T01:36:22.124880
pay_45cb93eae3c247,mer_1013,cust_20463,38392.2,INR,card_debit,KOTAK,captured,none,0,none,42.5,1,2,0,0,19.9,0,0,desktop_windows,Pune,Pune,2026-08-12T01:41:25.124880
pay_d88fcc3a20ba42,mer_1027,cust_20598,3398.22,INR,upi,SBI,captured,none,0,none,33.7,1,2,0,0,0.79,1298,0,desktop_chrome,Ahmedabad,Mumbai,2026-08-12T01:59:55.124880
pay_65beb59763cd49,mer_1018,cust_20346,9229.78,INR,upi,ICICI,captured,none,0,none,38.9,2,2,0,1,9.63,0,0,desktop_chrome,Hyderabad,Hyderabad,2026-08-12T02:17:19.124880
pay_504fc95551e243,mer_1040,cust_20512,27544.43,INR,card_credit,HDFC,captured,none,0,none,38.3,2,2,0,0,31.16,0,0,desktop_safari,Kolkata,Kolkata,2026-08-12T02:28:35.124880
pay_e237034474514c,mer_1012,cust_20517,6249.15,INR,upi,SBI,captured,none,0,none,32.8,2,2,0,1,1.93,0,1,mobile_ios,Jaipur,Jaipur,2026-08-12T02:37:28.124880
pay_458f6bfc12e743,mer_1015,cust_20575,3096.47,INR,upi,SBI,captured,none,0,none,48.3,3,2,0,0,4.05,0,0,mobile_ios,Pune,Pune,2026-08-12T03:00:28.124880
pay_e3264ef3033d45,mer_1019,cust_20524,2015.75,INR,upi,SBI,captured,none,0,none,18.6,3,2,0,0,1.54,0,0,desktop_windows,Pune,Pune,2026-08-12T03:11:33.124880
pay_c588a8bbe5334e,mer_1035,cust_20321,68874.57,INR,upi,SBI,captured,none,0,none,41.5,3,2,0,0,44.36,0,0,desktop_windows,Delhi NCR,Delhi NCR,2026-08-12T03:20:30.124880
pay_12bd6f74d65f43,mer_1023,cust_20229,5552.11,INR,netbanking,KOTAK,captured,none,0,none,35.1,3,2,0,0,8.49,0,0,desktop_safari,Ahmedabad,Ahmedabad,2026-08-12T03:36:18.124880
pay_d32fc58a864b43,mer_1003,cust_20068,1626.94,INR,upi,ICICI,captured,none,0,none,15.4,4,2,0,2,0.83,0,0,mobile_android,Chennai,Chennai,2026-08-12T04:13:13.124880
pay_819a8078ad8f4a,mer_1035,cust_20099,52540.98,INR,netbanking,HDFC,captured,none,0,none,48.5,4,2,0,0,92.33,0,0,desktop_safari,Kolkata,Kolkata,2026-08-12T04:47:35.124880
pay_8283ab27813446,mer_1018,cust_20064,9125.09,INR,upi,SBI,refunded,customer_return,0,none,9.5,5,2,0,1,1.19,0,0,desktop_chrome,Pune,Pune,2026-08-12T05:23:46.124880
pay_dc936e2d4d4649,mer_1002,cust_20522,65383.73,INR,netbanking,AXIS,failed,auth_timeout,0,none,31.6,5,2,0,0,30.29,0,0,desktop_chrome,Kochi,Kochi,2026-08-12T05:28:53.124880
pay_cba9c6c853fa47,mer_1021,cust_20337,14260.24,INR,upi,ICICI,captured,none,0,none,39.7,5,2,0,0,39.53,0,0,mobile_ios,Ahmedabad,Ahmedabad,2026-08-12T05:35:08.124880
pay_a73b3da3299741,mer_1029,cust_20594,251.05,INR,wallet,SBI,captured,none,0,none,17.2,5,2,0,1,0.17,0,0,desktop_safari,Pune,Pune,2026-08-12T05:47:15.124880
pay_859b3ce6bd7242,mer_1011,cust_20555,13224.36,INR,upi,AXIS,captured,none,0,none,36.1,5,2,0,0,5.34,0,0,desktop_chrome,Mumbai,Mumbai,2026-08-12T05:48:10.124880
pay_7dbadda4b56143,mer_1027,cust_20598,799.13,INR,card_credit,HDFC,captured,none,0,none,5.4,5,2,0,1,0.18,0,0,desktop_safari,Ahmedabad,Ahmedabad,2026-08-12T05:49:39.124880
pay_f417a66d1d1f4b,mer_1002,cust_20537,9914.47,INR,card_credit,ICICI,failed,auth_timeout,0,none,38.0,6,2,0,0,13.08,0,0,mobile_android,Hyderabad,Hyderabad,2026-08-12T06:03:01.124880
pay_299b0f7855c449,mer_1024,cust_20393,5609.34,INR,card_credit,ICICI,captured,none,0,none,28.0,6,2,0,0,3.02,0,0,mobile_ios,Chennai,Chennai,2026-08-12T06:04:59.124880
pay_b29e92a1509140,mer_1031,cust_20368,34516.66,INR,card_credit,ICICI,failed,auth_timeout,0,none,36.3,6,2,0,1,22.03,1656,0,desktop_windows,Hyderabad,Jaipur,2026-08-12T06:12:05.124880
pay_7373876035944a,mer_1006,cust_20123,21282.57,INR,card_credit,HDFC,captured,none,0,none,34.4,6,2,0,0,10.03,0,0,mobile_ios,Bengaluru,Bengaluru,2026-08-12T06:16:01.124880
pay_201e89c682e440,mer_1029,cust_20013,1664.87,INR,card_credit,AXIS,captured,none,0,none,17.2,6,2,0,0,2.44,0,0,desktop_safari,Ahmedabad,Ahmedabad,2026-08-12T06:17:21.124880
pay_4d9f2db717164c,mer_1003,cust_20525,4121.83,INR,card_credit,HDFC,captured,none,0,none,34.9,6,2,0,1,13.74,0,0,mobile_ios,Jaipur,Jaipur,2026-08-12T06:18:00.124880
pay_aeca450dd8b643,mer_1016,cust_20326,73829.02,INR,upi,ICICI,captured,none,0,none,48.1,6,2,0,0,28.42,1350,0,mobile_android,Jaipur,Pune,2026-08-12T06:25:05.124880
pay_0810581cc21f4c,mer_1040,cust_20018,29676.37,INR,upi,AXIS,captured,none,0,none,37.4,6,2,0,0,37.86,0,0,mobile_android,Bengaluru,Bengaluru,2026-08-12T06:26:00.124880
pay_aa67cd8a3ed848,mer_1015,cust_20098,1310.47,INR,upi,ICICI,captured,none,0,none,15.6,6,2,0,0,0.39,0,0,mobile_android,Mumbai,Mumbai,2026-08-12T06:28:27.124880
pay_ca9a9b8e08074c,mer_1006,cust_20510,14884.21,INR,upi,HDFC,captured,none,0,none,39.3,6,2,0,0,7.45,0,0,mobile_ios,Mumbai,Mumbai,2026-08-12T06:52:24.124880
pay_ac50b0f9a7ae4e,mer_1032,cust_20429,16625.59,INR,card_credit,PAYTM_BANK,captured,none,0,none,26.6,6,2,0,0,19.1,0,0,mobile_android,Hyderabad,Hyderabad,2026-08-12T06:56:51.124880
pay_3c0ab788ccdd4f,mer_1009,cust_20275,54962.75,INR,upi,AXIS,captured,none,0,none,28.7,6,2,0,0,22.13,0,0,mobile_ios,Bengaluru,Bengaluru,2026-08-12T06:57:00.124880
pay_7fe3a92e0ee641,mer_1022,cust_20045,1150.82,INR,card_credit,HDFC,captured,none,0,none,6.2,6,2,0,0,1.2,0,0,desktop_windows,Hyderabad,Hyderabad,2026-08-12T06:59:52.124880
pay_393cae4793a645,mer_1034,cust_20293,2834.73,INR,upi,SBI,captured,none,0,none,27.2,7,2,0,0,6.63,0,0,desktop_chrome,Kochi,Kochi,2026-08-12T07:00:16.124880
pay_e16aa27165ff4e,mer_1004,cust_20296,13500.35,INR,upi,AXIS,captured,none,0,none,48.1,7,2,0,0,10.23,993,0,desktop_chrome,Pune,Chennai,2026-08-12T07:24:45.124880
pay_b0204f41e1264a,mer_1020,cust_20265,16859.45,INR,upi,SBI,captured,none,0,none,47.0,7,2,0,0,6.26,1663,0,desktop_chrome,Kochi,Pune,2026-08-12T07:25:58.124880
pay_cb39160eceb048,mer_1020,cust_20389,23658.51,INR,upi,HDFC,captured,none,0,none,36.7,7,2,0,1,61.0,318,0,desktop_windows,Kolkata,Hyderabad,2026-08-12T07:35:39.124880
pay_22b95e7a1e384f,mer_1039,cust_20512,28698.19,INR,upi,ICICI,captured,none,0,none,28.9,7,2,0,1,32.46,0,0,desktop_safari,Kolkata,Kolkata,2026-08-12T07:42:49.124880
pay_85eb31fc80e24d,mer_1011,cust_20325,2699.8,INR,wallet,PAYTM_BANK,captured,none,0,none,19.6,7,2,0,0,1.87,0,0,mobile_android,Ahmedabad,Ahmedabad,2026-08-12T07:44:28.124880
pay_66369ed86c114d,mer_1030,cust_20150,7661.24,INR,upi,HDFC,captured,none,0,none,14.1,7,2,0,0,1.02,0,0,mobile_android,Chennai,Chennai,2026-08-12T07:50:41.124880
pay_2f3f0d5a04334b,mer_1036,cust_20502,37272.79,INR,netbanking,HDFC,captured,none,0,none,35.2,7,2,0,0,25.84,0,0,desktop_windows,Kochi,Kochi,2026-08-12T07:55:02.124880
pay_6c4e9776203342,mer_1035,cust_20184,12698.28,INR,wallet,KOTAK,captured,none,0,none,30.2,7,2,0,0,42.33,0,0,desktop_chrome,Chennai,Chennai,2026-08-12T07:56:49.124880
pay_0275be21903f43,mer_1033,cust_20578,5196.08,INR,card_credit,ICICI,captured,none,0,none,37.3,8,2,0,2,3.55,0,0,desktop_windows,Delhi NCR,Delhi NCR,2026-08-12T08:26:26.124880
pay_0fe9b24c56cb48,mer_1036,cust_20241,2784.67,INR,upi,AXIS,captured,none,0,none,15.2,8,2,0,0,2.7,0,0,desktop_chrome,Delhi NCR,Delhi NCR,2026-08-12T08:31:55.124880
pay_5f9668fcfd4646,mer_1007,cust_20456,7244.17,INR,upi,HDFC,captured,none,0,none,16.6,8,2,0,0,2.01,0,0,mobile_ios,Pune,Pune,2026-08-12T08:32:19.124880
pay_adaa7ea2a1f24d,mer_1003,cust_20026,4120.33,INR,card_credit,HDFC,refunded,customer_return,0,none,32.7,8,2,0,0,4.74,0,0,mobile_ios,Kochi,Kochi,2026-08-12T08:36:22.124880
pay_377a3fbe95f54b,mer_1032,cust_20175,13422.92,INR,upi,ICICI,captured,none,0,none,39.1,8,2,0,0,13.35,393,0,mobile_android,Hyderabad,Ahmedabad,2026-08-12T08:42:35.124880
pay_593dd259e84d41,mer_1028,cust_20080,3060.91,INR,upi,HDFC,captured,none,0,none,27.6,8,2,0,0,3.56,0,0,desktop_safari,Jaipur,Jaipur,2026-08-12T08:49:12.124880
pay_9279553edd1f41,mer_1003,cust_20452,3855.54,INR,upi,SBI,captured,none,0,none,10.4,8,2,0,0,1.9,0,0,mobile_android,Hyderabad,Hyderabad,2026-08-12T08:55:17.124880
pay_8932ff9e67314a,mer_1028,cust_20416,16166.35,INR,upi,KOTAK,captured,none,0,none,48.0,9,2,0,1,29.38,715,0,mobile_android,Ahmedabad,Chennai,2026-08-12T09:01:24.124880
pay_d54bd472c69c4b,mer_1015,cust_20100,2016.47,INR,upi,ICICI,captured,none,0,none,23.6,9,2,0,0,0.53,0,1,desktop_safari,Kolkata,Kolkata,2026-08-12T09:10:43.124880
pay_f06b79e6d50f44,mer_1031,cust_20243,23162.29,INR,upi,AXIS,captured,none,0,none,28.4,9,2,0,0,22.34,0,0,desktop_windows,Chennai,Chennai,2026-08-12T09:11:57.124880
pay_884baa54414248,mer_1004,cust_20181,5412.1,INR,upi,SBI,captured,none,0,none,15.0,9,2,0,0,1.55,0,0,desktop_safari,Ahmedabad,Ahmedabad,2026-08-12T09:24:21.124880
pay_6892819989c14a,mer_1003,cust_20211,341.21,INR,wallet,SBI,captured,none,0,none,30.8,9,2,0,0,0.86,0,1,mobile_android,Bengaluru,Bengaluru,2026-08-12T09:47:46.124880
pay_18467c37c56849,mer_1012,cust_20359,25290.1,INR,upi,PAYTM_BANK,captured,none,0,none,28.3,10,2,0,0,19.09,0,0,desktop_chrome,Mumbai,Mumbai,2026-08-12T10:07:39.124880
pay_d2369be05da64b,mer_1005,cust_20443,32568.05,INR,card_credit,HDFC,captured,none,0,none,38.3,10,2,0,0,48.42,0,0,desktop_chrome,Ahmedabad,Ahmedabad,2026-08-12T10:13:55.124880
pay_6bd39c1842a746,mer_1011,cust_20209,13319.94,INR,upi,PAYTM_BANK,captured,none,0,none,29.6,10,2,0,0,16.5,0,0,mobile_ios,Hyderabad,Hyderabad,2026-08-12T10:22:47.124880
pay_02a278d75a9343,mer_1029,cust_20013,2253.3,INR,upi,ICICI,captured,none,0,none,39.8,10,2,0,1,3.3,0,0,mobile_ios,Ahmedabad,Ahmedabad,2026-08-12T10:45:12.124880
pay_38077fc039924f,mer_1024,cust_20296,2956.92,INR,card_credit,ICICI,captured,none,0,none,12.3,11,2,0,1,2.24,231,0,mobile_ios,Pune,Kolkata,2026-08-12T11:21:11.124880
pay_0d187f6913c847,mer_1015,cust_20071,2054.82,INR,upi,HDFC,captured,none,0,none,16.0,11,2,0,0,1.11,0,0,desktop_windows,Bengaluru,Bengaluru,2026-08-12T11:40:02.124880
pay_bc633874d7bb4f,mer_1021,cust_20287,7890.35,INR,card_debit,HDFC,captured,none,0,none,31.2,11,2,0,0,4.05,0,0,desktop_safari,Chennai,Chennai,2026-08-12T11:42:05.124880
pay_d48af274b1a442,mer_1036,cust_20028,18715.75,INR,upi,ICICI,captured,none,0,none,34.5,11,2,0,0,44.12,0,0,desktop_windows,Hyderabad,Hyderabad,2026-08-12T11:49:00.124880
pay_6e4cd409ebd744,mer_1029,cust_20383,1632.56,INR,card_debit,ICICI,captured,none,0,none,5.9,11,2,0,0,0.98,0,0,desktop_chrome,Kochi,Kochi,2026-08-12T11:56:04.124880
pay_36accc1eb6a846,mer_1020,cust_20219,22163.21,INR,upi,HDFC,captured,none,0,none,37.9,12,2,0,0,9.4,0,0,desktop_windows,Kolkata,Kolkata,2026-08-12T12:00:07.124880
pay_e41b4c6fcfde4d,mer_1028,cust_20493,4696.67,INR,netbanking,SBI,captured,none,0,none,18.3,12,2,0,0,2.62,161,0,desktop_safari,Bengaluru,Jaipur,2026-08-12T12:08:12.124880
pay_ec3e75e6ad364a,mer_1017,cust_20383,2617.09,INR,upi,AXIS,captured,none,0,none,13.9,12,2,1,1,1.57,0,0,desktop_chrome,Kochi,Kochi,2026-08-12T12:13:52.124880
pay_bb0965c6a06e48,mer_1030,cust_20345,12378.73,INR,upi,ICICI,captured,none,0,none,29.8,12,2,0,2,3.97,0,0,desktop_windows,Delhi NCR,Delhi NCR,2026-08-12T12:18:39.124880
pay_7ba0ef02328d4d,mer_1036,cust_20498,10089.23,INR,upi,HDFC,captured,none,0,none,31.1,12,2,0,0,3.48,0,0,mobile_android,Chennai,Chennai,2026-08-12T12:19:40.124880
pay_0292a8a32a194b,mer_1007,cust_20494,75538.01,INR,upi,ICICI,captured,none,0,none,28.3,12,2,0,0,38.91,0,0,desktop_safari,Bengaluru,Bengaluru,2026-08-12T12:27:08.124880
pay_0dc554becfac42,mer_1034,cust_20273,2645.19,INR,upi,PAYTM_BANK,captured,none,0,none,11.9,12,2,0,0,2.41,0,0,desktop_safari,Ahmedabad,Ahmedabad,2026-08-12T12:47:59.124880
pay_50b182dccad143,mer_1004,cust_20566,11376.26,INR,upi,AXIS,captured,none,0,none,11.2,12,2,0,0,2.64,0,0,desktop_windows,Chennai,Chennai,2026-08-12T12:53:50.124880
pay_a3b583ea35bb44,mer_1004,cust_20087,118.9,INR,upi,PAYTM_BANK,failed,risk_blocked,1,card_testing,78.0,12,2,0,0,0.03,0,0,mobile_android,Ahmedabad,Ahmedabad,2026-08-12T12:55:02.124880
pay_f6c8489b45dd4a,mer_1026,cust_20391,2278.76,INR,card_credit,HDFC,captured,none,0,none,17.4,13,2,0,1,2.85,0,0,mobile_ios,Jaipur,Jaipur,2026-08-12T13:17:59.124880
pay_d5fc3c41a22a47,mer_1007,cust_20007,10998.39,INR,netbanking,SBI,captured,none,0,none,26.4,13,2,0,0,9.77,0,0,mobile_ios,Kochi,Kochi,2026-08-12T13:26:16.124880
pay_44a45415ff8d45,mer_1003,cust_20125,4433.19,INR,netbanking,AXIS,captured,none,0,none,25.1,13,2,0,1,3.83,0,0,desktop_windows,Mumbai,Mumbai,2026-08-12T13:38:35.124880
pay_7d1818cff4af4a,mer_1025,cust_20475,34340.49,INR,upi,ICICI,captured,none,0,none,31.4,13,2,0,0,30.68,0,0,desktop_windows,Ahmedabad,Ahmedabad,2026-08-12T13:58:23.124880
pay_3d93dfa7b62547,mer_1012,cust_20573,7340.65,INR,upi,HDFC,captured,none,0,none,7.2,13,2,0,0,2.83,0,0,desktop_windows,Ahmedabad,Ahmedabad,2026-08-12T13:58:57.124880
pay_44c21fa8c12349,mer_1005,cust_20497,62600.4,INR,upi,AXIS,captured,none,0,none,36.1,14,2,0,1,21.96,0,0,desktop_safari,Hyderabad,Hyderabad,2026-08-12T14:09:27.124880
pay_72c93c04583440,mer_1006,cust_20531,47006.72,INR,card_credit,AXIS,captured,none,0,none,39.6,14,2,0,0,53.53,0,0,desktop_chrome,Mumbai,Mumbai,2026-08-12T14:23:28.124880
pay_4263f435dfd743,mer_1001,cust_20175,2813.31,INR,upi,PAYTM_BANK,captured,none,0,none,11.6,14,2,0,1,2.8,0,0,mobile_ios,Hyderabad,Hyderabad,2026-08-12T14:24:22.124880
pay_d8c20657b90b43,mer_1008,cust_20199,37933.46,INR,upi,HDFC,captured,none,0,none,36.0,14,2,0,0,60.13,0,0,mobile_android,Mumbai,Mumbai,2026-08-12T14:31:44.124880
pay_1cd61409ce3f43,mer_1030,cust_20287,18411.29,INR,upi,AXIS,captured,none,0,none,31.5,14,2,0,1,9.46,0,0,mobile_ios,Chennai,Chennai,2026-08-12T14:33:29.124880
pay_b40c32254cc24e,mer_1003,cust_20593,4796.23,INR,netbanking,ICICI,captured,none,0,none,17.7,14,2,0,0,0.72,0,0,mobile_android,Bengaluru,Bengaluru,2026-08-12T14:52:26.124880
pay_c3055a127a6949,mer_1020,cust_20072,14979.86,INR,netbanking,SBI,captured,none,0,none,29.8,14,2,0,1,19.73,0,0,desktop_windows,Ahmedabad,Ahmedabad,2026-08-12T14:57:31.124880
pay_879f316c2f1941,mer_1033,cust_20272,1759.16,INR,card_credit,KOTAK,captured,none,0,none,12.5,15,2,0,0,0.38,0,0,desktop_safari,Ahmedabad,Ahmedabad,2026-08-12T15:05:49.124880
pay_4bd3f010af684f,mer_1038,cust_20217,40586.08,INR,card_credit,HDFC,captured,none,0,none,29.8,15,2,0,0,44.45,0,0,mobile_ios,Delhi NCR,Delhi NCR,2026-08-12T15:09:47.124880
pay_44c900235b6e40,mer_1035,cust_20297,72900.13,INR,upi,AXIS,captured,none,0,none,25.5,15,2,0,0,25.55,0,0,desktop_chrome,Chennai,Chennai,2026-08-12T15:19:10.124880
pay_18bb15a8f1cd41,mer_1002,cust_20160,20674.19,INR,card_credit,AXIS,captured,none,0,none,39.9,15,2,0,0,32.91,0,0,desktop_windows,Pune,Pune,2026-08-12T15:20:58.124880
pay_292142d1b77643,mer_1012,cust_20221,33740.67,INR,upi,HDFC,captured,none,0,none,34.0,15,2,0,0,112.47,0,0,desktop_safari,Kolkata,Kolkata,2026-08-12T15:56:30.124880
pay_2b7c23e1045341,mer_1027,cust_20374,1840.8,INR,card_debit,SBI,refunded,customer_return,0,none,23.0,16,2,0,1,1.52,0,1,mobile_ios,Hyderabad,Hyderabad,2026-08-12T16:06:53.124880
pay_be9fc302b0b54e,mer_1030,cust_20407,81994.09,INR,upi,SBI,captured,none,0,none,47.9,16,2,0,0,259.25,0,1,desktop_chrome,Mumbai,Mumbai,2026-08-12T16:14:22.124880
pay_64e4fc750e0542,mer_1025,cust_20158,45449.98,INR,upi,ICICI,captured,none,0,none,44.0,16,2,0,0,26.77,1266,0,desktop_safari,Delhi NCR,Chennai,2026-08-12T16:25:43.124880
pay_ede0836f81ad4d,mer_1024,cust_20024,6682.24,INR,upi,ICICI,captured,none,0,none,25.9,16,2,0,0,13.69,0,0,desktop_chrome,Jaipur,Jaipur,2026-08-12T16:38:07.124880
pay_4c8269aa83ee47,mer_1038,cust_20272,8801.91,INR,upi,HDFC,captured,none,0,none,29.4,16,2,0,1,1.92,0,1,desktop_safari,Ahmedabad,Ahmedabad,2026-08-12T16:43:41.124880
pay_59ea150b3cca4c,mer_1036,cust_20009,16764.91,INR,card_debit,ICICI,captured,none,0,none,26.3,17,2,0,0,15.32,0,0,desktop_safari,Bengaluru,Bengaluru,2026-08-12T17:03:54.124880
pay_c7f4bcbe290e4e,mer_1016,cust_20082,21792.45,INR,card_credit,ICICI,captured,none,0,none,39.7,17,2,0,0,4.82,0,0,desktop_safari,Kolkata,Kolkata,2026-08-12T17:07:24.124880
pay_77c93b3239d04e,mer_1012,cust_20443,22631.05,INR,card_credit,HDFC,captured,none,0,none,28.0,17,2,0,1,33.64,0,0,desktop_chrome,Ahmedabad,Ahmedabad,2026-08-12T17:43:23.124880
pay_86bd65d829914e,mer_1013,cust_20519,25876.89,INR,netbanking,HDFC,captured,none,0,none,30.3,17,2,0,0,17.55,0,0,desktop_windows,Bengaluru,Bengaluru,2026-08-12T17:51:47.124880
pay_085feb0611e547,mer_1019,cust_20486,2947.85,INR,upi,ICICI,captured,none,0,none,14.1,18,2,0,0,2.18,0,0,desktop_windows,Chennai,Chennai,2026-08-12T18:06:13.124880
pay_3016f6389b8047,mer_1037,cust_20570,1138.03,INR,netbanking,ICICI,captured,none,0,none,25.3,18,2,0,0,3.79,0,0,mobile_android,Chennai,Chennai,2026-08-12T18:17:28.124880
pay_0202233cf7fc48,mer_1008,cust_20308,13067.14,INR,card_credit,SBI,captured,none,0,none,37.5,18,2,0,0,18.81,0,0,desktop_chrome,Chennai,Chennai,2026-08-12T18:27:06.124880
pay_dd469e5fd2174d,mer_1003,cust_20355,2303.81,INR,upi,SBI,captured,none,0,none,18.9,18,2,0,1,2.73,0,0,mobile_ios,Mumbai,Mumbai,2026-08-12T18:30:09.124880
pay_4e66002b4be242,mer_1001,cust_20034,681.84,INR,card_credit,SBI,captured,none,0,none,11.0,18,2,0,0,1.12,0,0,desktop_chrome,Kolkata,Kolkata,2026-08-12T18:37:08.124880
pay_1b8034dfa63544,mer_1014,cust_20466,28926.74,INR,card_debit,ICICI,captured,none,0,none,26.8,18,2,0,0,12.72,0,0,desktop_chrome,Pune,Pune,2026-08-12T18:57:33.124880
pay_2d86d3d630b54d,mer_1007,cust_20120,45568.16,INR,upi,ICICI,captured,none,0,none,6.3,18,2,0,0,2.17,0,0,mobile_ios,Chennai,Chennai,2026-08-12T18:59:16.124880
pay_906efab99c7348,mer_1028,cust_20594,8087.33,INR,upi,HDFC,captured,none,0,none,36.3,19,2,0,2,5.59,623,0,desktop_windows,Pune,Mumbai,2026-08-12T19:02:49.124880
pay_901e4d6982454f,mer_1004,cust_20359,45147.76,INR,card_debit,HDFC,captured,none,0,none,35.1,19,2,0,1,34.07,0,0,desktop_safari,Mumbai,Mumbai,2026-08-12T19:07:09.124880
pay_c08a306e258347,mer_1013,cust_20128,3127.97,INR,upi,SBI,captured,none,0,none,35.4,19,2,0,0,5.31,0,0,desktop_windows,Delhi NCR,Delhi NCR,2026-08-12T19:18:50.124880
pay_e3fd367dc9664c,mer_1031,cust_20339,34159.68,INR,upi,HDFC,captured,none,0,none,49.0,19,2,0,0,13.59,1050,0,desktop_chrome,Kolkata,Kochi,2026-08-12T19:19:09.124880
pay_0d865f80c10641,mer_1009,cust_20560,32475.09,INR,upi,AXIS,captured,none,0,none,26.3,19,2,0,0,10.94,0,0,desktop_safari,Bengaluru,Bengaluru,2026-08-12T19:44:03.124880
pay_5ea592c2bbe744,mer_1021,cust_20391,33639.07,INR,card_debit,SBI,captured,none,0,none,34.8,19,2,0,1,42.0,0,0,mobile_ios,Jaipur,Jaipur,2026-08-12T19:46:02.124880
pay_99621e8725e34f,mer_1001,cust_20252,1000.8,INR,card_debit,ICICI,captured,none,0,none,10.3,19,2,0,0,0.25,0,0,mobile_ios,Delhi NCR,Delhi NCR,2026-08-12T19:49:37.124880
pay_9755797d935a4e,mer_1006,cust_20205,24169.39,INR,card_credit,HDFC,captured,none,0,none,35.2,19,2,0,1,27.17,0,0,desktop_safari,Bengaluru,Bengaluru,2026-08-12T19:50:06.124880
pay_f3625be5604747,mer_1018,cust_20316,1116.15,INR,netbanking,HDFC,captured,none,0,none,14.7,19,2,0,0,1.58,0,0,desktop_safari,Kochi,Kochi,2026-08-12T19:53:34.124880
pay_147ceb6879d34a,mer_1019,cust_20431,4563.32,INR,card_debit,SBI,captured,none,0,none,37.9,20,2,0,0,4.1,0,0,mobile_ios,Bengaluru,Bengaluru,2026-08-12T20:03:41.124880
pay_6a2ac2ebf8fd43,mer_1016,cust_20444,62047.93,INR,upi,ICICI,captured,none,0,none,25.3,20,2,0,0,75.68,0,0,mobile_android,Mumbai,Mumbai,2026-08-12T20:21:27.124880
pay_09539f3ddcee4c,mer_1025,cust_20438,53232.92,INR,upi,KOTAK,captured,none,0,none,47.9,20,2,0,0,30.76,1607,0,mobile_android,Pune,Chennai,2026-08-12T20:26:47.124880
pay_8ff74779c88344,mer_1014,cust_20140,27339.42,INR,upi,PAYTM_BANK,captured,none,0,none,33.5,20,2,0,0,6.58,0,0,mobile_ios,Kochi,Kochi,2026-08-12T20:34:09.124880
pay_4b5d5fee249b45,mer_1034,cust_20291,101.36,INR,upi,HDFC,failed,risk_blocked,1,card_testing,87.2,20,2,0,0,0.1,287,0,mobile_ios,Pune,Bengaluru,2026-08-12T20:37:56.124880
pay_00165c5324c044,mer_1036,cust_20125,28978.95,INR,card_credit,SBI,captured,none,0,none,37.8,20,2,0,1,25.06,0,0,desktop_windows,Mumbai,Mumbai,2026-08-12T20:43:03.124880
pay_17d35e68677e47,mer_1040,cust_20548,6573.47,INR,upi,SBI,captured,none,0,none,12.8,20,2,0,0,1.54,301,0,desktop_chrome,Hyderabad,Jaipur,2026-08-12T20:44:53.124880
pay_9f0db0abe64c41,mer_1029,cust_20328,476.04,INR,card_credit,HDFC,captured,none,0,none,19.8,21,2,0,0,0.17,0,0,desktop_windows,Delhi NCR,Delhi NCR,2026-08-12T21:21:02.124880
pay_c3a8a1cee19745,mer_1026,cust_20447,42279.06,INR,upi,SBI,captured,none,0,none,45.7,21,2,0,0,11.29,1408,0,desktop_safari,Delhi NCR,Mumbai,2026-08-12T21:23:05.124880
pay_2efcf27c7fb247,mer_1032,cust_20437,18291.25,INR,card_debit,AXIS,captured,none,0,none,29.8,21,2,0,0,8.38,0,0,desktop_chrome,Pune,Pune,2026-08-12T21:31:12.124880
pay_6d78ff4b97af44,mer_1028,cust_20346,2199.94,INR,upi,HDFC,captured,none,0,none,17.9,21,2,0,1,2.29,665,0,mobile_ios,Hyderabad,Chennai,2026-08-12T21:36:07.124880
pay_cf9ee00c888248,mer_1008,cust_20240,18007.18,INR,card_debit,HDFC,captured,none,0,none,29.9,21,2,0,0,22.41,0,0,desktop_windows,Bengaluru,Bengaluru,2026-08-12T21:50:31.124880
pay_222b258971eb4d,mer_1020,cust_20303,33281.35,INR,upi,HDFC,captured,none,0,none,39.9,21,2,0,0,6.12,595,0,desktop_windows,Delhi NCR,Ahmedabad,2026-08-12T21:51:40.124880
pay_35d457052c0c47,mer_1035,cust_20502,5912.4,INR,wallet,HDFC,captured,none,0,none,45.6,21,2,0,1,4.1,847,0,desktop_chrome,Kochi,Mumbai,2026-08-12T21:54:50.124880
pay_deb61494798c4d,mer_1027,cust_20331,4956.43,INR,card_credit,SBI,captured,none,0,none,29.6,22,2,0,0,7.57,0,0,desktop_chrome,Hyderabad,Hyderabad,2026-08-12T22:16:09.124880
pay_e399f631a35f4d,mer_1011,cust_20348,26726.44,INR,card_credit,SBI,captured,none,0,none,36.6,23,2,0,0,26.85,0,0,desktop_chrome,Kolkata,Kolkata,2026-08-12T23:06:24.124880
pay_5e2a17d160e24c,mer_1009,cust_20457,31932.17,INR,upi,ICICI,captured,none,0,none,28.5,23,2,0,0,26.01,0,0,desktop_safari,Bengaluru,Bengaluru,2026-08-12T23:10:10.124880
pay_923bb379e30344,mer_1025,cust_20452,26466.56,INR,card_debit,ICICI,captured,none,0,none,42.8,23,2,0,1,13.06,665,0,desktop_safari,Hyderabad,Jaipur,2026-08-12T23:17:33.124880
pay_9533c8bc8fea46,mer_1004,cust_20013,15277.59,INR,upi,KOTAK,captured,none,0,none,28.0,23,2,0,2,22.37,0,0,desktop_windows,Ahmedabad,Ahmedabad,2026-08-12T23:26:51.124880
pay_1cb94110d75944,mer_1009,cust_20055,36668.34,INR,upi,SBI,captured,none,0,none,32.6,23,2,0,0,29.2,0,0,mobile_android,Hyderabad,Hyderabad,2026-08-12T23:31:22.124880
pay_d1c06c2a409140,mer_1040,cust_20479,18024.82,INR,upi,ICICI,captured,none,0,none,26.5,23,2,0,0,24.03,0,0,desktop_windows,Ahmedabad,Ahmedabad,2026-08-12T23:36:12.124880
pay_e9a1a887896a47,mer_1039,cust_20089,37111.34,INR,upi,PAYTM_BANK,captured,none,0,none,35.8,23,2,0,0,17.7,0,0,desktop_safari,Ahmedabad,Ahmedabad,2026-08-12T23:38:54.124880
pay_46eab48f391047,mer_1023,cust_20099,8408.33,INR,upi,AXIS,captured,none,0,none,37.8,23,2,0,1,14.78,0,0,mobile_ios,Kolkata,Kolkata,2026-08-12T23:40:46.124880
pay_f83b44ed8c6345,mer_1035,cust_20586,3265.74,INR,upi,HDFC,captured,none,0,none,8.9,23,2,0,0,0.6,0,0,mobile_android,Delhi NCR,Delhi NCR,2026-08-12T23:46:00.124880
pay_76b3415c8a804c,mer_1007,cust_20280,37325.28,INR,card_debit,HDFC,captured,none,0,none,34.0,0,3,0,0,6.29,0,0,mobile_ios,Mumbai,Mumbai,2026-08-13T00:01:09.124880
pay_05c71b37804746,mer_1031,cust_20448,30300.6,INR,upi,SBI,captured,none,0,none,27.5,0,3,0,0,12.33,0,0,mobile_android,Chennai,Chennai,2026-08-13T00:10:00.124880
pay_83e33a3281b240,mer_1038,cust_20490,13781.97,INR,upi,SBI,captured,none,0,none,26.7,0,3,0,0,10.11,0,0,mobile_ios,Delhi NCR,Delhi NCR,2026-08-13T00:18:30.124880
pay_c7b410b05b4f44,mer_1013,cust_20344,41334.55,INR,upi,ICICI,captured,none,0,none,27.9,0,3,0,0,6.88,0,0,mobile_android,Delhi NCR,Delhi NCR,2026-08-13T00:28:03.124880
pay_4becde2772ef4f,mer_1020,cust_20572,42811.43,INR,card_debit,SBI,captured,none,0,none,32.8,0,3,0,0,15.61,0,0,mobile_android,Hyderabad,Hyderabad,2026-08-13T00:32:57.124880
pay_4478794af31448,mer_1022,cust_20591,3949.19,INR,netbanking,HDFC,captured,none,0,none,38.3,0,3,0,0,4.34,0,0,desktop_safari,Mumbai,Mumbai,2026-08-13T00:58:22.124880
pay_18249be113be4a,mer_1032,cust_20255,32085.68,INR,upi,HDFC,captured,none,0,none,46.4,1,3,0,0,11.53,403,0,desktop_windows,Bengaluru,Ahmedabad,2026-08-13T01:08:22.124880
pay_b3ce3a0f34354a,mer_1031,cust_20302,26092.86,INR,card_credit,PAYTM_BANK,captured,none,0,none,58.4,1,3,0,0,5.65,1163,0,desktop_chrome,Ahmedabad,Mumbai,2026-08-13T01:09:33.124880
pay_2eb9584c04754f,mer_1031,cust_20346,24230.54,INR,wallet,SBI,captured,none,0,none,39.1,1,3,0,2,25.27,0,0,desktop_chrome,Hyderabad,Hyderabad,2026-08-13T01:28:30.124880
pay_a02c66563cd749,mer_1025,cust_20083,58394.15,INR,card_credit,ICICI,captured,none,0,none,49.7,1,3,0,0,37.67,953,0,mobile_android,Chennai,Kolkata,2026-08-13T01:34:29.124880
pay_da3ddd6b1f624c,mer_1035,cust_20444,83458.68,INR,card_debit,ICICI,captured,none,0,none,36.8,2,3,0,1,101.79,0,0,desktop_safari,Mumbai,Mumbai,2026-08-13T02:11:31.124880
pay_3d468a6dbdb549,mer_1005,cust_20590,77445.81,INR,card_credit,PAYTM_BANK,captured,none,0,none,46.3,2,3,0,0,18.29,0,0,desktop_safari,Pune,Pune,2026-08-13T02:13:47.124880
pay_0b1a559900464b,mer_1032,cust_20012,24519.14,INR,upi,HDFC,captured,none,0,none,37.9,2,3,0,0,56.15,0,0,desktop_chrome,Kolkata,Kolkata,2026-08-13T02:19:14.124880
pay_0483cbb736984a,mer_1001,cust_20225,2629.07,INR,card_credit,ICICI,captured,none,0,none,26.1,2,3,0,0,1.63,0,0,desktop_safari,Pune,Pune,2026-08-13T02:23:41.124880
pay_07aa0145ac9844,mer_1006,cust_20554,34648.62,INR,upi,SBI,captured,none,0,none,43.7,2,3,0,0,16.14,0,0,desktop_chrome,Pune,Pune,2026-08-13T02:38:16.124880
pay_a20a5222ec724d,mer_1011,cust_20388,19487.16,INR,card_credit,KOTAK,captured,none,0,none,40.5,2,3,0,0,10.85,0,0,desktop_chrome,Chennai,Chennai,2026-08-13T02:52:41.124880
pay_9aa9c688abef41,mer_1019,cust_20336,1853.82,INR,upi,SBI,captured,none,0,none,27.3,3,3,0,0,0.48,683,0,desktop_safari,Ahmedabad,Delhi NCR,2026-08-13T03:01:18.124880
pay_3d309d5549e740,mer_1023,cust_20472,1487.74,INR,upi,HDFC,captured,none,0,none,20.5,3,3,0,0,0.59,0,0,desktop_chrome,Chennai,Chennai,2026-08-13T03:03:40.124880
pay_7a7bd88fe41e4f,mer_1029,cust_20238,596.32,INR,upi,SBI,captured,none,0,none,27.1,3,3,0,0,0.44,0,0,desktop_chrome,Kolkata,Kolkata,2026-08-13T03:05:07.124880
pay_0fecded8978d4a,mer_1033,cust_20061,306.59,INR,upi,HDFC,captured,none,0,none,23.8,3,3,0,0,0.3,0,0,desktop_windows,Ahmedabad,Ahmedabad,2026-08-13T03:12:57.124880
pay_efc3e5b9a3cb4d,mer_1039,cust_20399,33785.08,INR,card_credit,SBI,captured,none,0,none,37.9,3,3,0,0,11.39,0,0,desktop_windows,Chennai,Chennai,2026-08-13T03:20:57.124880
pay_a8710c27a1f042,mer_1029,cust_20440,1766.63,INR,card_credit,HDFC,captured,none,0,none,28.1,3,3,0,0,2.17,0,0,desktop_chrome,Kolkata,Kolkata,2026-08-13T03:22:19.124880
pay_88739c0eb15d46,mer_1028,cust_20552,6450.62,INR,upi,PAYTM_BANK,captured,none,0,none,57.4,3,3,0,0,5.68,0,1,desktop_windows,Kochi,Kochi,2026-08-13T03:24:14.124880
pay_dae4651608754c,mer_1024,cust_20137,809.63,INR,upi,SBI,captured,none,0,none,23.9,3,3,0,0,2.64,0,0,desktop_safari,Bengaluru,Bengaluru,2026-08-13T03:35:58.124880
pay_055267ee27a44c,mer_1040,cust_20360,10298.21,INR,upi,ICICI,captured,none,0,none,46.1,4,3,0,0,11.18,0,0,mobile_ios,Delhi NCR,Delhi NCR,2026-08-13T04:04:35.124880
pay_7ce24bae96004f,mer_1029,cust_20552,1538.95,INR,card_debit,PAYTM_BANK,captured,none,0,none,21.6,4,3,1,1,1.36,0,0,mobile_android,Kochi,Kochi,2026-08-13T04:17:51.124880
pay_fee160a7c0de4d,mer_1028,cust_20514,7945.55,INR,netbanking,ICICI,captured,none,0,none,37.1,4,3,0,0,3.1,0,0,desktop_chrome,Pune,Pune,2026-08-13T04:21:01.124880
pay_399be59772354b,mer_1008,cust_20057,25777.13,INR,card_credit,HDFC,captured,none,0,none,26.7,5,3,0,0,9.54,0,0,desktop_chrome,Kochi,Kochi,2026-08-13T05:09:44.124880
pay_28021ba8107643,mer_1035,cust_20419,12630.69,INR,card_debit,HDFC,captured,none,0,none,14.0,5,3,0,0,2.49,0,0,desktop_safari,Kochi,Kochi,2026-08-13T05:11:04.124880
pay_4a4f09c0871e43,mer_1023,cust_20488,5504.94,INR,card_debit,AXIS,captured,none,0,none,10.3,5,3,0,0,1.45,436,0,desktop_chrome,Pune,Ahmedabad,2026-08-13T05:21:58.124880
pay_d7013fb5737a40,mer_1001,cust_20028,4443.17,INR,card_credit,AXIS,captured,none,0,none,37.0,5,3,0,1,10.47,0,0,desktop_windows,Hyderabad,Hyderabad,2026-08-13T05:29:06.124880
pay_5163ae46439749,mer_1021,cust_20017,19625.28,INR,netbanking,HDFC,captured,none,0,none,28.4,5,3,0,0,21.21,0,0,mobile_ios,Hyderabad,Hyderabad,2026-08-13T05:53:02.124880
pay_9b67fb79f96142,mer_1019,cust_20330,1579.24,INR,upi,ICICI,captured,none,0,none,25.5,6,3,0,0,1.34,1148,0,desktop_windows,Mumbai,Bengaluru,2026-08-13T06:03:39.124880
pay_8b7e6f13d96341,mer_1020,cust_20388,52325.57,INR,card_credit,HDFC,captured,none,0,none,51.1,6,3,0,1,29.13,0,1,mobile_ios,Chennai,Chennai,2026-08-13T06:09:53.124880
pay_5bc41362420649,mer_1031,cust_20430,31711.73,INR,card_debit,PAYTM_BANK,captured,none,0,none,26.6,6,3,0,0,88.33,0,0,mobile_ios,Chennai,Chennai,2026-08-13T06:10:15.124880
pay_e6d6ef95c05b41,mer_1023,cust_20247,3985.39,INR,netbanking,ICICI,captured,none,0,none,30.1,6,3,0,0,3.88,0,0,mobile_android,Jaipur,Jaipur,2026-08-13T06:34:00.124880
pay_17ad4a85015e43,mer_1001,cust_20056,4056.96,INR,upi,SBI,captured,none,0,none,48.0,6,3,0,0,7.8,899,0,desktop_chrome,Delhi NCR,Chennai,2026-08-13T06:34:30.124880
pay_a263b7d724614f,mer_1017,cust_20263,837.06,INR,upi,KOTAK,captured,none,0,none,17.0,6,3,0,0,1.21,0,0,desktop_windows,Kolkata,Kolkata,2026-08-13T06:45:00.124880
pay_d407bedd2cf04b,mer_1037,cust_20589,2350.05,INR,upi,HDFC,captured,none,0,none,5.6,6,3,0,0,0.59,0,0,mobile_ios,Jaipur,Jaipur,2026-08-13T06:56:01.124880
pay_7a590722420147,mer_1001,cust_20358,2116.51,INR,card_credit,SBI,captured,none,0,none,27.8,6,3,0,0,0.89,577,0,mobile_android,Mumbai,Kolkata,2026-08-13T06:59:24.124880
pay_ef5dbe1a501f4c,mer_1019,cust_20043,641.86,INR,card_credit,ICICI,captured,none,0,none,22.2,7,3,0,0,1.41,0,1,desktop_safari,Kochi,Kochi,2026-08-13T07:16:12.124880
pay_1ca74abc525649,mer_1018,cust_20322,15105.09,INR,upi,ICICI,captured,none,0,none,36.7,7,3,0,0,11.58,0,0,desktop_windows,Bengaluru,Bengaluru,2026-08-13T07:22:08.124880
pay_d50db3879fc543,mer_1012,cust_20566,5792.38,INR,upi,ICICI,captured,none,0,none,11.1,7,3,0,1,1.34,0,0,desktop_windows,Chennai,Chennai,2026-08-13T07:22:39.124880
pay_e5d321cbd3e143,mer_1017,cust_20560,1379.8,INR,upi,PAYTM_BANK,failed,insufficient_funds,0,none,13.2,7,3,0,1,0.46,0,0,desktop_windows,Bengaluru,Bengaluru,2026-08-13T07:38:15.124880
pay_3a9d38f9677e4c,mer_1028,cust_20362,8493.76,INR,wallet,ICICI,captured,none,0,none,9.6,7,3,0,0,1.48,0,0,mobile_android,Jaipur,Jaipur,2026-08-13T07:38:25.124880
pay_ef5e45bddb1946,mer_1031,cust_20038,14234.2,INR,upi,ICICI,captured,none,0,none,34.4,7,3,0,0,36.93,0,0,desktop_chrome,Kochi,Kochi,2026-08-13T07:39:54.124880
pay_f112b794ff0444,mer_1007,cust_20370,83425.6,INR,upi,HDFC,captured,none,0,none,37.5,7,3,0,0,123.13,0,0,desktop_chrome,Ahmedabad,Ahmedabad,2026-08-13T07:41:21.124880
pay_368f5ea91a6643,mer_1024,cust_20030,7711.3,INR,wallet,SBI,captured,none,0,none,17.4,7,3,0,0,2.43,0,0,desktop_safari,Chennai,Chennai,2026-08-13T07:48:56.124880
pay_e5321654740443,mer_1031,cust_20587,7328.06,INR,card_credit,HDFC,captured,none,0,none,27.9,8,3,0,0,13.19,0,0,mobile_ios,Mumbai,Mumbai,2026-08-13T08:02:03.124880
pay_bdfa852adad243,mer_1010,cust_20085,5561.82,INR,card_credit,SBI,captured,none,0,none,16.7,8,3,0,0,2.07,0,0,desktop_windows,Ahmedabad,Ahmedabad,2026-08-13T08:04:12.124880
pay_a17b3ea9a57e4f,mer_1032,cust_20073,14368.03,INR,netbanking,SBI,captured,none,0,none,31.6,8,3,0,0,5.13,0,0,mobile_android,Mumbai,Mumbai,2026-08-13T08:06:06.124880
pay_4e6056e4d7494d,mer_1027,cust_20137,5817.82,INR,upi,ICICI,captured,none,0,none,49.7,8,3,0,1,18.99,1765,0,desktop_windows,Bengaluru,Hyderabad,2026-08-13T08:22:40.124880
pay_b0a845ca7ecd4d,mer_1016,cust_20503,2848.2,INR,upi,SBI,captured,none,0,none,9.8,8,3,0,0,1.33,0,0,mobile_ios,Mumbai,Mumbai,2026-08-13T08:24:56.124880
pay_ed8b58c9b7034c,mer_1036,cust_20403,40722.99,INR,upi,ICICI,captured,none,0,none,38.2,8,3,0,0,69.32,0,0,mobile_android,Pune,Pune,2026-08-13T08:33:54.124880
pay_0fe9e65fe0a24c,mer_1014,cust_20558,21570.67,INR,upi,ICICI,captured,none,0,none,30.0,8,3,0,0,11.62,0,0,desktop_chrome,Chennai,Chennai,2026-08-13T08:35:23.124880
pay_2e7b4bb879ad43,mer_1035,cust_20110,43942.03,INR,card_credit,HDFC,captured,none,0,none,38.2,8,3,0,0,40.62,0,0,desktop_windows,Kochi,Kochi,2026-08-13T08:37:42.124880
pay_520643fc3d8141,mer_1034,cust_20118,3578.14,INR,upi,SBI,captured,none,0,none,16.4,8,3,0,0,1.72,705,0,mobile_android,Kolkata,Pune,2026-08-13T08:43:22.124880
pay_4623cba10d994a,mer_1001,cust_20417,760.21,INR,netbanking,ICICI,captured,none,0,none,16.7,8,3,0,0,0.73,0,0,desktop_chrome,Kochi,Kochi,2026-08-13T08:43:24.124880
pay_d03ca2acb55049,mer_1026,cust_20226,35240.05,INR,upi,AXIS,captured,none,0,none,37.0,8,3,0,0,10.61,0,0,desktop_windows,Pune,Pune,2026-08-13T08:46:33.124880
pay_3de1ed39bccc47,mer_1015,cust_20575,975.79,INR,upi,ICICI,captured,none,0,none,18.3,8,3,0,0,1.28,0,0,desktop_windows,Pune,Pune,2026-08-13T08:55:28.124880
pay_03d39333df8843,mer_1036,cust_20530,20085.06,INR,upi,HDFC,captured,none,0,none,39.7,9,3,0,0,8.01,0,0,mobile_ios,Kochi,Kochi,2026-08-13T09:09:57.124880
pay_fbdae71c202843,mer_1023,cust_20442,3073.04,INR,upi,HDFC,captured,none,0,none,31.7,9,3,0,0,3.19,0,0,mobile_ios,Jaipur,Jaipur,2026-08-13T09:13:23.124880
pay_1e2757725add44,mer_1012,cust_20233,34142.95,INR,card_debit,AXIS,captured,none,0,none,33.2,9,3,0,0,34.86,0,0,desktop_safari,Chennai,Chennai,2026-08-13T09:32:44.124880
pay_888736d50c114d,mer_1034,cust_20280,3532.08,INR,card_credit,HDFC,captured,none,0,none,5.4,9,3,0,1,0.6,0,0,desktop_chrome,Mumbai,Mumbai,2026-08-13T09:34:53.124880
pay_9d8a5dda0bd942,mer_1029,cust_20200,1369.42,INR,card_credit,HDFC,captured,none,0,none,10.8,9,3,0,0,0.81,0,0,desktop_safari,Delhi NCR,Delhi NCR,2026-08-13T09:35:23.124880
pay_33031d138e9f4b,mer_1033,cust_20249,1428.0,INR,card_credit,HDFC,captured,none,0,none,16.6,9,3,0,0,0.3,683,0,mobile_android,Mumbai,Chennai,2026-08-13T09:37:25.124880
pay_fe06d6257a5142,mer_1009,cust_20527,38045.88,INR,wallet,HDFC,captured,none,0,none,35.0,9,3,0,0,24.27,0,0,mobile_android,Jaipur,Jaipur,2026-08-13T09:57:59.124880
pay_e47df8145fb247,mer_1017,cust_20121,2490.69,INR,upi,ICICI,captured,none,0,none,39.1,10,3,0,0,3.79,0,0,mobile_android,Ahmedabad,Ahmedabad,2026-08-13T10:05:06.124880
pay_312a242bf67c47,mer_1007,cust_20389,9631.2,INR,card_credit,HDFC,captured,none,0,none,29.0,10,3,0,0,24.83,0,0,desktop_windows,Kolkata,Kolkata,2026-08-13T10:10:08.124880
pay_dbcdc790b79f43,mer_1032,cust_20519,24145.2,INR,upi,SBI,captured,none,0,none,33.7,10,3,0,1,16.37,0,0,desktop_chrome,Bengaluru,Bengaluru,2026-08-13T10:21:37.124880
pay_9b99fb8e88e343,mer_1023,cust_20335,3670.86,INR,upi,HDFC,captured,none,0,none,12.8,10,3,0,0,2.77,0,0,desktop_safari,Hyderabad,Hyderabad,2026-08-13T10:24:41.124880
pay_4e5b571ddf7543,mer_1035,cust_20264,71904.8,INR,upi,ICICI,captured,none,0,none,33.9,10,3,0,0,95.94,0,0,desktop_safari,Chennai,Chennai,2026-08-13T10:30:53.124880
pay_8445cd5b89b348,mer_1003,cust_20467,3477.54,INR,netbanking,AXIS,refunded,customer_return,0,none,25.4,10,3,0,0,0.8,0,1,mobile_android,Ahmedabad,Ahmedabad,2026-08-13T10:39:15.124880
pay_a8ae394f6c9241,mer_1008,cust_20049,36959.91,INR,upi,AXIS,captured,none,0,none,38.1,11,3,0,0,28.21,1456,0,mobile_ios,Hyderabad,Ahmedabad,2026-08-13T11:02:55.124880
pay_f4f191cbc02a47,mer_1032,cust_20228,15024.16,INR,card_debit,SBI,captured,none,0,none,32.0,11,3,0,0,16.8,0,0,desktop_safari,Delhi NCR,Delhi NCR,2026-08-13T11:15:07.124880
pay_c563e697c89747,mer_1023,cust_20216,4109.42,INR,upi,HDFC,captured,none,0,none,19.4,11,3,0,0,2.97,0,0,mobile_ios,Ahmedabad,Ahmedabad,2026-08-13T11:21:28.124880
pay_c6adaf7891ce4a,mer_1037,cust_20480,3549.88,INR,netbanking,SBI,captured,none,0,none,14.5,11,3,0,0,1.98,0,0,desktop_windows,Chennai,Chennai,2026-08-13T11:54:06.124880
pay_b27b75e0d0d245,mer_1004,cust_20027,21959.18,INR,card_credit,SBI,captured,none,0,none,37.8,12,3,0,0,9.16,0,0,mobile_android,Kolkata,Kolkata,2026-08-13T12:15:19.124880
pay_f2b268d5c9444d,mer_1019,cust_20094,4632.72,INR,card_debit,SBI,captured,none,0,none,10.4,12,3,0,0,1.03,0,0,mobile_android,Chennai,Chennai,2026-08-13T12:19:05.124880
pay_d493371e735845,mer_1019,cust_20178,796.14,INR,upi,HDFC,captured,none,0,none,14.2,12,3,0,0,0.15,0,0,mobile_ios,Mumbai,Mumbai,2026-08-13T12:20:12.124880
pay_1913df5a1b094d,mer_1035,cust_20327,76570.13,INR,netbanking,HDFC,captured,none,0,none,29.1,12,3,0,0,255.23,0,0,desktop_safari,Pune,Pune,2026-08-13T12:25:21.124880
pay_37dbc81024314a,mer_1029,cust_20470,392.34,INR,upi,ICICI,captured,none,0,none,12.4,12,3,0,0,0.12,0,0,desktop_windows,Jaipur,Jaipur,2026-08-13T12:27:02.124880
pay_873d10ab1af54b,mer_1028,cust_20356,1701.21,INR,card_debit,HDFC,captured,none,0,none,12.7,12,3,0,0,1.5,0,0,mobile_ios,Mumbai,Mumbai,2026-08-13T12:28:20.124880
pay_25d53a352f7e4a,mer_1023,cust_20216,2042.93,INR,card_credit,SBI,captured,none,0,none,16.8,12,3,0,1,1.48,0,0,desktop_chrome,Ahmedabad,Ahmedabad,2026-08-13T12:57:13.124880
pay_6c2922ecdee840,mer_1019,cust_20578,1195.24,INR,upi,SBI,captured,none,0,none,17.9,13,3,0,0,0.82,0,0,mobile_ios,Delhi NCR,Delhi NCR,2026-08-13T13:05:27.124880
pay_40b08676664f47,mer_1022,cust_20255,4540.17,INR,netbanking,ICICI,captured,none,0,none,19.1,13,3,0,1,1.63,0,0,desktop_chrome,Bengaluru,Bengaluru,2026-08-13T13:06:27.124880
pay_d082df1a6d5940,mer_1028,cust_20546,13486.68,INR,card_credit,SBI,captured,none,0,none,31.2,13,3,0,0,10.02,0,0,desktop_safari,Kochi,Kochi,2026-08-13T13:11:49.124880
pay_ee098069c97b4f,mer_1007,cust_20018,9385.39,INR,upi,SBI,captured,none,0,none,27.7,13,3,0,0,11.97,0,0,mobile_android,Bengaluru,Bengaluru,2026-08-13T13:21:28.124880
pay_f053828c945f44,mer_1027,cust_20525,3286.05,INR,upi,HDFC,captured,none,0,none,29.4,13,3,0,0,10.95,486,0,mobile_ios,Jaipur,Delhi NCR,2026-08-13T13:28:05.124880
pay_aa76be1b931e43,mer_1021,cust_20208,50427.26,INR,netbanking,HDFC,captured,none,0,none,37.1,13,3,0,0,56.46,0,0,desktop_safari,Chennai,Chennai,2026-08-13T13:42:59.124880
pay_81fceb3cb31942,mer_1006,cust_20128,6289.73,INR,card_credit,SBI,captured,none,0,none,36.9,13,3,0,1,10.69,0,0,mobile_ios,Delhi NCR,Delhi NCR,2026-08-13T13:45:50.124880
pay_11d9e5cdc6d240,mer_1027,cust_20042,4233.46,INR,upi,SBI,captured,none,0,none,48.2,13,3,0,0,8.09,0,1,desktop_chrome,Ahmedabad,Ahmedabad,2026-08-13T13:51:42.124880
pay_3fcaa78dd5384f,mer_1023,cust_20301,9114.91,INR,upi,HDFC,captured,none,0,none,31.4,14,3,0,0,30.38,0,0,mobile_ios,Jaipur,Jaipur,2026-08-13T14:13:13.124880
pay_4a172870cd774a,mer_1002,cust_20598,65954.39,INR,upi,SBI,captured,none,0,none,39.1,14,3,0,0,15.24,0,0,desktop_windows,Ahmedabad,Ahmedabad,2026-08-13T14:20:28.124880
pay_3f0067fe970a45,mer_1026,cust_20584,67788.42,INR,card_credit,ICICI,captured,none,0,none,39.6,15,3,0,0,37.61,0,0,mobile_android,Kolkata,Kolkata,2026-08-13T15:18:10.124880
pay_4577efcf776b40,mer_1030,cust_20280,68293.78,INR,upi,HDFC,captured,none,0,none,44.9,15,3,0,2,11.51,0,1,mobile_ios,Mumbai,Mumbai,2026-08-13T15:41:56.124880
pay_90ce70fc787543,mer_1026,cust_20223,17186.67,INR,netbanking,KOTAK,captured,none,0,none,31.1,16,3,0,0,23.27,0,0,mobile_ios,Ahmedabad,Ahmedabad,2026-08-13T16:17:21.124880
pay_82dc35c911024e,mer_1028,cust_20514,9523.1,INR,upi,AXIS,captured,none,0,none,35.4,16,3,0,1,3.72,0,0,mobile_android,Pune,Pune,2026-08-13T16:31:08.124880
pay_dfca9673551547,mer_1023,cust_20087,6018.06,INR,upi,SBI,refunded,customer_return,0,none,10.3,16,3,0,0,1.73,0,0,desktop_chrome,Ahmedabad,Ahmedabad,2026-08-13T16:44:58.124880
pay_70df589b81594b,mer_1032,cust_20068,37866.75,INR,card_credit,KOTAK,captured,none,0,none,39.8,16,3,0,0,19.3,0,0,desktop_windows,Chennai,Chennai,2026-08-13T16:49:48.124880
pay_bf27e018043e41,mer_1022,cust_20562,957.28,INR,upi,ICICI,captured,none,0,none,16.1,16,3,0,0,0.65,0,0,mobile_ios,Hyderabad,Hyderabad,2026-08-13T16:51:33.124880
pay_9f97302ade904e,mer_1011,cust_20354,21292.27,INR,card_credit,PAYTM_BANK,captured,none,0,none,25.7,17,3,0,0,14.65,0,0,mobile_android,Delhi NCR,Delhi NCR,2026-08-13T17:04:15.124880
pay_147e8edb1b5a4a,mer_1018,cust_20049,12099.94,INR,card_credit,AXIS,captured,none,0,none,25.0,17,3,0,1,9.24,0,0,mobile_android,Hyderabad,Hyderabad,2026-08-13T17:04:55.124880
pay_659e80f49b3f44,mer_1004,cust_20572,34842.84,INR,upi,SBI,captured,none,0,none,28.8,17,3,0,1,12.7,0,0,mobile_ios,Hyderabad,Hyderabad,2026-08-13T17:07:03.124880
pay_aa2e9408d76249,mer_1012,cust_20176,9365.89,INR,card_debit,HDFC,captured,none,0,none,11.0,17,3,0,0,2.78,0,0,mobile_ios,Mumbai,Mumbai,2026-08-13T17:11:16.124880
pay_4d28b4332cfb44,mer_1019,cust_20130,465.69,INR,upi,ICICI,captured,none,0,none,11.0,17,3,0,0,0.24,0,0,mobile_ios,Jaipur,Jaipur,2026-08-13T17:14:28.124880
pay_e31bb5e9aaca40,mer_1022,cust_20191,4984.29,INR,upi,AXIS,captured,none,0,none,16.5,17,3,0,0,1.4,0,0,desktop_windows,Ahmedabad,Ahmedabad,2026-08-13T17:29:51.124880
pay_8fe3e8a2b0f147,mer_1025,cust_20126,67669.73,INR,netbanking,AXIS,captured,none,0,none,35.6,17,3,0,0,17.64,0,0,mobile_ios,Kochi,Kochi,2026-08-13T17:32:39.124880
pay_a4378bce5e4042,mer_1039,cust_20446,46860.25,INR,card_credit,ICICI,captured,none,0,none,31.6,17,3,0,0,12.0,0,0,mobile_android,Kochi,Kochi,2026-08-13T17:40:54.124880
pay_22418c5454544f,mer_1009,cust_20359,41379.48,INR,netbanking,HDFC,captured,none,0,none,31.9,17,3,0,1,31.23,0,0,mobile_ios,Mumbai,Mumbai,2026-08-13T17:42:00.124880
pay_4ba3ff5f21c840,mer_1024,cust_20204,648.07,INR,upi,ICICI,captured,none,0,none,18.7,17,3,0,0,0.22,0,0,mobile_android,Kochi,Kochi,2026-08-13T17:54:20.124880
pay_65eb7bf707064c,mer_1027,cust_20279,3957.19,INR,upi,HDFC,captured,none,0,none,39.8,17,3,0,0,3.96,0,0,mobile_android,Mumbai,Mumbai,2026-08-13T17:55:00.124880
pay_578e03e5215441,mer_1020,cust_20162,10698.32,INR,upi,SBI,captured,none,0,none,50.4,17,3,0,0,5.64,0,1,desktop_windows,Mumbai,Mumbai,2026-08-13T17:57:48.124880
pay_f5320a50482a44,mer_1008,cust_20253,48460.33,INR,upi,AXIS,captured,none,0,none,27.9,18,3,0,0,10.65,0,0,desktop_safari,Bengaluru,Bengaluru,2026-08-13T18:00:34.124880
pay_478e654df9734b,mer_1006,cust_20309,29646.9,INR,upi,HDFC,captured,none,0,none,35.8,18,3,0,0,56.06,0,0,mobile_ios,Ahmedabad,Ahmedabad,2026-08-13T18:25:26.124880
pay_1d92582447454c,mer_1029,cust_20582,2020.65,INR,upi,HDFC,captured,none,0,none,12.4,18,3,0,0,2.72,0,0,mobile_ios,Pune,Pune,2026-08-13T18:39:11.124880
pay_87eda5d11c2346,mer_1025,cust_20302,8198.06,INR,upi,ICICI,captured,none,0,none,12.5,18,3,0,1,1.77,0,0,mobile_android,Ahmedabad,Ahmedabad,2026-08-13T18:42:27.124880
pay_8bf4bdfcd7fe4c,mer_1001,cust_20464,1764.29,INR,netbanking,HDFC,captured,none,0,none,15.1,18,3,0,0,0.62,0,0,desktop_chrome,Bengaluru,Bengaluru,2026-08-13T18:47:30.124880
pay_b36db37750c94d,mer_1009,cust_20390,21886.48,INR,netbanking,SBI,captured,none,0,none,39.2,19,3,0,0,4.0,0,0,mobile_ios,Kochi,Kochi,2026-08-13T19:06:47.124880
pay_dbe65b23252d4e,mer_1017,cust_20321,1298.15,INR,netbanking,HDFC,captured,none,0,none,17.8,19,3,0,0,0.84,0,0,desktop_safari,Delhi NCR,Delhi NCR,2026-08-13T19:07:25.124880
pay_b52cfee1c1d240,mer_1012,cust_20396,12920.89,INR,card_credit,ICICI,captured,none,0,none,45.8,19,3,0,0,5.81,572,0,desktop_safari,Jaipur,Hyderabad,2026-08-13T19:25:55.124880
pay_325d2d495c6e4f,mer_1009,cust_20097,53369.52,INR,card_debit,HDFC,captured,none,0,none,34.3,19,3,0,0,31.15,0,0,desktop_windows,Kolkata,Kolkata,2026-08-13T19:32:37.124880
pay_3143dd9e20ac4c,mer_1035,cust_20361,37109.09,INR,upi,SBI,captured,none,0,none,31.0,19,3,0,0,53.8,0,0,mobile_ios,Bengaluru,Bengaluru,2026-08-13T19:38:37.124880
pay_f57a80e4bd9649,mer_1027,cust_20528,4775.62,INR,netbanking,AXIS,captured,none,0,none,30.7,19,3,0,0,9.76,0,0,desktop_chrome,Pune,Pune,2026-08-13T19:47:27.124880
pay_3361cb12298e42,mer_1005,cust_20378,19416.14,INR,card_credit,SBI,captured,none,0,none,38.3,20,3,0,0,8.83,0,0,desktop_windows,Ahmedabad,Ahmedabad,2026-08-13T20:04:25.124880
pay_e1c84a08689b44,mer_1028,cust_20583,12020.82,INR,upi,HDFC,captured,none,0,none,26.2,20,3,0,0,15.03,0,0,desktop_safari,Chennai,Chennai,2026-08-13T20:26:00.124880
pay_579ba1cad94c4b,mer_1004,cust_20141,32859.03,INR,upi,HDFC,captured,none,0,none,35.4,20,3,0,0,28.09,0,0,desktop_chrome,Pune,Pune,2026-08-13T20:31:53.124880
pay_9f17c065091948,mer_1009,cust_20158,12877.39,INR,wallet,HDFC,captured,none,0,none,35.1,20,3,0,0,7.59,0,0,desktop_windows,Delhi NCR,Delhi NCR,2026-08-13T20:32:25.124880
pay_9ea7073af7c445,mer_1005,cust_20109,64621.55,INR,card_credit,KOTAK,captured,none,0,none,31.9,20,3,0,0,7.8,0,0,desktop_safari,Delhi NCR,Delhi NCR,2026-08-13T20:35:28.124880
pay_3a48e9cbf58548,mer_1011,cust_20450,51984.41,INR,card_credit,ICICI,captured,none,0,none,33.9,21,3,0,0,25.28,0,0,mobile_android,Delhi NCR,Delhi NCR,2026-08-13T21:02:11.124880
pay_0cb3024c97b141,mer_1025,cust_20418,65949.82,INR,upi,HDFC,captured,none,0,none,26.0,21,3,0,0,28.39,0,0,mobile_ios,Kochi,Kochi,2026-08-13T21:03:45.124880
pay_6ce09b83805040,mer_1036,cust_20306,8199.95,INR,card_debit,SBI,refunded,customer_return,0,none,25.1,21,3,0,0,4.96,0,0,desktop_windows,Delhi NCR,Delhi NCR,2026-08-13T21:07:23.124880
pay_e10357752f6749,mer_1018,cust_20244,2449.01,INR,netbanking,HDFC,captured,none,0,none,8.7,21,3,0,0,0.99,387,0,mobile_android,Hyderabad,Jaipur,2026-08-13T21:14:29.124880
pay_c79fb6dfce164e,mer_1013,cust_20022,49493.76,INR,card_credit,PAYTM_BANK,captured,none,0,none,27.6,21,3,0,0,97.54,0,0,mobile_android,Bengaluru,Bengaluru,2026-08-13T21:27:57.124880
pay_fc64527a956347,mer_1007,cust_20171,70323.07,INR,card_credit,AXIS,captured,none,0,none,26.3,21,3,0,0,63.71,0,0,desktop_chrome,Delhi NCR,Delhi NCR,2026-08-13T21:32:35.124880
pay_f50a935ef1294a,mer_1025,cust_20219,62861.91,INR,wallet,PAYTM_BANK,captured,none,0,none,37.0,21,3,0,0,26.67,1720,0,mobile_android,Kolkata,Jaipur,2026-08-13T21:35:15.124880
pay_f1833ff349034f,mer_1033,cust_20107,4186.49,INR,upi,HDFC,captured,none,0,none,35.9,21,3,0,0,4.11,0,0,mobile_android,Kochi,Kochi,2026-08-13T21:46:59.124880
pay_4327aa121e6948,mer_1039,cust_20275,20858.56,INR,upi,ICICI,captured,none,0,none,37.0,21,3,0,0,8.4,0,0,mobile_android,Bengaluru,Bengaluru,2026-08-13T21:48:20.124880
pay_8495306a18db40,mer_1027,cust_20290,2512.33,INR,card_debit,HDFC,captured,none,0,none,18.5,21,3,0,0,0.85,0,0,mobile_ios,Mumbai,Mumbai,2026-08-13T21:51:21.124880
pay_6b6c21ff6c494f,mer_1004,cust_20183,42839.73,INR,card_debit,SBI,captured,none,0,none,32.9,22,3,0,0,33.22,0,0,desktop_chrome,Jaipur,Jaipur,2026-08-13T22:04:25.124880
pay_37cc6560b63945,mer_1008,cust_20055,14301.29,INR,upi,ICICI,refunded,customer_return,0,none,36.8,22,3,0,1,11.39,0,0,desktop_windows,Hyderabad,Hyderabad,2026-08-13T22:11:53.124880
pay_4a96d7af34d44d,mer_1004,cust_20551,12802.64,INR,upi,HDFC,captured,none,0,none,27.7,22,3,0,0,4.85,0,0,desktop_safari,Kolkata,Kolkata,2026-08-13T22:16:13.124880
pay_a9a7396a949b44,mer_1034,cust_20569,2806.4,INR,card_credit,AXIS,captured,none,0,none,28.4,22,3,0,0,3.64,0,0,mobile_android,Mumbai,Mumbai,2026-08-13T22:16:20.124880
pay_5d0c5ea5afa34d,mer_1032,cust_20455,7125.5,INR,card_credit,ICICI,failed,auth_timeout,0,none,25.5,22,3,0,0,5.28,0,0,desktop_safari,Hyderabad,Hyderabad,2026-08-13T22:44:27.124880
pay_990ac1cd7d4c45,mer_1034,cust_20169,3831.27,INR,netbanking,HDFC,captured,none,0,none,9.1,23,3,0,0,1.77,0,0,mobile_android,Hyderabad,Hyderabad,2026-08-13T23:00:20.124880
pay_fc2dd195209f47,mer_1019,cust_20317,2913.32,INR,upi,ICICI,captured,none,0,none,18.9,23,3,0,0,0.86,0,0,mobile_ios,Jaipur,Jaipur,2026-08-13T23:22:16.124880
pay_9aa897ea24224a,mer_1038,cust_20463,25685.33,INR,upi,SBI,captured,none,0,none,28.2,23,3,0,0,13.32,0,0,mobile_android,Pune,Pune,2026-08-13T23:30:03.124880
pay_bb8bdacb3c064e,mer_1029,cust_20399,172.73,INR,card_debit,HDFC,captured,none,0,none,17.0,23,3,0,1,0.06,1289,0,desktop_safari,Chennai,Kolkata,2026-08-13T23:33:55.124880
pay_4361e2997a1c4b,mer_1002,cust_20535,76789.09,INR,upi,ICICI,captured,none,0,none,28.8,23,3,0,0,116.27,0,0,desktop_windows,Jaipur,Jaipur,2026-08-13T23:49:31.124880
pay_7a16a768e49c43,mer_1017,cust_20058,1984.9,INR,upi,ICICI,captured,none,0,none,7.3,23,3,0,0,0.58,0,0,mobile_ios,Mumbai,Mumbai,2026-08-13T23:56:51.124880
pay_82464509fdbc46,mer_1038,cust_20077,45150.65,INR,upi,KOTAK,captured,none,0,none,25.4,0,4,0,0,25.96,0,0,desktop_safari,Pune,Pune,2026-08-14T00:03:10.124880
pay_f06864c6f2084a,mer_1029,cust_20058,2500.08,INR,card_credit,ICICI,captured,none,0,none,13.3,0,4,1,1,0.73,0,0,mobile_ios,Mumbai,Mumbai,2026-08-14T00:25:48.124880
pay_8ec2ce7a8eb84a,mer_1014,cust_20355,36555.28,INR,upi,HDFC,captured,none,0,none,56.2,0,4,0,0,43.37,1135,1,desktop_chrome,Mumbai,Pune,2026-08-14T00:33:38.124880
pay_5e2d44b7796742,mer_1025,cust_20355,26908.57,INR,upi,KOTAK,captured,none,0,none,26.2,0,4,1,1,31.92,0,0,desktop_safari,Mumbai,Mumbai,2026-08-14T00:39:07.124880
pay_77f49f1f15c643,mer_1008,cust_20144,11485.35,INR,upi,ICICI,captured,none,0,none,47.1,0,4,0,0,11.91,1432,0,desktop_windows,Pune,Chennai,2026-08-14T00:52:25.124880
pay_1d7ca8d9307445,mer_1027,cust_20187,760.29,INR,upi,AXIS,captured,none,0,none,34.7,1,4,0,0,1.28,1606,0,mobile_ios,Chennai,Bengaluru,2026-08-14T01:04:46.124880
pay_74d4e3a521274a,mer_1035,cust_20049,46851.09,INR,card_debit,ICICI,captured,none,0,none,49.3,1,4,0,2,35.76,0,0,mobile_ios,Hyderabad,Hyderabad,2026-08-14T01:23:08.124880
pay_05c48d6baa5748,mer_1011,cust_20508,32027.83,INR,upi,HDFC,captured,none,0,none,43.5,1,4,0,0,31.28,0,0,mobile_ios,Hyderabad,Hyderabad,2026-08-14T01:32:00.124880
pay_0d1feed5e0db42,mer_1018,cust_20008,11990.65,INR,upi,ICICI,captured,none,0,none,40.1,1,4,0,0,10.9,0,0,desktop_windows,Chennai,Chennai,2026-08-14T01:34:40.124880
pay_952bcba8603b4f,mer_1022,cust_20001,2270.76,INR,upi,ICICI,captured,none,0,none,26.0,1,4,0,0,2.24,0,0,mobile_android,Chennai,Chennai,2026-08-14T01:36:02.124880
pay_279e8cb2b2004a,mer_1037,cust_20008,2533.47,INR,upi,HDFC,captured,none,0,none,23.0,1,4,1,1,2.3,0,0,mobile_android,Chennai,Chennai,2026-08-14T01:45:15.124880
pay_e9f7dacfe30646,mer_1035,cust_20193,74834.38,INR,upi,ICICI,captured,none,0,none,41.9,1,4,0,0,15.61,0,0,desktop_safari,Kolkata,Kolkata,2026-08-14T01:53:08.124880
pay_51d9e81ea3b047,mer_1012,cust_20421,38341.97,INR,card_credit,SBI,captured,none,0,none,44.5,2,4,0,0,99.81,0,0,desktop_windows,Kolkata,Kolkata,2026-08-14T02:14:31.124880
pay_d511d0bcf0c045,mer_1030,cust_20553,45977.57,INR,upi,HDFC,captured,none,0,none,46.9,2,4,0,0,29.2,0,0,mobile_ios,Kolkata,Kolkata,2026-08-14T02:18:11.124880
pay_ff359b3db6f54c,mer_1031,cust_20346,19083.03,INR,netbanking,HDFC,captured,none,0,none,45.8,2,4,0,0,19.9,0,0,desktop_windows,Hyderabad,Hyderabad,2026-08-14T02:23:24.124880
pay_dd1ecb7c9be74d,mer_1035,cust_20546,45809.22,INR,card_credit,KOTAK,captured,none,0,none,38.0,2,4,0,1,34.02,0,0,mobile_android,Kochi,Kochi,2026-08-14T02:34:22.124880
pay_cc1502601b294e,mer_1030,cust_20064,56430.95,INR,upi,HDFC,captured,none,0,none,38.2,2,4,0,0,7.34,0,0,desktop_chrome,Pune,Pune,2026-08-14T02:57:12.124880
pay_dc1c28addba742,mer_1012,cust_20559,39092.31,INR,card_credit,KOTAK,captured,none,0,none,40.4,3,4,0,0,32.41,0,0,desktop_safari,Ahmedabad,Ahmedabad,2026-08-14T03:07:18.124880
pay_5a4adf0850364d,mer_1029,cust_20190,1141.75,INR,upi,SBI,captured,none,0,none,28.5,3,4,0,0,0.47,173,0,desktop_chrome,Ahmedabad,Kochi,2026-08-14T03:30:57.124880
pay_f8b6014ee42f4f,mer_1012,cust_20065,5555.31,INR,wallet,KOTAK,captured,none,0,none,45.8,3,4,0,0,7.54,0,0,desktop_safari,Mumbai,Mumbai,2026-08-14T03:50:41.124880
pay_0f50745f729a4f,mer_1013,cust_20059,43371.08,INR,card_debit,ICICI,captured,none,0,none,51.0,4,4,0,0,31.98,1400,0,desktop_windows,Mumbai,Kochi,2026-08-14T04:12:01.124880
pay_f0dc36c8a25746,mer_1027,cust_20070,1610.44,INR,upi,SBI,captured,none,0,none,39.9,4,4,0,0,1.67,977,0,mobile_ios,Kochi,Chennai,2026-08-14T04:25:59.124880
pay_243a322ab93a4c,mer_1039,cust_20035,25716.22,INR,upi,HDFC,captured,none,0,none,36.1,4,4,0,0,15.3,0,0,desktop_chrome,Delhi NCR,Delhi NCR,2026-08-14T04:32:46.124880
pay_a9901e4c713142,mer_1028,cust_20392,14950.52,INR,card_credit,HDFC,captured,none,0,none,35.3,4,4,0,0,11.68,0,0,desktop_safari,Jaipur,Jaipur,2026-08-14T04:37:17.124880
pay_56e6dc833d0e4e,mer_1008,cust_20462,71981.81,INR,upi,ICICI,failed,risk_blocked,1,account_takeover,86.0,4,4,0,0,43.95,0,1,mobile_ios,Chennai,Chennai,2026-08-14T04:38:02.124880
pay_3f25ffc5faac46,mer_1026,cust_20030,18524.1,INR,wallet,SBI,captured,none,0,none,37.1,4,4,0,1,5.83,0,0,desktop_chrome,Chennai,Chennai,2026-08-14T04:42:41.124880
pay_2eea5e9bc11649,mer_1030,cust_20494,48533.68,INR,netbanking,ICICI,captured,none,0,none,49.5,4,4,0,0,25.0,0,0,desktop_windows,Bengaluru,Bengaluru,2026-08-14T04:51:30.124880
pay_25a64f02a3484d,mer_1019,cust_20518,5091.29,INR,upi,ICICI,captured,none,0,none,46.9,4,4,0,0,6.91,0,0,desktop_safari,Delhi NCR,Delhi NCR,2026-08-14T04:52:41.124880
pay_0bd3d7358ca545,mer_1034,cust_20347,2168.57,INR,card_credit,ICICI,captured,none,0,none,19.0,4,4,0,0,0.4,0,0,desktop_windows,Bengaluru,Bengaluru,2026-08-14T04:56:51.124880
pay_3303a712e58a44,mer_1035,cust_20131,45787.53,INR,card_debit,SBI,captured,none,0,none,36.3,4,4,0,0,38.83,0,0,desktop_windows,Kolkata,Kolkata,2026-08-14T04:57:46.124880
pay_8bf6ada6454941,mer_1030,cust_20493,69889.54,INR,upi,HDFC,captured,none,0,none,31.7,5,4,0,0,38.96,0,0,desktop_safari,Bengaluru,Bengaluru,2026-08-14T05:24:48.124880
pay_39344589d62140,mer_1005,cust_20019,42666.82,INR,upi,ICICI,captured,none,0,none,31.1,5,4,0,0,15.52,0,0,desktop_safari,Pune,Pune,2026-08-14T05:27:15.124880
pay_877bd2e3c91645,mer_1035,cust_20518,41654.29,INR,card_debit,SBI,captured,none,0,none,37.6,5,4,1,1,56.5,0,0,mobile_android,Delhi NCR,Delhi NCR,2026-08-14T05:38:41.124880
pay_e9952f2a431448,mer_1031,cust_20548,7498.95,INR,wallet,ICICI,captured,none,0,none,16.6,5,4,0,0,1.75,0,0,desktop_chrome,Hyderabad,Hyderabad,2026-08-14T05:40:52.124880
pay_ca23bec21c3e46,mer_1023,cust_20239,7699.42,INR,upi,HDFC,captured,none,0,none,37.5,6,4,0,0,7.67,0,0,desktop_windows,Chennai,Chennai,2026-08-14T06:10:33.124880
pay_15e4d97e593c4b,mer_1028,cust_20522,12520.33,INR,upi,AXIS,captured,none,0,none,34.2,6,4,0,0,5.8,0,0,mobile_android,Kochi,Kochi,2026-08-14T06:11:03.124880
pay_a76c1a47954747,mer_1030,cust_20038,55998.7,INR,upi,AXIS,captured,none,0,none,30.6,6,4,0,1,145.3,0,0,desktop_chrome,Kochi,Kochi,2026-08-14T06:14:55.124880
pay_1f880927f92542,mer_1010,cust_20370,9195.12,INR,card_credit,ICICI,captured,none,0,none,27.7,6,4,0,1,13.57,0,0,desktop_safari,Ahmedabad,Ahmedabad,2026-08-14T06:27:33.124880
pay_c9ec26b0441b4b,mer_1030,cust_20128,35874.9,INR,upi,SBI,captured,none,0,none,39.7,6,4,0,1,60.95,1380,0,mobile_android,Delhi NCR,Pune,2026-08-14T06:40:36.124880
pay_1051741d48894a,mer_1022,cust_20369,1609.92,INR,upi,ICICI,captured,none,0,none,13.2,6,4,0,0,0.21,0,0,desktop_windows,Kolkata,Kolkata,2026-08-14T06:44:29.124880
pay_522d861dcd614c,mer_1016,cust_20426,88545.62,INR,upi,AXIS,captured,none,0,none,28.1,6,4,0,0,40.82,0,0,mobile_android,Jaipur,Jaipur,2026-08-14T06:50:35.124880
pay_1ef35ef6b6144a,mer_1037,cust_20465,3697.81,INR,netbanking,ICICI,captured,none,0,none,9.5,6,4,0,0,0.66,0,0,mobile_ios,Bengaluru,Bengaluru,2026-08-14T06:54:28.124880
pay_551c73f0068b4c,mer_1040,cust_20538,48040.04,INR,upi,ICICI,captured,none,0,none,31.3,6,4,0,0,7.79,0,0,mobile_android,Kolkata,Kolkata,2026-08-14T06:56:49.124880
pay_82c6b5176a8949,mer_1028,cust_20298,8130.51,INR,upi,PAYTM_BANK,captured,none,0,none,39.5,7,4,0,0,12.66,0,0,mobile_ios,Kochi,Kochi,2026-08-14T07:15:56.124880
pay_3d7c2c9f3ad746,mer_1006,cust_20146,39193.15,INR,card_credit,SBI,captured,none,0,none,36.4,7,4,0,0,9.07,1089,0,mobile_ios,Kolkata,Delhi NCR,2026-08-14T07:21:08.124880
pay_96c3e8c97f2942,mer_1006,cust_20147,32383.52,INR,upi,HDFC,captured,none,0,none,47.6,7,4,0,0,28.84,1471,0,desktop_chrome,Mumbai,Delhi NCR,2026-08-14T07:21:35.124880
pay_ba8795c80dac4f,mer_1025,cust_20340,2934.17,INR,upi,HDFC,captured,none,0,none,27.4,8,4,0,0,3.36,0,0,desktop_safari,Bengaluru,Bengaluru,2026-08-14T08:16:42.124880
pay_4ddd2e7ac78c41,mer_1028,cust_20028,13263.12,INR,upi,HDFC,captured,none,0,none,34.5,8,4,0,0,31.26,0,0,desktop_safari,Hyderabad,Hyderabad,2026-08-14T08:18:02.124880
pay_045cb9f935dd40,mer_1005,cust_20064,16291.35,INR,card_debit,PAYTM_BANK,captured,none,0,none,19.4,8,4,0,1,2.12,0,0,desktop_chrome,Pune,Pune,2026-08-14T08:43:22.124880
pay_c4b6be8432ec47,mer_1031,cust_20242,15131.09,INR,upi,ICICI,captured,none,0,none,27.1,8,4,0,0,9.24,0,0,desktop_chrome,Chennai,Chennai,2026-08-14T08:46:20.124880
pay_614346ad3b0c47,mer_1014,cust_20096,34327.05,INR,netbanking,SBI,captured,none,0,none,27.5,8,4,0,0,78.19,0,0,desktop_windows,Ahmedabad,Ahmedabad,2026-08-14T08:56:38.124880
pay_2d3deb99d6d84d,mer_1014,cust_20022,8962.15,INR,upi,HDFC,captured,none,0,none,35.1,9,4,0,1,17.66,0,0,desktop_safari,Bengaluru,Bengaluru,2026-08-14T09:24:19.124880
pay_6e3f588c00b24c,mer_1012,cust_20308,19075.11,INR,upi,SBI,captured,none,0,none,37.1,9,4,0,0,27.45,0,0,desktop_windows,Chennai,Chennai,2026-08-14T09:25:15.124880
pay_cae77bdb90cd4e,mer_1027,cust_20540,2898.78,INR,card_debit,HDFC,captured,none,0,none,13.6,9,4,0,0,1.8,0,0,desktop_chrome,Delhi NCR,Delhi NCR,2026-08-14T09:26:11.124880
pay_e263af9509f54c,mer_1018,cust_20438,3352.03,INR,upi,ICICI,captured,none,0,none,7.9,9,4,0,0,1.94,179,0,desktop_chrome,Pune,Kochi,2026-08-14T09:32:56.124880
pay_9221bcf6e9be4a,mer_1012,cust_20485,19563.63,INR,upi,AXIS,captured,none,0,none,27.4,9,4,0,0,10.62,0,0,mobile_android,Delhi NCR,Delhi NCR,2026-08-14T09:36:31.124880
pay_af6bf251eb804c,mer_1034,cust_20561,5728.73,INR,upi,HDFC,captured,none,0,none,29.7,9,4,0,0,9.36,0,0,desktop_chrome,Hyderabad,Hyderabad,2026-08-14T09:36:39.124880
pay_eee2745e924f47,mer_1040,cust_20003,8932.28,INR,card_credit,SBI,captured,none,0,none,11.2,9,4,0,0,2.16,0,0,mobile_ios,Kolkata,Kolkata,2026-08-14T09:41:34.124880
pay_15be66ff3bfe43,mer_1013,cust_20596,5045.39,INR,upi,HDFC,captured,none,0,none,18.1,10,4,0,0,1.78,0,0,desktop_windows,Hyderabad,Hyderabad,2026-08-14T10:10:01.124880
pay_99a446fbe3a546,mer_1012,cust_20131,7378.24,INR,wallet,ICICI,captured,none,0,none,32.9,10,4,0,1,6.26,0,0,desktop_chrome,Kolkata,Kolkata,2026-08-14T10:13:52.124880
pay_2177016e3c6747,mer_1019,cust_20435,764.75,INR,upi,AXIS,captured,none,0,none,14.2,10,4,0,0,1.08,0,0,desktop_windows,Ahmedabad,Ahmedabad,2026-08-14T10:14:17.124880
pay_30035299dfef49,mer_1007,cust_20125,5406.67,INR,netbanking,HDFC,captured,none,0,none,35.8,10,4,0,0,4.68,0,0,desktop_windows,Mumbai,Mumbai,2026-08-14T10:21:13.124880
pay_2f71050992c949,mer_1003,cust_20188,560.31,INR,upi,KOTAK,captured,none,0,none,19.5,10,4,0,0,0.28,0,0,mobile_ios,Delhi NCR,Delhi NCR,2026-08-14T10:53:53.124880
pay_32d03f4de8f84c,mer_1013,cust_20130,50393.23,INR,card_credit,AXIS,captured,none,0,none,34.1,10,4,0,1,25.57,0,0,desktop_chrome,Jaipur,Jaipur,2026-08-14T10:58:07.124880
pay_6b002e02500643,mer_1017,cust_20322,1343.24,INR,upi,HDFC,captured,none,0,none,12.6,11,4,0,0,1.03,0,0,desktop_chrome,Bengaluru,Bengaluru,2026-08-14T11:00:23.124880
pay_34587e57ac4a4a,mer_1001,cust_20018,179.35,INR,upi,KOTAK,captured,none,0,none,5.3,11,4,0,1,0.23,0,0,desktop_safari,Bengaluru,Bengaluru,2026-08-14T11:13:05.124880
pay_84ee6b6a209244,mer_1031,cust_20247,37165.77,INR,upi,HDFC,captured,none,0,none,27.5,11,4,0,0,36.21,0,0,desktop_windows,Jaipur,Jaipur,2026-08-14T11:35:29.124880
pay_cbe33d5fef0747,mer_1010,cust_20215,780.48,INR,card_credit,HDFC,captured,none,0,none,15.6,11,4,0,0,1.35,979,0,desktop_windows,Jaipur,Ahmedabad,2026-08-14T11:36:54.124880
pay_4195f01f869b4e,mer_1004,cust_20037,7914.76,INR,upi,ICICI,captured,none,0,none,28.1,11,4,0,0,8.58,0,0,desktop_chrome,Jaipur,Jaipur,2026-08-14T11:37:00.124880
pay_675d0d11aca44b,mer_1020,cust_20521,5130.42,INR,card_credit,HDFC,captured,none,0,none,34.5,12,4,0,0,6.04,0,0,mobile_ios,Hyderabad,Hyderabad,2026-08-14T12:13:38.124880
pay_1f010adaacef43,mer_1034,cust_20049,2124.3,INR,card_credit,ICICI,captured,none,0,none,15.9,12,4,0,2,1.62,0,0,mobile_ios,Hyderabad,Hyderabad,2026-08-14T12:58:09.124880
pay_a03895697da843,mer_1009,cust_20198,42410.49,INR,upi,SBI,captured,none,0,none,32.6,13,4,0,0,51.88,0,0,desktop_chrome,Pune,Pune,2026-08-14T13:03:47.124880
pay_456d58557ffb43,mer_1020,cust_20112,24960.13,INR,upi,HDFC,captured,none,0,none,39.4,13,4,0,0,11.17,0,0,desktop_chrome,Pune,Pune,2026-08-14T13:05:52.124880
pay_1bc351ab882141,mer_1016,cust_20235,4221.56,INR,card_debit,ICICI,captured,none,0,none,6.2,13,4,0,0,2.8,0,0,desktop_chrome,Delhi NCR,Delhi NCR,2026-08-14T13:50:57.124880
pay_75843b89c9ea46,mer_1031,cust_20592,29277.0,INR,upi,SBI,captured,none,0,none,35.6,13,4,0,0,12.17,0,0,desktop_safari,Hyderabad,Hyderabad,2026-08-14T13:53:35.124880
pay_50ac72ee211247,mer_1001,cust_20445,2696.43,INR,card_credit,HDFC,captured,none,0,none,17.3,13,4,0,0,1.62,0,0,desktop_chrome,Pune,Pune,2026-08-14T13:53:55.124880
pay_b8bc310d30b74d,mer_1036,cust_20192,5367.94,INR,card_credit,HDFC,captured,none,0,none,33.8,14,4,0,0,3.05,0,0,desktop_chrome,Chennai,Chennai,2026-08-14T14:03:59.124880
pay_11fa130e91b74d,mer_1021,cust_20229,21831.78,INR,wallet,SBI,captured,none,0,none,26.4,14,4,0,0,33.39,0,0,mobile_ios,Ahmedabad,Ahmedabad,2026-08-14T14:20:03.124880
pay_18affba1bae94f,mer_1026,cust_20123,33813.76,INR,card_credit,HDFC,captured,none,0,none,35.0,14,4,0,0,15.93,0,0,desktop_chrome,Bengaluru,Bengaluru,2026-08-14T14:26:26.124880
pay_fa2286a71aaa44,mer_1011,cust_20177,40759.25,INR,upi,AXIS,failed,insufficient_funds,0,none,30.2,14,4,0,0,48.71,0,0,desktop_chrome,Delhi NCR,Delhi NCR,2026-08-14T14:32:22.124880
pay_42818bb444da47,mer_1004,cust_20566,34630.63,INR,card_debit,ICICI,captured,none,0,none,30.2,14,4,0,0,8.03,0,0,mobile_android,Chennai,Chennai,2026-08-14T14:48:34.124880
pay_404c0373071948,mer_1015,cust_20298,1064.4,INR,wallet,KOTAK,captured,none,0,none,17.7,15,4,0,1,1.66,0,0,mobile_ios,Kochi,Kochi,2026-08-14T15:03:13.124880
pay_f8a86a75216747,mer_1029,cust_20519,1493.93,INR,card_debit,HDFC,captured,none,0,none,12.1,15,4,0,0,1.01,0,0,desktop_windows,Bengaluru,Bengaluru,2026-08-14T15:03:49.124880
pay_d6d100b8522e47,mer_1032,cust_20463,10207.58,INR,card_credit,HDFC,captured,none,0,none,36.6,15,4,0,1,5.29,598,0,desktop_safari,Pune,Ahmedabad,2026-08-14T15:05:58.124880
pay_3d64d4c8999043,mer_1040,cust_20068,3621.35,INR,upi,SBI,captured,none,0,none,17.4,15,4,0,1,1.85,334,0,mobile_android,Chennai,Bengaluru,2026-08-14T15:07:28.124880
pay_5d5ddb6c057b4a,mer_1038,cust_20019,7823.55,INR,upi,HDFC,captured,none,0,none,18.2,15,4,0,1,2.84,0,0,desktop_windows,Pune,Pune,2026-08-14T15:12:22.124880
pay_ab8d40a4e69c4e,mer_1038,cust_20154,8408.04,INR,upi,ICICI,captured,none,0,none,38.8,15,4,0,0,21.61,0,0,desktop_chrome,Kochi,Kochi,2026-08-14T15:48:34.124880
pay_68e671c5fe494c,mer_1028,cust_20575,14392.38,INR,card_credit,HDFC,captured,none,0,none,32.3,15,4,0,0,18.83,0,0,desktop_safari,Pune,Pune,2026-08-14T15:48:37.124880
pay_680bbd08e8c043,mer_1003,cust_20107,4218.59,INR,upi,ICICI,captured,none,0,none,27.0,16,4,0,1,4.15,0,0,mobile_android,Kochi,Kochi,2026-08-14T16:06:20.124880
pay_0c3ef4a35cf547,mer_1025,cust_20356,52005.87,INR,upi,ICICI,captured,none,0,none,30.8,16,4,0,0,45.73,0,0,mobile_android,Mumbai,Mumbai,2026-08-14T16:13:58.124880
pay_9f5082dde53747,mer_1037,cust_20581,5615.34,INR,netbanking,SBI,captured,none,0,none,30.3,16,4,0,0,10.18,0,0,desktop_windows,Hyderabad,Hyderabad,2026-08-14T16:19:55.124880
pay_1a5942e67f2e4b,mer_1019,cust_20552,2956.17,INR,card_credit,ICICI,captured,none,0,none,16.9,16,4,0,0,2.6,0,0,desktop_safari,Kochi,Kochi,2026-08-14T16:27:57.124880
pay_5c911696c31d4a,mer_1033,cust_20017,300.15,INR,upi,ICICI,captured,none,0,none,9.2,16,4,0,0,0.32,0,0,mobile_ios,Hyderabad,Hyderabad,2026-08-14T16:40:44.124880
pay_08918a30f4a04e,mer_1019,cust_20096,2282.18,INR,netbanking,SBI,captured,none,0,none,39.1,16,4,0,1,5.2,0,0,mobile_android,Ahmedabad,Ahmedabad,2026-08-14T16:41:48.124880
pay_be653e2394944e,mer_1017,cust_20413,828.04,INR,upi,SBI,failed,issuer_bank_down,0,none,17.0,16,4,0,0,1.65,0,0,mobile_ios,Jaipur,Jaipur,2026-08-14T16:42:15.124880
pay_507ca02f29e34a,mer_1036,cust_20598,20200.58,INR,upi,SBI,captured,none,0,none,37.3,16,4,0,0,4.67,0,0,mobile_ios,Ahmedabad,Ahmedabad,2026-08-14T16:42:38.124880
pay_47cb0abc987f42,mer_1026,cust_20224,22366.07,INR,upi,ICICI,refunded,customer_return,0,none,36.9,17,4,0,0,7.07,1648,0,mobile_android,Ahmedabad,Kochi,2026-08-14T17:29:25.124880
pay_80a04ef4db6645,mer_1006,cust_20355,104.6,INR,card_credit,HDFC,captured,none,1,card_testing,87.4,17,4,0,2,0.12,0,0,desktop_safari,Mumbai,Mumbai,2026-08-14T17:37:04.124880
pay_9de10f6bbf9048,mer_1026,cust_20500,55790.6,INR,upi,SBI,captured,none,0,none,39.6,17,4,0,0,35.68,0,0,desktop_windows,Delhi NCR,Delhi NCR,2026-08-14T17:38:56.124880
pay_a935856d175145,mer_1004,cust_20257,32805.13,INR,upi,KOTAK,captured,none,0,none,32.4,17,4,0,0,19.61,0,0,mobile_ios,Hyderabad,Hyderabad,2026-08-14T17:44:39.124880
pay_f0976c221f824b,mer_1006,cust_20253,38112.07,INR,upi,HDFC,refunded,customer_return,0,none,36.8,17,4,0,1,8.38,0,0,desktop_windows,Bengaluru,Bengaluru,2026-08-14T17:46:58.124880
pay_f6e34d9df7294a,mer_1040,cust_20587,40015.8,INR,card_debit,HDFC,captured,none,0,none,43.3,17,4,0,0,72.03,1395,0,mobile_android,Mumbai,Jaipur,2026-08-14T17:51:42.124880
pay_fb9c6b87699d46,mer_1026,cust_20034,23564.02,INR,upi,HDFC,captured,none,0,none,38.7,18,4,0,0,38.68,0,0,mobile_ios,Kolkata,Kolkata,2026-08-14T18:32:13.124880
pay_329ee134e2a443,mer_1018,cust_20418,4338.45,INR,card_debit,ICICI,captured,none,0,none,11.2,18,4,0,1,1.87,0,0,mobile_ios,Kochi,Kochi,2026-08-14T18:34:30.124880
pay_908e0292ebf741,mer_1020,cust_20090,11968.61,INR,upi,ICICI,captured,none,0,none,19.1,18,4,0,0,2.17,0,0,desktop_safari,Mumbai,Mumbai,2026-08-14T18:52:39.124880
pay_c15fe76ec94c43,mer_1017,cust_20214,949.36,INR,upi,AXIS,captured,none,0,none,14.2,18,4,0,0,0.54,329,0,mobile_ios,Jaipur,Kochi,2026-08-14T18:53:30.124880
pay_e472a181a09445,mer_1031,cust_20498,34907.06,INR,upi,HDFC,captured,none,0,none,33.8,18,4,0,0,12.04,0,0,desktop_chrome,Chennai,Chennai,2026-08-14T18:56:13.124880
pay_e86265853f1945,mer_1021,cust_20222,3114.38,INR,upi,HDFC,captured,none,0,none,8.1,18,4,0,0,2.67,0,0,mobile_android,Bengaluru,Bengaluru,2026-08-14T18:58:14.124880
pay_648da7e89ae449,mer_1010,cust_20264,1437.54,INR,card_credit,ICICI,captured,none,0,none,18.0,19,4,0,0,1.92,0,0,mobile_android,Chennai,Chennai,2026-08-14T19:13:02.124880
pay_2202c44e822043,mer_1028,cust_20287,9073.63,INR,wallet,HDFC,captured,none,0,none,30.4,19,4,0,0,4.66,0,0,desktop_windows,Chennai,Chennai,2026-08-14T19:21:19.124880
pay_384e7c3c0d2646,mer_1039,cust_20098,13962.69,INR,wallet,AXIS,captured,none,0,none,38.1,19,4,0,0,4.16,0,0,desktop_safari,Mumbai,Mumbai,2026-08-14T19:30:30.124880
pay_53dc3e3bfe7740,mer_1028,cust_20370,2753.47,INR,upi,AXIS,captured,none,0,none,38.7,19,4,0,1,4.06,0,0,desktop_chrome,Ahmedabad,Ahmedabad,2026-08-14T19:45:54.124880
pay_f60d150bbf7f43,mer_1014,cust_20003,43667.73,INR,netbanking,ICICI,captured,none,0,none,42.4,19,4,0,1,10.54,1492,0,desktop_chrome,Kolkata,Hyderabad,2026-08-14T19:55:47.124880
pay_126438de07cb40,mer_1026,cust_20126,2780.75,INR,card_credit,ICICI,captured,none,0,none,13.5,19,4,0,0,0.72,438,0,mobile_ios,Kochi,Ahmedabad,2026-08-14T19:59:59.124880
pay_f5facc9c869b44,mer_1016,cust_20215,31037.44,INR,upi,HDFC,captured,none,0,none,34.5,20,4,0,1,53.75,0,0,desktop_safari,Jaipur,Jaipur,2026-08-14T20:08:36.124880
pay_bb12295635d640,mer_1018,cust_20029,12906.7,INR,card_credit,HDFC,captured,none,0,none,39.4,20,4,0,0,13.36,1277,0,desktop_windows,Chennai,Kolkata,2026-08-14T20:23:15.124880
pay_f5de8e857a9346,mer_1025,cust_20561,33459.53,INR,upi,KOTAK,captured,none,0,none,55.0,20,4,0,1,54.66,0,1,desktop_windows,Hyderabad,Hyderabad,2026-08-14T20:27:40.124880
pay_e88f6a89da7f49,mer_1029,cust_20237,566.08,INR,upi,SBI,captured,none,0,none,12.7,20,4,0,0,0.29,0,0,desktop_safari,Pune,Pune,2026-08-14T20:28:26.124880
pay_f853e90278ce4b,mer_1006,cust_20163,14851.14,INR,upi,HDFC,failed,issuer_bank_down,0,none,29.2,20,4,0,0,3.35,0,0,desktop_windows,Chennai,Chennai,2026-08-14T20:35:09.124880
pay_6baaf3eaeb864c,mer_1006,cust_20454,11453.45,INR,upi,HDFC,captured,none,0,none,33.7,20,4,0,0,8.07,0,0,mobile_android,Kochi,Kochi,2026-08-14T20:44:00.124880
pay_17bf4b07413d43,mer_1009,cust_20275,41622.18,INR,upi,HDFC,captured,none,0,none,34.1,20,4,0,1,16.76,0,0,desktop_windows,Bengaluru,Bengaluru,2026-08-14T20:56:28.124880
pay_9c8fc61246d24e,mer_1031,cust_20326,8876.87,INR,netbanking,HDFC,captured,none,0,none,36.9,20,4,0,0,3.42,0,0,desktop_safari,Jaipur,Jaipur,2026-08-14T20:59:24.124880
pay_b5454d470d9342,mer_1001,cust_20107,936.2,INR,card_credit,KOTAK,captured,none,0,none,12.1,21,4,0,2,0.92,0,0,mobile_android,Kochi,Kochi,2026-08-14T21:00:25.124880
pay_eadfb28fd4e74e,mer_1019,cust_20531,125.15,INR,upi,PAYTM_BANK,captured,none,1,card_testing,94.8,21,4,0,0,0.14,0,0,mobile_ios,Mumbai,Mumbai,2026-08-14T21:09:11.124880
pay_e4f39f23602948,mer_1036,cust_20049,22925.54,INR,upi,HDFC,captured,none,0,none,36.7,21,4,0,2,17.5,1203,0,mobile_ios,Hyderabad,Jaipur,2026-08-14T21:17:44.124880
pay_190912624f0142,mer_1038,cust_20281,15824.67,INR,card_debit,HDFC,captured,none,0,none,37.7,21,4,0,0,29.11,0,0,mobile_ios,Ahmedabad,Ahmedabad,2026-08-14T21:20:09.124880
pay_b856b4e1aa454c,mer_1038,cust_20012,3901.18,INR,upi,HDFC,captured,none,0,none,39.6,21,4,0,0,8.93,0,0,desktop_windows,Kolkata,Kolkata,2026-08-14T21:58:34.124880
pay_9eeb6d5575b94b,mer_1037,cust_20525,4268.66,INR,netbanking,HDFC,captured,none,0,none,37.6,22,4,0,0,14.23,0,0,mobile_ios,Jaipur,Jaipur,2026-08-14T22:09:31.124880
pay_803d542ce9584b,mer_1020,cust_20051,23931.81,INR,card_credit,AXIS,captured,none,0,none,30.7,22,4,0,0,32.24,0,0,mobile_android,Ahmedabad,Ahmedabad,2026-08-14T22:10:09.124880
pay_2eab088c8b8446,mer_1021,cust_20152,53182.86,INR,upi,HDFC,captured,none,0,none,30.4,22,4,0,0,44.47,0,0,desktop_windows,Ahmedabad,Ahmedabad,2026-08-14T22:19:42.124880
pay_7e1681eb060948,mer_1012,cust_20144,49160.98,INR,card_credit,ICICI,captured,none,0,none,36.6,23,4,0,1,50.97,1344,0,desktop_safari,Pune,Kochi,2026-08-14T23:03:33.124880
pay_e62eb27bbfa14e,mer_1029,cust_20113,285.56,INR,upi,SBI,captured,none,0,none,14.9,23,4,0,0,0.51,0,0,desktop_safari,Kolkata,Kolkata,2026-08-14T23:11:28.124880
pay_13990ea3e4bf45,mer_1002,cust_20109,34065.35,INR,upi,SBI,captured,none,0,none,33.1,23,4,0,0,4.11,0,0,mobile_ios,Delhi NCR,Delhi NCR,2026-08-14T23:16:12.124880
pay_91b15a97559a49,mer_1028,cust_20503,15043.37,INR,upi,HDFC,captured,none,0,none,33.9,23,4,0,0,7.04,0,0,desktop_windows,Mumbai,Mumbai,2026-08-14T23:49:47.124880
pay_b5a7b2c4870846,mer_1021,cust_20497,44148.77,INR,upi,SBI,captured,none,0,none,25.7,23,4,0,0,15.49,0,0,mobile_android,Hyderabad,Hyderabad,2026-08-14T23:54:31.124880
pay_c7e169c6b8da4a,mer_1024,cust_20194,7631.35,INR,upi,AXIS,captured,none,0,none,49.4,0,5,0,0,10.91,517,0,mobile_android,Hyderabad,Ahmedabad,2026-08-15T00:09:07.124880
pay_f012c2be77894c,mer_1035,cust_20445,11855.46,INR,upi,AXIS,captured,none,0,none,38.5,0,5,0,1,7.11,0,0,desktop_safari,Pune,Pune,2026-08-15T00:20:09.124880
pay_a054665108564b,mer_1008,cust_20116,68208.07,INR,card_debit,SBI,captured,none,0,none,35.1,0,5,0,0,40.38,0,0,mobile_android,Pune,Pune,2026-08-15T00:25:49.124880
pay_09d53282c85c4f,mer_1022,cust_20121,3203.78,INR,upi,HDFC,captured,none,0,none,36.2,0,5,0,0,4.87,0,0,mobile_android,Ahmedabad,Ahmedabad,2026-08-15T00:45:25.124880
pay_5ada609554fe40,mer_1006,cust_20581,30218.44,INR,upi,AXIS,captured,none,0,none,29.0,0,5,0,1,54.77,0,0,mobile_ios,Hyderabad,Hyderabad,2026-08-15T00:51:45.124880
pay_bae5f441e10b45,mer_1037,cust_20322,3165.72,INR,upi,ICICI,captured,none,0,none,19.3,1,5,0,1,2.43,0,0,desktop_chrome,Bengaluru,Bengaluru,2026-08-15T01:17:13.124880
pay_41e8195e52674d,mer_1016,cust_20411,5691.34,INR,card_credit,KOTAK,captured,none,0,none,49.9,1,5,0,0,7.8,0,0,desktop_chrome,Bengaluru,Bengaluru,2026-08-15T01:24:43.124880
pay_f38ee4b318c440,mer_1040,cust_20280,32449.31,INR,upi,HDFC,captured,none,0,none,59.9,1,5,0,0,5.47,817,0,desktop_windows,Mumbai,Kochi,2026-08-15T01:56:18.124880
pay_8ba92a024c6c43,mer_1013,cust_20088,33307.15,INR,upi,SBI,failed,risk_blocked,1,account_takeover,88.0,2,5,0,0,26.28,0,1,mobile_ios,Kolkata,Kolkata,2026-08-15T02:02:11.124880
pay_d65e56a133e74b,mer_1037,cust_20581,1471.93,INR,upi,KOTAK,captured,none,0,none,29.9,2,5,0,2,2.67,375,0,mobile_android,Hyderabad,Ahmedabad,2026-08-15T02:10:03.124880
pay_9a8fd3fb833c47,mer_1039,cust_20167,16892.26,INR,card_debit,HDFC,captured,none,0,none,37.8,2,5,0,0,11.79,0,0,desktop_chrome,Hyderabad,Hyderabad,2026-08-15T02:26:03.124880
pay_2dfc91b018ee46,mer_1034,cust_20374,2159.93,INR,card_debit,SBI,captured,none,0,none,26.9,2,5,0,0,1.78,0,0,mobile_ios,Hyderabad,Hyderabad,2026-08-15T02:26:58.124880
pay_5f0f9a9a5d1f4a,mer_1027,cust_20530,142.32,INR,upi,SBI,captured,none,0,none,16.2,2,5,0,0,0.06,0,0,desktop_safari,Kochi,Kochi,2026-08-15T02:33:48.124880
pay_fbf67ba9ebe04a,mer_1030,cust_20041,47438.29,INR,card_credit,HDFC,captured,none,0,none,48.8,2,5,0,0,21.72,0,0,mobile_ios,Mumbai,Mumbai,2026-08-15T02:39:18.124880
pay_2d30bd5abbcf48,mer_1035,cust_20117,75567.1,INR,upi,SBI,captured,none,0,none,50.0,2,5,0,0,140.89,0,0,desktop_safari,Mumbai,Mumbai,2026-08-15T02:40:39.124880
pay_d39f98621cc441,mer_1018,cust_20319,7652.32,INR,upi,ICICI,captured,none,0,none,42.5,2,5,0,0,12.16,0,0,mobile_ios,Chennai,Chennai,2026-08-15T02:53:16.124880
pay_05ead962ac734f,mer_1012,cust_20347,28973.11,INR,upi,AXIS,captured,none,0,none,44.2,2,5,0,1,5.35,0,0,desktop_chrome,Bengaluru,Bengaluru,2026-08-15T02:55:41.124880
pay_3673cb2d3e2d46,mer_1005,cust_20271,76035.44,INR,upi,AXIS,captured,none,0,none,36.6,2,5,0,0,36.99,0,0,desktop_windows,Kochi,Kochi,2026-08-15T02:59:58.124880
pay_a641110f22e948,mer_1023,cust_20253,4359.01,INR,card_credit,AXIS,captured,none,0,none,21.9,3,5,0,1,0.96,0,0,desktop_windows,Bengaluru,Bengaluru,2026-08-15T03:22:39.124880
pay_a2c7872e9a6d4c,mer_1026,cust_20400,68586.65,INR,card_credit,ICICI,captured,none,0,none,43.8,3,5,0,0,134.2,0,0,mobile_ios,Mumbai,Mumbai,2026-08-15T03:23:42.124880
pay_53e8bf1a8bd44b,mer_1032,cust_20010,29672.59,INR,upi,KOTAK,captured,none,0,none,35.6,3,5,0,0,25.7,0,0,mobile_android,Delhi NCR,Delhi NCR,2026-08-15T03:30:53.124880
pay_bdd91b1f26b247,mer_1040,cust_20432,6265.81,INR,card_credit,HDFC,captured,none,0,none,44.7,3,5,0,0,3.35,0,0,desktop_safari,Hyderabad,Hyderabad,2026-08-15T03:42:35.124880
pay_c9f1a817740043,mer_1023,cust_20185,4162.97,INR,netbanking,HDFC,captured,none,0,none,16.9,3,5,0,0,0.86,0,0,desktop_chrome,Chennai,Chennai,2026-08-15T03:44:38.124880
pay_f0731c53991943,mer_1028,cust_20101,3964.3,INR,upi,SBI,captured,none,0,none,38.2,4,5,0,0,3.27,0,0,mobile_android,Pune,Pune,2026-08-15T04:01:16.124880
pay_12e4bc7a63a74f,mer_1009,cust_20059,69487.92,INR,upi,ICICI,captured,none,0,none,48.9,4,5,0,1,51.24,0,0,desktop_safari,Mumbai,Mumbai,2026-08-15T04:03:26.124880
pay_b30da086a4c242,mer_1024,cust_20226,2800.76,INR,upi,SBI,captured,none,0,none,20.1,4,5,0,0,0.84,0,0,desktop_safari,Pune,Pune,2026-08-15T04:10:16.124880
pay_4a574236e04144,mer_1007,cust_20522,64830.27,INR,upi,KOTAK,captured,none,0,none,40.5,4,5,0,1,30.03,0,0,desktop_chrome,Kochi,Kochi,2026-08-15T04:17:39.124880
pay_09b9ed378f8540,mer_1034,cust_20479,1098.01,INR,card_debit,ICICI,captured,none,0,none,25.7,4,5,0,0,1.46,0,0,mobile_ios,Ahmedabad,Ahmedabad,2026-08-15T04:22:07.124880
pay_c3d65fcbd20149,mer_1033,cust_20048,1034.66,INR,upi,HDFC,captured,none,0,none,28.5,4,5,0,0,1.76,0,0,desktop_chrome,Bengaluru,Bengaluru,2026-08-15T04:27:27.124880
pay_fce61133a46242,mer_1024,cust_20103,2227.17,INR,upi,ICICI,captured,none,0,none,44.9,4,5,0,0,1.23,0,1,mobile_android,Kochi,Kochi,2026-08-15T04:57:10.124880
pay_174443433f6542,mer_1022,cust_20375,4345.84,INR,netbanking,AXIS,captured,none,0,none,42.3,4,5,0,0,4.64,0,0,desktop_chrome,Ahmedabad,Ahmedabad,2026-08-15T04:59:17.124880
pay_47714f7b7e0640,mer_1009,cust_20045,58782.5,INR,upi,PAYTM_BANK,captured,none,0,none,39.2,5,5,0,0,61.37,0,0,desktop_safari,Hyderabad,Hyderabad,2026-08-15T05:09:28.124880
pay_6a5b3e8d4e2b4e,mer_1014,cust_20006,13319.77,INR,upi,HDFC,captured,none,0,none,36.0,5,5,0,0,29.47,0,0,mobile_android,Bengaluru,Bengaluru,2026-08-15T05:14:31.124880
pay_a6a01d81e0c142,mer_1023,cust_20087,4266.39,INR,card_debit,SBI,captured,none,0,none,16.3,5,5,0,0,1.22,0,0,desktop_chrome,Ahmedabad,Ahmedabad,2026-08-15T05:35:47.124880
pay_71eb37ad59764d,mer_1001,cust_20593,3962.16,INR,upi,HDFC,captured,none,0,none,17.9,5,5,0,0,0.59,0,0,mobile_android,Bengaluru,Bengaluru,2026-08-15T05:44:03.124880
pay_8771825351bf4e,mer_1016,cust_20077,60177.0,INR,upi,HDFC,captured,none,0,none,33.8,5,5,0,0,34.6,0,0,mobile_android,Pune,Pune,2026-08-15T05:45:16.124880
pay_f5bf75c7c57f4d,mer_1025,cust_20428,24857.58,INR,upi,ICICI,captured,none,0,none,36.7,5,5,0,0,26.0,0,0,mobile_ios,Pune,Pune,2026-08-15T05:58:01.124880
pay_d33b564a25b340,mer_1015,cust_20588,131.06,INR,netbanking,SBI,captured,none,0,none,16.6,6,5,0,0,0.07,0,0,desktop_windows,Kochi,Kochi,2026-08-15T06:06:26.124880
pay_740a4f44c03c49,mer_1027,cust_20447,1900.04,INR,upi,ICICI,captured,none,0,none,7.5,6,5,0,0,0.51,0,0,mobile_ios,Delhi NCR,Delhi NCR,2026-08-15T06:17:06.124880
pay_5ce366e9892840,mer_1019,cust_20351,1494.45,INR,card_credit,HDFC,captured,none,0,none,17.1,6,5,0,0,2.49,0,0,mobile_android,Kochi,Kochi,2026-08-15T06:17:10.124880
pay_16bd941bd3414a,mer_1035,cust_20124,21404.42,INR,card_credit,HDFC,captured,none,0,none,29.5,6,5,0,0,21.42,0,0,desktop_chrome,Kochi,Kochi,2026-08-15T06:23:16.124880
pay_518250f5445c4f,mer_1020,cust_20538,39843.75,INR,upi,SBI,captured,none,0,none,27.1,6,5,0,1,6.46,0,0,desktop_chrome,Kolkata,Kolkata,2026-08-15T06:29:06.124880
pay_1c174f32f1574c,mer_1038,cust_20096,4400.2,INR,upi,ICICI,captured,none,0,none,34.9,6,5,0,2,10.02,0,0,desktop_chrome,Ahmedabad,Ahmedabad,2026-08-15T06:36:54.124880
pay_d3760e3c457c46,mer_1008,cust_20136,27241.67,INR,upi,SBI,captured,none,0,none,31.6,6,5,0,0,13.15,0,0,mobile_ios,Hyderabad,Hyderabad,2026-08-15T06:49:12.124880
pay_ebf8670d5ddd40,mer_1001,cust_20424,3830.03,INR,card_debit,ICICI,captured,none,0,none,15.9,6,5,0,0,1.64,0,0,desktop_safari,Ahmedabad,Ahmedabad,2026-08-15T06:50:47.124880
pay_0d23d6c0cece47,mer_1017,cust_20410,1714.52,INR,card_credit,HDFC,captured,none,0,none,14.6,6,5,0,0,0.93,0,0,mobile_android,Mumbai,Mumbai,2026-08-15T06:58:59.124880
pay_6a29a7bfb1e64b,mer_1013,cust_20563,35832.27,INR,netbanking,ICICI,captured,none,0,none,33.0,7,5,0,0,58.31,0,0,desktop_chrome,Kochi,Kochi,2026-08-15T07:01:16.124880
pay_a544393bc5a94b,mer_1021,cust_20348,41550.21,INR,upi,HDFC,captured,none,0,none,31.1,7,5,0,0,41.74,0,0,mobile_ios,Kolkata,Kolkata,2026-08-15T07:18:29.124880
pay_8b6deb5c9d6a40,mer_1005,cust_20481,29916.07,INR,netbanking,SBI,captured,none,0,none,38.5,7,5,0,0,33.97,0,0,desktop_chrome,Mumbai,Mumbai,2026-08-15T07:26:48.124880
pay_ee88fa4a15904d,mer_1018,cust_20372,6407.39,INR,upi,AXIS,captured,none,0,none,36.2,7,5,0,0,18.46,0,0,desktop_safari,Kolkata,Kolkata,2026-08-15T07:28:32.124880
pay_13084f13655541,mer_1016,cust_20558,23793.16,INR,upi,ICICI,captured,none,0,none,32.5,7,5,0,0,12.82,0,0,mobile_android,Chennai,Chennai,2026-08-15T07:32:35.124880
pay_035d53a414634f,mer_1036,cust_20103,4955.39,INR,upi,HDFC,failed,auth_timeout,0,none,7.3,7,5,0,1,2.73,0,0,desktop_windows,Kochi,Kochi,2026-08-15T07:33:32.124880
pay_d22a8bf5d5ca4e,mer_1012,cust_20156,39792.9,INR,card_credit,HDFC,captured,none,0,none,35.2,7,5,0,0,8.01,0,0,desktop_windows,Ahmedabad,Ahmedabad,2026-08-15T07:36:36.124880
pay_56cb4202203146,mer_1034,cust_20207,981.96,INR,card_credit,HDFC,captured,none,0,none,12.2,7,5,0,0,0.86,0,0,mobile_android,Delhi NCR,Delhi NCR,2026-08-15T07:42:16.124880
pay_36f833bae33140,mer_1015,cust_20336,2908.31,INR,card_credit,HDFC,captured,none,0,none,10.5,7,5,0,0,0.75,0,0,desktop_windows,Ahmedabad,Ahmedabad,2026-08-15T07:58:10.124880
pay_e05d0a9bc22f40,mer_1013,cust_20054,16302.66,INR,upi,ICICI,captured,none,0,none,38.7,8,5,0,0,3.56,0,0,desktop_safari,Hyderabad,Hyderabad,2026-08-15T08:09:09.124880
pay_e761b89c90ee4a,mer_1020,cust_20298,12400.92,INR,upi,SBI,refunded,customer_return,0,none,37.9,8,5,0,1,19.31,0,0,desktop_chrome,Kochi,Kochi,2026-08-15T08:15:47.124880
pay_24479184b77a47,mer_1024,cust_20328,4126.89,INR,wallet,HDFC,captured,none,0,none,5.0,8,5,0,0,1.47,0,0,desktop_windows,Delhi NCR,Delhi NCR,2026-08-15T08:36:05.124880
pay_c8c9b0ca73d244,mer_1025,cust_20292,92671.63,INR,card_debit,HDFC,captured,none,0,none,33.7,8,5,0,0,60.94,0,0,mobile_ios,Jaipur,Jaipur,2026-08-15T08:37:36.124880
pay_221a18be246a44,mer_1013,cust_20594,30089.94,INR,upi,SBI,captured,none,0,none,35.2,8,5,0,0,20.8,0,0,desktop_safari,Pune,Pune,2026-08-15T08:40:10.124880
pay_750db914c6a141,mer_1012,cust_20543,27504.12,INR,upi,KOTAK,captured,none,0,none,37.4,8,5,0,0,74.06,0,0,desktop_safari,Delhi NCR,Delhi NCR,2026-08-15T08:44:43.124880
pay_6d1fd186d21a43,mer_1015,cust_20456,2290.86,INR,upi,SBI,captured,none,0,none,33.3,9,5,0,0,0.64,0,1,desktop_chrome,Pune,Pune,2026-08-15T09:01:02.124880
pay_4e4e6bdb5ee445,mer_1029,cust_20584,2263.75,INR,card_credit,HDFC,captured,none,0,none,19.1,9,5,0,0,1.26,0,0,mobile_android,Kolkata,Kolkata,2026-08-15T09:01:20.124880
pay_0ee421a6a0004f,mer_1039,cust_20026,11486.35,INR,card_credit,AXIS,captured,none,0,none,32.5,9,5,0,0,13.2,0,0,desktop_chrome,Kochi,Kochi,2026-08-15T09:32:06.124880
pay_8f2a571a0c314d,mer_1007,cust_20267,72207.69,INR,upi,ICICI,captured,none,0,none,33.8,9,5,0,0,33.91,0,0,desktop_chrome,Kochi,Kochi,2026-08-15T09:32:18.124880
pay_a11a12c49b6046,mer_1011,cust_20138,11980.57,INR,card_credit,KOTAK,refunded,customer_return,0,none,35.5,9,5,0,0,7.68,0,0,desktop_safari,Delhi NCR,Delhi NCR,2026-08-15T09:42:09.124880
pay_0a1c94f9aa864e,mer_1026,cust_20242,69629.01,INR,upi,AXIS,captured,none,0,none,33.6,10,5,0,0,42.5,0,0,desktop_windows,Chennai,Chennai,2026-08-15T10:01:02.124880
pay_8395cc4b2b7243,mer_1033,cust_20310,4980.17,INR,upi,AXIS,captured,none,0,none,30.6,10,5,0,0,5.97,0,0,desktop_safari,Chennai,Chennai,2026-08-15T10:37:30.124880
pay_8e700f3bb99e4f,mer_1029,cust_20570,1476.89,INR,upi,ICICI,captured,none,0,none,30.6,10,5,0,0,4.92,0,0,mobile_android,Chennai,Chennai,2026-08-15T10:41:24.124880
pay_5c2c948d500148,mer_1009,cust_20319,37621.41,INR,upi,ICICI,captured,none,0,none,26.3,10,5,0,1,59.76,0,0,desktop_safari,Chennai,Chennai,2026-08-15T10:49:01.124880
pay_ed632d8200f948,mer_1008,cust_20084,70279.38,INR,upi,SBI,captured,none,0,none,26.3,11,5,0,0,37.96,0,0,desktop_chrome,Kochi,Kochi,2026-08-15T11:13:16.124880
pay_3b4a79ede2804d,mer_1009,cust_20047,68511.67,INR,card_debit,SBI,captured,none,0,none,33.8,11,5,0,0,46.28,0,0,desktop_chrome,Chennai,Chennai,2026-08-15T11:25:35.124880
pay_2dd988fac8af49,mer_1018,cust_20133,2981.31,INR,upi,ICICI,refunded,customer_return,0,none,19.5,11,5,0,0,1.5,0,0,desktop_windows,Chennai,Chennai,2026-08-15T11:37:18.124880
pay_66c21f0cd42a45,mer_1032,cust_20045,28392.2,INR,card_credit,ICICI,captured,none,0,none,35.2,11,5,0,1,29.64,0,0,desktop_chrome,Hyderabad,Hyderabad,2026-08-15T11:47:53.124880
pay_0846ddf5942244,mer_1004,cust_20177,33243.09,INR,upi,AXIS,captured,none,0,none,35.5,12,5,0,1,39.73,0,0,desktop_safari,Delhi NCR,Delhi NCR,2026-08-15T12:12:48.124880
pay_197b9712527a4e,mer_1037,cust_20471,4204.17,INR,upi,AXIS,captured,none,0,none,8.1,12,5,0,0,2.82,0,0,desktop_safari,Jaipur,Jaipur,2026-08-15T12:36:05.124880
pay_a4b328100df546,mer_1020,cust_20284,49126.41,INR,upi,SBI,captured,none,0,none,45.5,12,5,0,0,22.65,1316,0,mobile_android,Hyderabad,Delhi NCR,2026-08-15T12:38:13.124880
pay_e393e3361aa643,mer_1039,cust_20514,12598.24,INR,upi,HDFC,captured,none,0,none,35.8,12,5,0,0,4.92,0,0,mobile_ios,Pune,Pune,2026-08-15T12:42:46.124880
pay_650a5bd75f0d42,mer_1018,cust_20304,14985.19,INR,upi,AXIS,captured,none,0,none,34.1,12,5,0,0,6.04,0,0,desktop_chrome,Kolkata,Kolkata,2026-08-15T12:53:09.124880
pay_d4a57162242c4d,mer_1026,cust_20019,84614.42,INR,card_debit,ICICI,refunded,customer_return,0,none,35.2,13,5,0,1,30.77,0,0,desktop_windows,Pune,Pune,2026-08-15T13:48:55.124880
pay_c6b53afb1b5347,mer_1012,cust_20484,25948.36,INR,upi,ICICI,captured,none,0,none,39.3,13,5,0,0,18.54,0,0,desktop_chrome,Bengaluru,Bengaluru,2026-08-15T13:54:48.124880
pay_80af550273f944,mer_1008,cust_20131,47398.5,INR,upi,HDFC,captured,none,0,none,27.5,14,5,0,0,40.2,0,0,mobile_ios,Kolkata,Kolkata,2026-08-15T14:09:35.124880
pay_3167b461301e46,mer_1010,cust_20231,1147.07,INR,upi,HDFC,captured,none,0,none,13.1,14,5,0,0,1.33,0,0,mobile_ios,Kolkata,Kolkata,2026-08-15T14:09:59.124880
pay_8fbdfe8277274d,mer_1039,cust_20278,38618.62,INR,upi,SBI,captured,none,0,none,30.9,14,5,0,0,52.34,0,0,mobile_ios,Kolkata,Kolkata,2026-08-15T14:23:58.124880
pay_30a87d3e68334b,mer_1039,cust_20598,20393.06,INR,card_credit,HDFC,captured,none,0,none,35.4,14,5,0,1,4.71,0,0,mobile_android,Ahmedabad,Ahmedabad,2026-08-15T14:28:50.124880
pay_51b5bd3cd2c147,mer_1012,cust_20083,16575.4,INR,card_debit,ICICI,captured,none,0,none,38.6,14,5,0,0,10.69,0,0,mobile_android,Chennai,Chennai,2026-08-15T14:37:59.124880
pay_37aff7414ebc47,mer_1040,cust_20505,8650.48,INR,card_debit,SBI,captured,none,0,none,37.9,14,5,0,0,4.25,0,0,desktop_safari,Ahmedabad,Ahmedabad,2026-08-15T14:47:04.124880
pay_7f2cf7935d6744,mer_1024,cust_20054,3434.65,INR,upi,AXIS,captured,none,0,none,5.0,14,5,0,1,0.75,0,0,mobile_android,Hyderabad,Hyderabad,2026-08-15T14:56:01.124880
pay_dd1e25516df14c,mer_1030,cust_20500,56739.37,INR,upi,ICICI,captured,none,0,none,38.7,15,5,0,1,36.29,0,0,desktop_windows,Delhi NCR,Delhi NCR,2026-08-15T15:19:02.124880
pay_b78a2392dd6e4c,mer_1021,cust_20480,26303.12,INR,card_debit,HDFC,captured,none,0,none,39.0,15,5,0,0,14.68,0,0,desktop_windows,Chennai,Chennai,2026-08-15T15:36:56.124880
pay_822d34dbfa1047,mer_1038,cust_20299,23322.27,INR,card_debit,HDFC,captured,none,0,none,38.3,15,5,0,0,44.5,0,0,mobile_android,Chennai,Chennai,2026-08-15T15:48:35.124880
pay_3ed2b6dc8efc48,mer_1008,cust_20158,42425.08,INR,card_credit,KOTAK,captured,none,0,none,34.9,15,5,0,0,24.99,0,0,desktop_windows,Delhi NCR,Delhi NCR,2026-08-15T15:53:38.124880
pay_bfba7009212840,mer_1030,cust_20336,71266.83,INR,upi,AXIS,captured,none,0,none,31.7,15,5,0,1,18.43,0,0,desktop_safari,Ahmedabad,Ahmedabad,2026-08-15T15:56:06.124880
pay_0777ed5312cc47,mer_1022,cust_20341,4340.1,INR,card_credit,ICICI,captured,none,0,none,15.4,16,5,0,0,0.75,0,0,desktop_safari,Bengaluru,Bengaluru,2026-08-15T16:01:10.124880
pay_b98fdc650a734e,mer_1039,cust_20521,38680.32,INR,card_credit,HDFC,captured,none,0,none,25.8,16,5,0,0,45.53,0,0,desktop_safari,Hyderabad,Hyderabad,2026-08-15T16:13:37.124880
pay_5fb994486d6f45,mer_1002,cust_20170,42519.04,INR,wallet,PAYTM_BANK,captured,none,0,none,33.0,16,5,0,0,30.96,0,0,mobile_android,Jaipur,Jaipur,2026-08-15T16:23:56.124880
pay_a4454330fa7743,mer_1008,cust_20328,3949.3,INR,card_credit,AXIS,refunded,customer_return,0,none,16.3,16,5,0,1,1.41,0,0,mobile_ios,Delhi NCR,Delhi NCR,2026-08-15T16:42:43.124880
pay_937edfdeeea547,mer_1018,cust_20211,6370.43,INR,upi,KOTAK,captured,none,0,none,32.7,16,5,0,0,16.13,0,0,desktop_chrome,Bengaluru,Bengaluru,2026-08-15T16:58:26.124880
pay_95498ce7c2764d,mer_1035,cust_20111,61816.86,INR,card_debit,ICICI,captured,none,0,none,37.5,17,5,0,0,66.78,0,0,mobile_ios,Delhi NCR,Delhi NCR,2026-08-15T17:19:43.124880
pay_636e26e040f041,mer_1034,cust_20040,3064.15,INR,card_credit,HDFC,captured,none,0,none,5.6,17,5,0,0,1.41,0,0,desktop_windows,Hyderabad,Hyderabad,2026-08-15T17:23:41.124880
pay_4991792e8c934e,mer_1012,cust_20032,21558.15,INR,upi,ICICI,captured,none,0,none,36.3,17,5,0,0,13.34,0,0,mobile_ios,Kolkata,Kolkata,2026-08-15T17:28:01.124880
pay_4593fb747d9347,mer_1035,cust_20403,35031.57,INR,upi,ICICI,captured,none,0,none,26.2,17,5,0,0,59.63,0,0,desktop_chrome,Pune,Pune,2026-08-15T17:38:49.124880
pay_1e0dd8b3a03d47,mer_1007,cust_20352,57941.49,INR,upi,HDFC,captured,none,0,none,27.0,17,5,0,0,119.93,0,0,mobile_android,Jaipur,Jaipur,2026-08-15T17:45:14.124880
pay_2a6ebc43af9146,mer_1033,cust_20309,784.8,INR,upi,HDFC,captured,none,0,none,10.2,18,5,0,0,1.48,0,0,mobile_ios,Ahmedabad,Ahmedabad,2026-08-15T18:03:21.124880
pay_d309be535ddd4a,mer_1011,cust_20499,45003.86,INR,card_debit,SBI,captured,none,0,none,39.4,18,5,0,0,23.29,0,0,desktop_chrome,Pune,Pune,2026-08-15T18:05:08.124880
pay_c7f4da76cd3c48,mer_1015,cust_20556,4258.73,INR,upi,ICICI,captured,none,0,none,10.3,18,5,0,0,1.94,0,0,desktop_safari,Jaipur,Jaipur,2026-08-15T18:12:14.124880
pay_a687a58519ee49,mer_1020,cust_20404,37560.79,INR,netbanking,ICICI,captured,none,0,none,33.0,18,5,0,0,20.08,0,0,desktop_safari,Chennai,Chennai,2026-08-15T18:43:09.124880
pay_814bc414d4db4d,mer_1028,cust_20517,6029.64,INR,upi,ICICI,captured,none,0,none,5.3,19,5,0,0,1.86,0,0,desktop_windows,Jaipur,Jaipur,2026-08-15T19:26:09.124880
pay_7cb058a6dade42,mer_1016,cust_20003,64668.95,INR,netbanking,PAYTM_BANK,captured,none,0,none,47.5,19,5,0,1,15.6,1137,0,desktop_safari,Kolkata,Bengaluru,2026-08-15T19:51:08.124880
pay_1c60dfb741ee47,mer_1011,cust_20419,6064.82,INR,upi,SBI,captured,none,0,none,8.5,19,5,0,0,1.19,0,0,mobile_ios,Kochi,Kochi,2026-08-15T19:57:48.124880
pay_8112c4551ae442,mer_1010,cust_20165,6165.08,INR,upi,AXIS,captured,none,0,none,38.7,20,5,0,0,3.93,0,0,desktop_chrome,Delhi NCR,Delhi NCR,2026-08-15T20:16:56.124880
pay_c7e8e93769dd40,mer_1039,cust_20179,40705.11,INR,upi,AXIS,captured,none,0,none,33.5,20,5,0,0,16.61,0,0,desktop_safari,Bengaluru,Bengaluru,2026-08-15T20:18:14.124880
pay_4e9366913cff4d,mer_1037,cust_20268,3292.89,INR,upi,HDFC,captured,none,0,none,7.0,20,5,0,0,2.29,0,0,desktop_windows,Ahmedabad,Ahmedabad,2026-08-15T20:18:38.124880
pay_4f1b22e7de544e,mer_1039,cust_20210,27434.09,INR,netbanking,ICICI,captured,none,0,none,39.1,20,5,0,0,51.77,0,0,mobile_ios,Bengaluru,Bengaluru,2026-08-15T20:32:58.124880
pay_c0306a3083b041,mer_1026,cust_20223,62675.61,INR,upi,KOTAK,captured,none,0,none,36.3,20,5,0,0,84.84,0,0,mobile_android,Ahmedabad,Ahmedabad,2026-08-15T20:41:00.124880
pay_c16a2e609ced48,mer_1007,cust_20205,75585.67,INR,upi,ICICI,captured,none,0,none,28.8,20,5,0,0,84.97,0,0,desktop_safari,Bengaluru,Bengaluru,2026-08-15T20:43:15.124880
pay_be52bc89f7c34c,mer_1007,cust_20172,6202.35,INR,upi,SBI,captured,none,0,none,12.2,20,5,0,0,1.22,0,0,mobile_android,Hyderabad,Hyderabad,2026-08-15T20:44:43.124880
pay_b696d824db244e,mer_1040,cust_20407,36053.28,INR,card_credit,ICICI,captured,none,0,none,34.2,20,5,0,0,113.99,0,0,mobile_android,Mumbai,Mumbai,2026-08-15T20:49:48.124880
pay_093287c916584e,mer_1014,cust_20487,23663.65,INR,upi,HDFC,captured,none,0,none,30.7,21,5,0,0,19.04,0,0,desktop_windows,Kolkata,Kolkata,2026-08-15T21:26:18.124880
pay_12f8c271849e40,mer_1037,cust_20103,374.34,INR,card_credit,AXIS,captured,none,0,none,10.0,21,5,0,2,0.21,0,0,desktop_windows,Kochi,Kochi,2026-08-15T21:32:31.124880
pay_7d13846ac6e346,mer_1037,cust_20269,3022.44,INR,upi,KOTAK,captured,none,0,none,5.7,21,5,0,0,0.5,0,0,desktop_windows,Mumbai,Mumbai,2026-08-15T21:41:34.124880
pay_82fdf08fcff448,mer_1030,cust_20373,72283.13,INR,card_debit,ICICI,captured,none,0,none,25.7,21,5,0,0,129.32,0,0,desktop_chrome,Pune,Pune,2026-08-15T21:52:23.124880
pay_3de44bb56e4b40,mer_1012,cust_20345,39499.0,INR,card_credit,AXIS,captured,none,0,none,36.7,21,5,0,0,12.68,0,0,desktop_safari,Delhi NCR,Delhi NCR,2026-08-15T21:55:00.124880
pay_c526ced0ae9c41,mer_1024,cust_20323,618.58,INR,card_credit,HDFC,captured,none,0,none,10.6,21,5,0,0,0.3,0,0,desktop_safari,Kolkata,Kolkata,2026-08-15T21:55:40.124880
pay_079cdc1e40634b,mer_1032,cust_20533,25049.78,INR,upi,HDFC,captured,none,0,none,25.2,22,5,0,0,14.53,0,0,desktop_safari,Jaipur,Jaipur,2026-08-15T22:16:48.124880
pay_00bdfaae2d8448,mer_1038,cust_20040,9130.61,INR,upi,ICICI,captured,none,0,none,36.5,22,5,0,1,4.19,0,0,desktop_chrome,Hyderabad,Hyderabad,2026-08-15T22:22:11.124880
pay_b41b5988192249,mer_1020,cust_20257,32617.04,INR,upi,SBI,captured,none,0,none,26.1,22,5,0,0,19.5,0,0,mobile_android,Hyderabad,Hyderabad,2026-08-15T22:52:45.124880
pay_c75dcc55994f4d,mer_1018,cust_20585,3849.72,INR,upi,HDFC,captured,none,0,none,34.9,23,5,0,0,3.07,0,0,mobile_ios,Jaipur,Jaipur,2026-08-15T23:01:00.124880
pay_5d94fc6543b74a,mer_1020,cust_20524,34064.86,INR,card_credit,HDFC,failed,issuer_bank_down,0,none,39.2,23,5,0,0,25.95,0,0,desktop_chrome,Pune,Pune,2026-08-15T23:35:11.124880
pay_11ffeccb42e345,mer_1017,cust_20235,1349.29,INR,upi,SBI,captured,none,0,none,11.0,23,5,0,0,0.9,0,0,mobile_android,Delhi NCR,Delhi NCR,2026-08-15T23:54:20.124880
pay_bfd1ef8da44547,mer_1005,cust_20257,38682.47,INR,upi,SBI,captured,none,0,none,37.2,23,5,0,1,23.13,0,0,desktop_windows,Hyderabad,Hyderabad,2026-08-15T23:58:27.124880
pay_d79810b3e12944,mer_1013,cust_20485,52514.9,INR,card_credit,SBI,captured,none,0,none,26.2,0,6,0,0,28.51,0,0,desktop_safari,Delhi NCR,Delhi NCR,2026-08-16T00:06:24.124880
pay_3da0ebe5656c4f,mer_1037,cust_20563,2572.08,INR,wallet,AXIS,captured,none,0,none,36.5,0,6,0,1,4.19,0,0,mobile_ios,Kochi,Kochi,2026-08-16T00:21:37.124880
pay_031929a102ec42,mer_1019,cust_20326,4555.93,INR,upi,AXIS,captured,none,0,none,13.1,0,6,0,0,1.75,0,0,desktop_chrome,Jaipur,Jaipur,2026-08-16T00:55:40.124880
pay_b669b00acc0b42,mer_1024,cust_20425,1938.98,INR,upi,KOTAK,captured,none,0,none,17.3,1,6,0,0,0.56,0,0,mobile_android,Hyderabad,Hyderabad,2026-08-16T01:29:21.124880
pay_0cf790dc0bbd49,mer_1030,cust_20053,36006.09,INR,netbanking,KOTAK,captured,none,0,none,40.5,1,6,0,0,10.48,0,0,desktop_windows,Bengaluru,Bengaluru,2026-08-16T01:29:35.124880
pay_751c0cd5d2c045,mer_1029,cust_20154,670.44,INR,upi,ICICI,captured,none,0,none,28.0,1,6,0,0,1.72,1610,0,mobile_android,Kochi,Pune,2026-08-16T01:33:02.124880
pay_bbc14740851b4b,mer_1011,cust_20245,33122.29,INR,upi,ICICI,captured,none,0,none,40.4,2,6,0,0,59.75,0,0,mobile_ios,Mumbai,Mumbai,2026-08-16T02:02:02.124880
pay_7f335583a9e248,mer_1019,cust_20524,1015.68,INR,upi,ICICI,captured,none,0,none,18.9,2,6,0,1,0.77,0,0,mobile_android,Pune,Pune,2026-08-16T02:15:42.124880
pay_cc720a7c779146,mer_1040,cust_20460,51.96,INR,netbanking,SBI,captured,none,1,card_testing,92.2,2,6,0,0,0.07,0,0,mobile_android,Ahmedabad,Ahmedabad,2026-08-16T02:52:25.124880
pay_813f584eb86d45,mer_1026,cust_20420,3354.03,INR,card_debit,ICICI,captured,none,0,none,36.0,3,6,0,0,6.4,0,0,desktop_chrome,Kolkata,Kolkata,2026-08-16T03:12:15.124880
pay_ee9132587f6f4b,mer_1010,cust_20507,2656.85,INR,card_credit,SBI,captured,none,0,none,47.2,3,6,0,0,4.74,0,0,mobile_ios,Bengaluru,Bengaluru,2026-08-16T03:14:49.124880
pay_4fc5aefabab44f,mer_1037,cust_20120,1018.17,INR,upi,HDFC,captured,none,0,none,28.6,3,6,0,0,0.05,0,0,desktop_safari,Chennai,Chennai,2026-08-16T03:25:16.124880
pay_918af3e3bcc541,mer_1025,cust_20172,59549.89,INR,upi,SBI,captured,none,0,none,50.9,3,6,0,1,11.76,1714,0,mobile_android,Hyderabad,Bengaluru,2026-08-16T03:31:40.124880
pay_9efc5f613e1445,mer_1035,cust_20227,34134.3,INR,upi,ICICI,captured,none,0,none,49.4,3,6,0,0,113.78,0,0,desktop_safari,Pune,Pune,2026-08-16T03:45:27.124880
pay_d51ce8bd48e04c,mer_1015,cust_20119,1256.32,INR,card_debit,AXIS,captured,none,0,none,29.5,4,6,0,0,0.41,0,0,desktop_safari,Kolkata,Kolkata,2026-08-16T04:00:25.124880
pay_3debcedeb1aa46,mer_1015,cust_20464,2008.81,INR,upi,HDFC,captured,none,0,none,25.8,4,6,0,0,0.7,0,0,desktop_windows,Bengaluru,Bengaluru,2026-08-16T04:05:53.124880
pay_25c8fb03a58449,mer_1013,cust_20134,9793.08,INR,upi,ICICI,captured,none,0,none,49.7,4,6,0,0,5.91,0,0,desktop_safari,Pune,Pune,2026-08-16T04:06:52.124880
pay_e13d46946d094b,mer_1005,cust_20145,77095.85,INR,upi,SBI,captured,none,0,none,40.5,4,6,0,0,32.9,0,0,desktop_windows,Jaipur,Jaipur,2026-08-16T04:28:22.124880
pay_fa57488cf0c842,mer_1001,cust_20086,1562.57,INR,card_debit,ICICI,captured,none,0,none,29.7,4,6,0,0,1.6,743,0,desktop_chrome,Ahmedabad,Kochi,2026-08-16T04:32:48.124880
pay_d56d60058f9b49,mer_1005,cust_20005,19345.31,INR,upi,SBI,captured,none,0,none,49.1,4,6,0,0,23.22,0,0,mobile_android,Jaipur,Jaipur,2026-08-16T04:41:21.124880
pay_82ee0af501a148,mer_1005,cust_20145,60923.19,INR,wallet,HDFC,captured,none,0,none,42.9,4,6,1,1,26.0,0,0,desktop_safari,Jaipur,Jaipur,2026-08-16T04:43:23.124880
pay_60ec3fd65df34f,mer_1036,cust_20442,29338.75,INR,upi,HDFC,captured,none,0,none,44.7,4,6,0,0,30.48,0,0,desktop_safari,Jaipur,Jaipur,2026-08-16T04:49:22.124880
pay_bf7a4bd524a444,mer_1018,cust_20291,1477.72,INR,card_debit,ICICI,captured,none,0,none,11.2,5,6,0,0,1.52,0,0,mobile_ios,Pune,Pune,2026-08-16T05:08:28.124880
pay_436f8efcdecd40,mer_1037,cust_20034,2102.32,INR,upi,HDFC,captured,none,0,none,35.9,5,6,0,0,3.45,0,0,mobile_ios,Kolkata,Kolkata,2026-08-16T05:15:32.124880
pay_52c05b6687994e,mer_1036,cust_20590,16761.01,INR,card_credit,SBI,failed,issuer_bank_down,0,none,27.9,5,6,0,0,3.96,0,0,desktop_chrome,Pune,Pune,2026-08-16T05:15:42.124880
pay_ba431371d2e845,mer_1001,cust_20458,1144.45,INR,upi,ICICI,captured,none,0,none,17.3,5,6,0,0,1.91,0,0,desktop_safari,Bengaluru,Bengaluru,2026-08-16T05:19:19.124880
pay_e50ce261f63144,mer_1011,cust_20131,33125.91,INR,upi,ICICI,failed,issuer_bank_down,0,none,39.2,5,6,0,1,28.09,0,0,mobile_ios,Kolkata,Kolkata,2026-08-16T05:26:13.124880
pay_738f49b43de14a,mer_1017,cust_20435,2141.27,INR,upi,KOTAK,captured,none,0,none,36.6,5,6,0,0,3.03,819,0,mobile_android,Ahmedabad,Kochi,2026-08-16T05:27:33.124880
pay_ce97da65202642,mer_1003,cust_20124,3371.13,INR,card_credit,HDFC,captured,none,0,none,35.6,6,6,0,1,3.37,1345,0,desktop_windows,Kochi,Bengaluru,2026-08-16T06:13:26.124880
pay_096d1d837cfd4b,mer_1038,cust_20419,25024.66,INR,card_credit,HDFC,captured,none,0,none,27.3,6,6,0,1,4.92,0,0,desktop_windows,Kochi,Kochi,2026-08-16T06:20:02.124880
pay_978b5501a9e64a,mer_1023,cust_20190,4361.94,INR,card_debit,ICICI,captured,none,0,none,12.4,6,6,0,0,1.78,0,0,desktop_chrome,Ahmedabad,Ahmedabad,2026-08-16T06:29:22.124880
pay_c92468bb56dc43,mer_1002,cust_20089,34492.57,INR,card_credit,HDFC,captured,none,0,none,26.4,6,6,0,0,16.45,0,0,desktop_chrome,Ahmedabad,Ahmedabad,2026-08-16T06:43:19.124880
pay_557d42829a024d,mer_1025,cust_20060,16559.99,INR,card_credit,AXIS,captured,none,0,none,48.7,6,6,0,0,7.47,1397,0,mobile_android,Ahmedabad,Pune,2026-08-16T06:49:42.124880
pay_6cdae7237af740,mer_1015,cust_20326,2673.01,INR,upi,ICICI,captured,none,0,none,8.4,6,6,0,1,1.03,0,0,mobile_ios,Jaipur,Jaipur,2026-08-16T06:50:58.124880
pay_291397c4f10447,mer_1005,cust_20503,19836.0,INR,upi,ICICI,captured,none,0,none,31.5,6,6,0,0,9.28,0,0,desktop_safari,Mumbai,Mumbai,2026-08-16T06:56:11.124880
pay_f751d9e86b814b,mer_1035,cust_20365,82224.38,INR,upi,ICICI,captured,none,0,none,35.1,6,6,0,0,35.61,0,0,desktop_safari,Pune,Pune,2026-08-16T06:58:42.124880
pay_4bb213f2af604f,mer_1036,cust_20584,32430.67,INR,upi,SBI,captured,none,0,none,38.1,7,6,0,1,17.99,0,0,desktop_windows,Kolkata,Kolkata,2026-08-16T07:02:35.124880
pay_b7f02ef4230845,mer_1020,cust_20130,31645.82,INR,netbanking,ICICI,failed,issuer_bank_down,0,none,26.5,7,6,0,0,16.06,0,0,mobile_android,Jaipur,Jaipur,2026-08-16T07:13:32.124880
pay_2efa72fdf08340,mer_1023,cust_20362,3865.07,INR,upi,HDFC,captured,none,0,none,6.6,7,6,0,0,0.67,0,0,desktop_windows,Jaipur,Jaipur,2026-08-16T07:28:24.124880
pay_8ffd0b716a864e,mer_1024,cust_20569,4549.34,INR,upi,HDFC,captured,none,0,none,32.6,7,6,0,0,5.9,0,0,desktop_safari,Mumbai,Mumbai,2026-08-16T07:52:31.124880
pay_28e48d2f5bf44b,mer_1008,cust_20365,65124.11,INR,card_debit,HDFC,captured,none,0,none,32.2,8,6,0,1,28.2,0,0,mobile_android,Pune,Pune,2026-08-16T08:03:42.124880
pay_27ee770d15b74b,mer_1040,cust_20011,40053.4,INR,upi,HDFC,captured,none,0,none,36.0,8,6,0,0,72.84,0,0,mobile_android,Mumbai,Mumbai,2026-08-16T08:07:45.124880
pay_bf98e53dd1e449,mer_1009,cust_20254,5259.65,INR,upi,SBI,captured,none,0,none,27.7,8,6,0,0,4.19,0,0,desktop_chrome,Hyderabad,Hyderabad,2026-08-16T08:16:32.124880
pay_75887a16dc1c42,mer_1003,cust_20208,3232.34,INR,card_debit,ICICI,captured,none,0,none,46.6,8,6,0,0,3.62,1609,0,mobile_ios,Chennai,Kolkata,2026-08-16T08:40:54.124880
pay_9f02b0342ddf4d,mer_1006,cust_20059,39240.99,INR,card_credit,HDFC,captured,none,0,none,38.1,8,6,0,0,28.94,0,0,desktop_windows,Mumbai,Mumbai,2026-08-16T08:44:42.124880
pay_70a1e76a57ea4c,mer_1005,cust_20580,68259.98,INR,upi,ICICI,captured,none,0,none,26.4,8,6,0,0,12.9,0,0,desktop_chrome,Delhi NCR,Delhi NCR,2026-08-16T08:57:03.124880
pay_944837f6c08148,mer_1023,cust_20300,7720.46,INR,netbanking,HDFC,captured,none,0,none,30.1,9,6,0,0,23.56,0,0,mobile_ios,Kolkata,Kolkata,2026-08-16T09:29:59.124880
pay_b1742aafd21c42,mer_1001,cust_20461,3754.92,INR,netbanking,ICICI,captured,none,0,none,31.1,9,6,0,0,3.76,0,0,desktop_safari,Kolkata,Kolkata,2026-08-16T09:43:53.124880
pay_246e3b5f3a4448,mer_1008,cust_20195,90738.05,INR,upi,AXIS,captured,none,0,none,31.6,9,6,0,0,35.75,0,0,mobile_android,Chennai,Chennai,2026-08-16T09:51:45.124880
pay_84d20abbbb124f,mer_1035,cust_20257,76809.26,INR,card_credit,ICICI,captured,none,0,none,35.3,9,6,0,2,45.92,0,0,mobile_ios,Hyderabad,Hyderabad,2026-08-16T09:56:40.124880
pay_7bf6c2f7935547,mer_1009,cust_20099,74587.32,INR,card_credit,HDFC,captured,none,0,none,28.8,10,6,0,0,131.07,0,0,desktop_windows,Kolkata,Kolkata,2026-08-16T10:10:23.124880
pay_a40d726bddb649,mer_1018,cust_20360,9998.03,INR,netbanking,HDFC,captured,none,0,none,39.5,10,6,0,0,10.86,0,0,mobile_ios,Delhi NCR,Delhi NCR,2026-08-16T10:12:46.124880
pay_7bea6784bfd341,mer_1013,cust_20016,17460.08,INR,upi,SBI,captured,none,0,none,55.0,10,6,0,0,17.01,0,1,desktop_windows,Mumbai,Mumbai,2026-08-16T10:18:09.124880
pay_1669a244247348,mer_1012,cust_20235,10704.83,INR,upi,HDFC,captured,none,0,none,39.4,10,6,0,1,7.11,0,0,desktop_chrome,Delhi NCR,Delhi NCR,2026-08-16T10:18:55.124880
pay_afdbaa10c9b245,mer_1013,cust_20170,42932.76,INR,upi,ICICI,captured,none,0,none,25.1,10,6,0,1,31.26,0,0,mobile_ios,Jaipur,Jaipur,2026-08-16T10:21:09.124880
pay_55abbf8d6aae41,mer_1015,cust_20531,1165.74,INR,upi,AXIS,captured,none,0,none,25.2,10,6,0,0,1.33,1161,0,desktop_safari,Mumbai,Jaipur,2026-08-16T10:21:55.124880
pay_0be37009d62647,mer_1011,cust_20047,26244.1,INR,upi,HDFC,captured,none,0,none,33.3,10,6,0,1,17.73,0,0,mobile_android,Chennai,Chennai,2026-08-16T10:48:01.124880
pay_624aa791c0bb43,mer_1024,cust_20216,761.2,INR,upi,HDFC,captured,none,0,none,7.8,11,6,0,0,0.55,0,0,desktop_windows,Ahmedabad,Ahmedabad,2026-08-16T11:19:01.124880
pay_7b59490500764e,mer_1022,cust_20520,1317.56,INR,upi,SBI,captured,none,0,none,9.6,11,6,0,0,0.38,0,0,desktop_chrome,Ahmedabad,Ahmedabad,2026-08-16T11:21:59.124880
pay_082615dc81fe43,mer_1021,cust_20329,34322.83,INR,upi,HDFC,captured,none,0,none,33.2,11,6,0,0,21.84,0,0,desktop_chrome,Pune,Pune,2026-08-16T11:43:51.124880
pay_8d2d5b480bfb4c,mer_1026,cust_20112,23695.64,INR,upi,ICICI,captured,none,0,none,32.7,11,6,0,0,10.61,0,0,mobile_android,Pune,Pune,2026-08-16T11:52:25.124880
pay_d07db9c6b02841,mer_1019,cust_20476,3089.68,INR,upi,SBI,captured,none,0,none,19.8,11,6,0,0,2.65,0,0,desktop_chrome,Ahmedabad,Ahmedabad,2026-08-16T11:55:39.124880
pay_6af42d3a3a5341,mer_1026,cust_20362,84172.39,INR,upi,HDFC,captured,none,0,none,30.2,11,6,0,1,14.67,0,0,desktop_chrome,Jaipur,Jaipur,2026-08-16T11:56:14.124880
pay_593a190537f248,mer_1013,cust_20526,22973.67,INR,upi,KOTAK,captured,none,0,none,27.3,12,6,0,0,6.54,0,0,desktop_windows,Jaipur,Jaipur,2026-08-16T12:02:21.124880
pay_96af6fab4ebc42,mer_1014,cust_20054,19102.08,INR,card_credit,PAYTM_BANK,captured,none,0,none,33.5,12,6,0,1,4.17,0,0,desktop_chrome,Hyderabad,Hyderabad,2026-08-16T12:04:35.124880
pay_7246cc7db26242,mer_1036,cust_20224,12806.34,INR,upi,KOTAK,captured,none,0,none,30.6,12,6,0,0,4.05,0,0,desktop_safari,Ahmedabad,Ahmedabad,2026-08-16T12:29:25.124880
pay_e8d2075f2db04a,mer_1011,cust_20104,12264.78,INR,card_debit,SBI,captured,none,0,none,36.4,12,6,0,0,9.23,0,0,mobile_ios,Hyderabad,Hyderabad,2026-08-16T12:31:15.124880
pay_856ba49319214b,mer_1006,cust_20401,19743.85,INR,card_credit,ICICI,captured,none,0,none,31.8,13,6,0,0,5.2,0,0,desktop_safari,Delhi NCR,Delhi NCR,2026-08-16T13:06:18.124880
pay_19ebb96a61964e,mer_1009,cust_20004,79791.19,INR,upi,ICICI,captured,none,0,none,35.0,13,6,0,0,21.92,0,0,desktop_windows,Ahmedabad,Ahmedabad,2026-08-16T13:13:06.124880
pay_a2c4a69eecd940,mer_1033,cust_20479,1936.57,INR,card_credit,SBI,captured,none,0,none,13.7,13,6,0,0,2.58,0,0,mobile_android,Ahmedabad,Ahmedabad,2026-08-16T13:15:14.124880
pay_1837f6e3298c41,mer_1038,cust_20598,29768.59,INR,upi,AXIS,captured,none,0,none,27.1,13,6,0,1,6.88,0,0,mobile_android,Ahmedabad,Ahmedabad,2026-08-16T13:19:36.124880
pay_9ae951a2c0fb40,mer_1029,cust_20318,2795.85,INR,upi,ICICI,captured,none,0,none,13.4,13,6,0,0,0.6,0,0,desktop_windows,Chennai,Chennai,2026-08-16T13:24:19.124880
pay_011d40d920ee4f,mer_1004,cust_20242,10352.09,INR,upi,SBI,captured,none,0,none,25.5,13,6,0,0,6.32,0,0,mobile_android,Chennai,Chennai,2026-08-16T13:30:59.124880
pay_205b96ee0de442,mer_1008,cust_20155,59001.03,INR,upi,ICICI,captured,none,0,none,30.0,13,6,0,0,12.41,0,0,desktop_safari,Pune,Pune,2026-08-16T13:35:29.124880
pay_34874175c8104d,mer_1033,cust_20074,1861.93,INR,upi,ICICI,captured,none,0,none,9.8,14,6,0,0,2.96,0,0,desktop_windows,Delhi NCR,Delhi NCR,2026-08-16T14:04:49.124880
pay_39dbc30223d144,mer_1003,cust_20397,2389.66,INR,upi,SBI,captured,none,0,none,14.9,14,6,0,0,0.93,0,0,desktop_chrome,Delhi NCR,Delhi NCR,2026-08-16T14:20:45.124880
pay_1cc2946e6adf40,mer_1035,cust_20429,52810.54,INR,upi,SBI,captured,none,0,none,36.4,14,6,0,0,60.68,314,0,desktop_chrome,Hyderabad,Delhi NCR,2026-08-16T14:49:27.124880
pay_e1f3ca9a60f940,mer_1003,cust_20402,1661.5,INR,upi,HDFC,captured,none,0,none,18.3,15,6,0,0,0.64,0,0,desktop_safari,Kochi,Kochi,2026-08-16T15:44:05.124880
pay_6701d041fbf949,mer_1031,cust_20060,39508.19,INR,card_credit,ICICI,captured,none,0,none,39.5,16,6,0,1,17.82,0,0,desktop_safari,Ahmedabad,Ahmedabad,2026-08-16T16:03:49.124880
pay_2c09f0296cd044,mer_1004,cust_20583,14627.57,INR,upi,ICICI,captured,none,0,none,31.5,16,6,0,0,18.28,0,0,desktop_windows,Chennai,Chennai,2026-08-16T16:15:40.124880
pay_10e9e2f4674f42,mer_1028,cust_20516,8093.31,INR,upi,KOTAK,captured,none,0,none,28.2,16,6,0,0,3.32,0,0,mobile_ios,Chennai,Chennai,2026-08-16T16:21:21.124880
pay_d539ac8ea5e745,mer_1014,cust_20043,6461.3,INR,upi,ICICI,captured,none,0,none,39.8,16,6,0,0,14.2,0,0,mobile_android,Kochi,Kochi,2026-08-16T16:22:32.124880
pay_0c456b5e2cb447,mer_1024,cust_20449,2252.28,INR,netbanking,AXIS,captured,none,0,none,32.9,16,6,0,0,6.18,0,0,mobile_ios,Chennai,Chennai,2026-08-16T16:27:10.124880
pay_6611103190144b,mer_1014,cust_20463,21522.55,INR,upi,HDFC,failed,insufficient_funds,0,none,30.1,16,6,0,0,11.16,0,0,desktop_safari,Pune,Pune,2026-08-16T16:28:53.124880
pay_554dc960f4a54e,mer_1021,cust_20387,65211.34,INR,upi,ICICI,captured,none,0,none,34.9,16,6,0,0,66.93,0,0,desktop_windows,Bengaluru,Bengaluru,2026-08-16T16:35:32.124880
pay_8711fa95ad0d4e,mer_1009,cust_20181,28199.64,INR,upi,HDFC,failed,auth_timeout,0,none,41.7,16,6,0,0,8.07,1157,0,desktop_windows,Ahmedabad,Hyderabad,2026-08-16T16:47:30.124880
pay_80376c624b7d42,mer_1014,cust_20511,6146.92,INR,card_credit,KOTAK,captured,none,0,none,34.4,17,6,0,0,8.29,0,0,desktop_windows,Bengaluru,Bengaluru,2026-08-16T17:05:41.124880
pay_b185cb2ee56141,mer_1023,cust_20008,5277.04,INR,upi,SBI,failed,issuer_bank_down,0,none,38.3,17,6,0,0,4.8,0,0,mobile_android,Chennai,Chennai,2026-08-16T17:11:01.124880
pay_3c88661d697946,mer_1018,cust_20008,1841.58,INR,card_credit,AXIS,captured,none,0,none,7.3,17,6,1,1,1.67,0,0,mobile_android,Chennai,Chennai,2026-08-16T17:22:43.124880
pay_32cd20bffeeb47,mer_1009,cust_20202,34284.75,INR,netbanking,ICICI,captured,none,0,none,35.3,17,6,0,0,65.39,0,0,desktop_safari,Jaipur,Jaipur,2026-08-16T17:29:58.124880
pay_5b1c856cd4a641,mer_1014,cust_20256,45696.3,INR,card_credit,AXIS,captured,none,0,none,39.1,17,6,0,0,42.69,0,0,mobile_ios,Bengaluru,Bengaluru,2026-08-16T17:43:00.124880
pay_92dcb9c4744448,mer_1019,cust_20511,1432.03,INR,card_credit,HDFC,captured,none,0,none,5.2,17,6,1,1,1.93,0,0,desktop_chrome,Bengaluru,Bengaluru,2026-08-16T17:45:07.124880
pay_71dde18d315b4e,mer_1040,cust_20296,47933.75,INR,card_credit,HDFC,captured,none,0,none,35.7,17,6,0,0,36.33,0,0,mobile_android,Pune,Pune,2026-08-16T17:52:24.124880
pay_4c14f56d508d4e,mer_1022,cust_20536,2681.22,INR,wallet,HDFC,captured,none,0,none,20.1,18,6,0,0,2.0,0,1,desktop_windows,Bengaluru,Bengaluru,2026-08-16T18:15:22.124880
pay_0d98c154d9b34d,mer_1011,cust_20236,35117.43,INR,upi,AXIS,captured,none,0,none,34.4,18,6,0,0,62.22,0,0,desktop_chrome,Mumbai,Mumbai,2026-08-16T18:30:11.124880
pay_b2a715a08a774f,mer_1020,cust_20274,23542.29,INR,upi,ICICI,captured,none,0,none,26.4,18,6,0,0,5.04,0,0,desktop_chrome,Delhi NCR,Delhi NCR,2026-08-16T18:41:05.124880
pay_67ceb80e877c44,mer_1032,cust_20514,28154.95,INR,upi,HDFC,captured,none,0,none,34.0,18,6,0,0,11.0,0,0,mobile_ios,Pune,Pune,2026-08-16T18:41:44.124880
pay_9ac35821472d4c,mer_1006,cust_20011,30900.54,INR,upi,HDFC,failed,insufficient_funds,0,none,27.3,18,6,0,1,56.2,0,0,mobile_ios,Mumbai,Mumbai,2026-08-16T18:52:41.124880
pay_a8139a2c3f6244,mer_1020,cust_20148,28069.23,INR,upi,ICICI,captured,none,0,none,32.0,19,6,0,0,16.22,0,0,desktop_safari,Kolkata,Kolkata,2026-08-16T19:02:54.124880
pay_2a78a86d685043,mer_1030,cust_20443,44012.17,INR,card_debit,KOTAK,captured,none,0,none,26.9,19,6,0,0,65.43,0,0,desktop_windows,Ahmedabad,Ahmedabad,2026-08-16T19:11:01.124880
pay_63f84e445d3b41,mer_1002,cust_20309,35176.9,INR,upi,SBI,captured,none,0,none,32.9,19,6,0,0,66.51,0,0,mobile_android,Ahmedabad,Ahmedabad,2026-08-16T19:22:28.124880
pay_9be13c3f623441,mer_1010,cust_20353,1992.58,INR,netbanking,SBI,captured,none,0,none,26.9,19,6,0,0,1.4,996,0,desktop_chrome,Jaipur,Ahmedabad,2026-08-16T19:31:48.124880
pay_9d60d1f0c8bd4c,mer_1033,cust_20527,2980.6,INR,upi,HDFC,captured,none,0,none,26.1,19,6,0,0,1.9,711,0,mobile_android,Jaipur,Chennai,2026-08-16T19:36:10.124880
pay_d9777e6546d44a,mer_1006,cust_20487,15596.19,INR,card_credit,HDFC,captured,none,0,none,37.3,19,6,0,1,12.55,0,0,mobile_android,Kolkata,Kolkata,2026-08-16T19:36:39.124880
pay_d7e016a3046945,mer_1022,cust_20130,4410.51,INR,upi,HDFC,captured,none,0,none,15.2,19,6,0,1,2.24,0,0,mobile_ios,Jaipur,Jaipur,2026-08-16T19:53:03.124880
pay_0d16b05a0a3d4f,mer_1005,cust_20062,2785.58,INR,upi,SBI,captured,none,0,none,12.0,20,6,0,0,1.04,0,0,mobile_ios,Pune,Pune,2026-08-16T20:06:29.124880
pay_e6d316141f0340,mer_1006,cust_20379,27827.71,INR,upi,HDFC,captured,none,0,none,29.7,20,6,0,0,17.84,0,0,desktop_windows,Mumbai,Mumbai,2026-08-16T20:07:21.124880
pay_0edca8fc3f1846,mer_1022,cust_20287,2506.04,INR,upi,SBI,captured,none,0,none,15.9,20,6,0,0,1.29,0,0,desktop_windows,Chennai,Chennai,2026-08-16T20:08:40.124880
pay_a69c3daf4a3e47,mer_1027,cust_20303,1117.78,INR,card_credit,HDFC,captured,none,0,none,24.9,20,6,0,0,0.21,1514,0,desktop_chrome,Delhi NCR,Bengaluru,2026-08-16T20:15:00.124880
pay_1f2c19142ed84f,mer_1023,cust_20242,3876.0,INR,upi,AXIS,captured,none,0,none,19.5,20,6,0,1,2.37,0,0,mobile_android,Chennai,Chennai,2026-08-16T20:19:31.124880
pay_cdb3fceb96da4b,mer_1017,cust_20246,567.8,INR,upi,HDFC,captured,none,0,none,11.0,20,6,0,0,0.24,0,0,mobile_ios,Hyderabad,Hyderabad,2026-08-16T20:51:12.124880
pay_e5a57d66ad4647,mer_1036,cust_20350,8176.04,INR,card_debit,HDFC,captured,none,0,none,52.3,21,6,0,0,10.93,0,1,mobile_ios,Kolkata,Kolkata,2026-08-16T21:07:44.124880
pay_535f0121b8434b,mer_1037,cust_20157,996.44,INR,upi,ICICI,captured,none,0,none,6.5,21,6,0,0,1.07,0,0,desktop_chrome,Bengaluru,Bengaluru,2026-08-16T21:14:19.124880
pay_b2d291483a9641,mer_1028,cust_20117,9160.05,INR,card_credit,HDFC,failed,insufficient_funds,0,none,36.8,21,6,0,0,17.08,0,0,mobile_ios,Mumbai,Mumbai,2026-08-16T21:16:40.124880
pay_0d66083995e544,mer_1027,cust_20062,3993.22,INR,upi,HDFC,captured,none,0,none,8.0,21,6,0,1,1.49,0,0,desktop_safari,Pune,Pune,2026-08-16T21:30:36.124880
pay_33500e0be9044b,mer_1007,cust_20377,23035.42,INR,upi,SBI,captured,none,0,none,37.4,21,6,0,0,50.67,0,0,mobile_ios,Pune,Pune,2026-08-16T21:46:01.124880
pay_fd86557469ca4e,mer_1025,cust_20103,18187.84,INR,card_debit,KOTAK,captured,none,0,none,37.6,22,6,0,0,10.02,0,0,mobile_android,Kochi,Kochi,2026-08-16T22:10:41.124880
pay_21c10545d64045,mer_1022,cust_20553,235.34,INR,upi,HDFC,captured,none,0,none,14.7,22,6,0,0,0.15,0,0,desktop_chrome,Kolkata,Kolkata,2026-08-16T22:23:40.124880
pay_4b9a4a04b72e45,mer_1034,cust_20268,1889.64,INR,card_debit,KOTAK,captured,none,0,none,24.5,23,6,0,0,1.31,0,1,mobile_ios,Ahmedabad,Ahmedabad,2026-08-16T23:03:37.124880
pay_5df4e3ec930644,mer_1009,cust_20546,30519.04,INR,card_credit,HDFC,captured,none,0,none,32.3,23,6,0,0,22.67,0,0,desktop_chrome,Kochi,Kochi,2026-08-16T23:10:54.124880
pay_9e310ed8677c45,mer_1040,cust_20427,30111.29,INR,card_credit,AXIS,captured,none,0,none,37.0,23,6,0,0,12.14,0,0,mobile_android,Hyderabad,Hyderabad,2026-08-16T23:12:03.124880
pay_08ffe7b7402d49,mer_1030,cust_20006,64786.37,INR,card_debit,AXIS,captured,none,0,none,53.6,23,6,0,0,143.32,0,1,mobile_ios,Bengaluru,Bengaluru,2026-08-16T23:12:53.124880
pay_99f74029f1184c,mer_1036,cust_20524,22645.62,INR,card_debit,SBI,captured,none,0,none,27.1,23,6,0,2,17.25,0,0,mobile_ios,Pune,Pune,2026-08-16T23:29:07.124880
pay_ce8edd6b4ff44f,mer_1002,cust_20233,11630.11,INR,wallet,HDFC,captured,none,0,none,32.0,0,0,0,0,11.87,335,0,desktop_chrome,Chennai,Kochi,2026-08-17T00:02:53.124880
pay_53d861fa233b4f,mer_1028,cust_20173,4018.19,INR,upi,ICICI,captured,none,0,none,16.3,0,0,0,0,1.54,0,0,mobile_ios,Delhi NCR,Delhi NCR,2026-08-17T00:30:42.124880
pay_191d0bc17de346,mer_1031,cust_20345,28515.05,INR,netbanking,HDFC,captured,none,0,none,39.2,0,0,0,0,9.15,0,0,desktop_windows,Delhi NCR,Delhi NCR,2026-08-17T00:32:43.124880
pay_362360c379a244,mer_1006,cust_20596,28269.82,INR,netbanking,SBI,captured,none,0,none,30.2,0,0,0,0,9.98,0,0,mobile_ios,Hyderabad,Hyderabad,2026-08-17T00:34:54.124880
pay_07e6bbc7b00949,mer_1019,cust_20146,2555.92,INR,upi,ICICI,captured,none,0,none,12.9,0,0,0,0,0.59,0,0,desktop_windows,Kolkata,Kolkata,2026-08-17T00:39:56.124880
pay_6a0847d69e6748,mer_1010,cust_20130,2832.78,INR,upi,HDFC,captured,none,0,none,7.7,0,0,0,2,1.44,0,0,desktop_chrome,Jaipur,Jaipur,2026-08-17T00:58:51.124880
pay_bc8be9cb4fcc47,mer_1024,cust_20574,5312.71,INR,netbanking,HDFC,captured,none,0,none,36.2,1,0,0,0,1.16,1182,0,desktop_chrome,Kochi,Mumbai,2026-08-17T01:04:06.124880
pay_d09583bb80e94e,mer_1006,cust_20260,32491.52,INR,upi,ICICI,captured,none,0,none,42.5,1,0,0,0,22.38,0,0,desktop_chrome,Kolkata,Kolkata,2026-08-17T01:05:06.124880
pay_0f72affc5dbe47,mer_1006,cust_20547,42010.61,INR,card_debit,KOTAK,captured,none,0,none,49.5,1,0,0,0,20.43,445,0,mobile_android,Bengaluru,Hyderabad,2026-08-17T01:20:40.124880
pay_01e046559a8441,mer_1007,cust_20238,19282.87,INR,upi,HDFC,captured,none,0,none,39.4,1,0,0,0,14.07,0,0,desktop_chrome,Kolkata,Kolkata,2026-08-17T01:53:58.124880
pay_d6b6f8d67d704f,mer_1036,cust_20123,37559.98,INR,netbanking,HDFC,captured,none,0,none,37.0,2,0,0,0,17.7,0,0,desktop_windows,Bengaluru,Bengaluru,2026-08-17T02:10:03.124880
pay_c96970dcc9c64f,mer_1013,cust_20440,32041.53,INR,upi,HDFC,captured,none,0,none,39.2,2,0,0,0,39.34,0,0,mobile_android,Kolkata,Kolkata,2026-08-17T02:12:51.124880
pay_79702b7f54a744,mer_1029,cust_20282,2375.89,INR,upi,ICICI,captured,none,0,none,25.3,2,0,0,0,0.84,0,0,mobile_android,Jaipur,Jaipur,2026-08-17T02:27:13.124880
pay_95fc09fc58a949,mer_1015,cust_20426,2277.52,INR,upi,SBI,captured,none,0,none,24.1,2,0,0,0,1.05,0,0,desktop_chrome,Jaipur,Jaipur,2026-08-17T02:39:17.124880
pay_0d509b50ee0a46,mer_1022,cust_20544,1035.93,INR,upi,HDFC,captured,none,0,none,19.8,2,0,0,0,0.66,0,0,mobile_ios,Kochi,Kochi,2026-08-17T02:42:32.124880
pay_a75d0b8386e04e,mer_1032,cust_20289,27153.24,INR,upi,SBI,captured,none,0,none,48.7,2,0,0,0,9.8,0,0,mobile_ios,Delhi NCR,Delhi NCR,2026-08-17T02:52:17.124880
pay_7dc94897414a4e,mer_1033,cust_20468,3457.65,INR,card_debit,AXIS,captured,none,0,none,27.1,3,0,0,0,2.73,0,0,desktop_windows,Delhi NCR,Delhi NCR,2026-08-17T03:09:04.124880
pay_9334a0ec9cc445,mer_1039,cust_20202,34538.39,INR,upi,SBI,captured,none,0,none,41.8,3,0,0,1,65.87,0,0,desktop_chrome,Jaipur,Jaipur,2026-08-17T03:10:24.124880
pay_ace0be99dbfa43,mer_1006,cust_20539,47405.98,INR,upi,AXIS,captured,none,0,none,37.8,3,0,0,0,25.11,0,0,mobile_ios,Delhi NCR,Delhi NCR,2026-08-17T03:29:27.124880
pay_86fc419e87f94d,mer_1010,cust_20124,6258.46,INR,card_credit,SBI,captured,none,0,none,35.4,3,0,0,1,6.26,0,0,mobile_android,Kochi,Kochi,2026-08-17T03:41:52.124880
pay_23f17c3783614b,mer_1018,cust_20350,15762.19,INR,upi,HDFC,captured,none,0,none,46.9,4,0,0,1,21.07,0,0,desktop_safari,Kolkata,Kolkata,2026-08-17T04:06:54.124880
pay_840cae7176644b,mer_1018,cust_20251,1631.76,INR,card_credit,SBI,captured,none,0,none,35.9,4,0,0,0,0.58,1357,0,mobile_ios,Mumbai,Ahmedabad,2026-08-17T04:07:14.124880
pay_e1edfd09b52849,mer_1038,cust_20079,12181.4,INR,upi,ICICI,captured,none,0,none,36.6,4,0,0,0,3.17,0,0,mobile_ios,Mumbai,Mumbai,2026-08-17T04:24:02.124880
pay_34948fcd95414f,mer_1025,cust_20146,49158.72,INR,upi,PAYTM_BANK,captured,none,0,none,44.4,4,0,0,1,11.37,0,0,mobile_android,Kolkata,Kolkata,2026-08-17T04:37:35.124880
pay_756973cd9c7741,mer_1014,cust_20307,28032.73,INR,upi,AXIS,captured,none,0,none,48.5,4,0,0,0,93.44,752,0,desktop_chrome,Kolkata,Kochi,2026-08-17T04:38:20.124880
pay_052c3767163d48,mer_1026,cust_20102,16164.49,INR,upi,ICICI,captured,none,0,none,49.9,4,0,0,0,6.79,0,0,desktop_windows,Pune,Pune,2026-08-17T04:41:06.124880
pay_4785b1d8695249,mer_1025,cust_20238,62532.87,INR,card_credit,AXIS,captured,none,0,none,38.6,4,0,0,1,45.63,0,0,desktop_safari,Kolkata,Kolkata,2026-08-17T04:48:41.124880
pay_115573f0d6cf45,mer_1001,cust_20019,1717.13,INR,card_debit,ICICI,captured,none,0,none,15.8,4,0,0,0,0.62,0,0,mobile_ios,Pune,Pune,2026-08-17T04:59:01.124880
pay_af7a983e968c46,mer_1005,cust_20471,40195.79,INR,upi,HDFC,captured,none,0,none,33.7,5,0,0,0,26.99,0,0,desktop_safari,Jaipur,Jaipur,2026-08-17T05:04:39.124880
pay_dcc8898315e047,mer_1033,cust_20550,2497.86,INR,card_credit,HDFC,captured,none,0,none,7.0,5,0,0,0,2.18,0,0,desktop_chrome,Jaipur,Jaipur,2026-08-17T05:08:42.124880
pay_09b496337b734d,mer_1036,cust_20027,9701.07,INR,upi,KOTAK,captured,none,0,none,31.0,5,0,0,0,4.05,0,0,desktop_safari,Kolkata,Kolkata,2026-08-17T05:27:03.124880
pay_e902abd542c640,mer_1012,cust_20414,6051.09,INR,upi,ICICI,captured,none,0,none,12.8,5,0,0,0,1.66,0,0,mobile_ios,Kochi,Kochi,2026-08-17T05:32:11.124880
pay_6640503d4ebc47,mer_1002,cust_20592,36192.69,INR,card_credit,HDFC,captured,none,0,none,29.4,5,0,0,0,15.04,0,0,desktop_windows,Hyderabad,Hyderabad,2026-08-17T05:44:45.124880
pay_b67951dbe88444,mer_1029,cust_20215,2826.46,INR,card_debit,ICICI,captured,none,0,none,32.0,5,0,0,0,4.89,0,0,desktop_safari,Jaipur,Jaipur,2026-08-17T05:51:57.124880
pay_1271d3b32cba43,mer_1004,cust_20137,17979.53,INR,upi,AXIS,captured,none,0,none,34.1,6,0,0,0,58.69,0,0,desktop_safari,Bengaluru,Bengaluru,2026-08-17T06:05:06.124880
pay_f0d77a0dbe7846,mer_1005,cust_20440,23109.95,INR,upi,HDFC,captured,none,0,none,35.0,6,0,0,1,28.37,0,0,mobile_android,Kolkata,Kolkata,2026-08-17T06:07:34.124880
pay_1a8cec59845044,mer_1004,cust_20184,44765.62,INR,upi,HDFC,captured,none,0,none,25.4,6,0,0,0,149.22,0,0,mobile_ios,Chennai,Chennai,2026-08-17T06:12:02.124880
pay_928af3f54cc04d,mer_1020,cust_20104,18517.0,INR,upi,HDFC,captured,none,0,none,37.2,6,0,0,1,13.93,0,0,mobile_ios,Hyderabad,Hyderabad,2026-08-17T06:17:53.124880
pay_3969d0c5a83d4f,mer_1002,cust_20591,19735.78,INR,upi,HDFC,captured,none,0,none,35.7,6,0,0,0,21.67,0,0,desktop_chrome,Mumbai,Mumbai,2026-08-17T06:19:06.124880
pay_9878013b8d9b44,mer_1036,cust_20226,34427.37,INR,upi,AXIS,captured,none,0,none,39.6,6,0,0,0,10.37,0,0,desktop_safari,Pune,Pune,2026-08-17T06:45:29.124880
pay_7d12f8a0a04c46,mer_1010,cust_20061,2246.36,INR,wallet,SBI,captured,none,0,none,12.7,6,0,0,0,2.21,0,0,mobile_android,Ahmedabad,Ahmedabad,2026-08-17T06:51:30.124880
pay_fba26ea082f34e,mer_1024,cust_20542,843.62,INR,card_credit,HDFC,captured,none,0,none,28.5,7,0,0,0,0.48,0,1,desktop_windows,Ahmedabad,Ahmedabad,2026-08-17T07:22:49.124880
pay_1aaf3ca19b2b44,mer_1015,cust_20484,2928.69,INR,upi,HDFC,captured,none,0,none,10.8,7,0,0,0,2.09,0,0,desktop_safari,Bengaluru,Bengaluru,2026-08-17T07:35:36.124880
pay_6cfe22f42f6f40,mer_1035,cust_20541,69205.61,INR,upi,HDFC,captured,none,0,none,42.5,7,0,0,0,47.27,1780,0,desktop_windows,Jaipur,Ahmedabad,2026-08-17T07:45:06.124880
pay_44312dc4a9ee4d,mer_1005,cust_20520,21663.62,INR,card_credit,SBI,captured,none,0,none,36.2,7,0,0,1,6.17,0,0,desktop_windows,Ahmedabad,Ahmedabad,2026-08-17T07:53:13.124880
pay_6f2b78992b344d,mer_1030,cust_20506,1840.77,INR,upi,KOTAK,captured,none,0,none,35.3,7,0,0,0,3.06,0,0,mobile_ios,Chennai,Chennai,2026-08-17T07:58:02.124880
pay_416276e8d23049,mer_1040,cust_20320,3019.61,INR,card_credit,HDFC,failed,incorrect_otp,0,none,18.1,7,0,0,0,1.65,0,0,mobile_ios,Kolkata,Kolkata,2026-08-17T07:58:08.124880
pay_c0247756430f45,mer_1036,cust_20397,34749.15,INR,upi,ICICI,captured,none,0,none,26.4,8,0,0,1,13.56,0,0,desktop_safari,Delhi NCR,Delhi NCR,2026-08-17T08:32:48.124880
pay_7cbcb07bd52a4a,mer_1019,cust_20449,1904.06,INR,card_credit,ICICI,captured,none,0,none,31.3,9,0,0,1,5.22,0,0,mobile_android,Chennai,Chennai,2026-08-17T09:02:12.124880
pay_477fc50ac8b947,mer_1030,cust_20195,17576.99,INR,card_debit,HDFC,captured,none,0,none,31.0,9,0,0,1,6.93,0,0,mobile_ios,Chennai,Chennai,2026-08-17T09:06:24.124880
pay_8cd20353638748,mer_1008,cust_20474,48355.48,INR,upi,HDFC,captured,none,0,none,29.1,9,0,0,0,79.86,0,0,desktop_windows,Chennai,Chennai,2026-08-17T09:40:53.124880
pay_cb1a5f46896c49,mer_1026,cust_20579,24866.7,INR,card_debit,ICICI,failed,insufficient_funds,0,none,35.0,9,0,0,0,22.22,0,0,mobile_ios,Ahmedabad,Ahmedabad,2026-08-17T09:52:06.124880
pay_1001245b4d0544,mer_1007,cust_20328,50462.98,INR,netbanking,KOTAK,captured,none,0,none,36.5,9,0,0,0,17.96,0,0,desktop_windows,Delhi NCR,Delhi NCR,2026-08-17T09:58:43.124880
pay_9ebe7ff138a043,mer_1014,cust_20476,29476.88,INR,upi,SBI,captured,none,0,none,32.6,10,0,0,1,25.25,0,0,mobile_android,Ahmedabad,Ahmedabad,2026-08-17T10:00:55.124880
pay_76e191bc10b84f,mer_1013,cust_20281,15668.29,INR,upi,HDFC,captured,none,0,none,35.8,10,0,0,0,28.82,0,0,mobile_ios,Ahmedabad,Ahmedabad,2026-08-17T10:01:07.124880
pay_70bde3ccd9e24d,mer_1008,cust_20389,79532.55,INR,netbanking,HDFC,captured,none,0,none,38.2,10,0,0,0,205.07,0,0,desktop_chrome,Kolkata,Kolkata,2026-08-17T10:01:40.124880
pay_ee1ffabf1b3d46,mer_1026,cust_20098,99012.43,INR,upi,AXIS,captured,none,0,none,37.3,10,0,0,0,29.53,0,0,desktop_chrome,Mumbai,Mumbai,2026-08-17T10:04:45.124880
pay_47c1477d67bb42,mer_1022,cust_20218,1952.48,INR,upi,AXIS,captured,none,0,none,20.0,10,0,0,0,1.5,0,0,desktop_chrome,Jaipur,Jaipur,2026-08-17T10:22:30.124880
pay_d8bd00f1c10946,mer_1009,cust_20151,36260.77,INR,card_credit,SBI,captured,none,0,none,29.8,10,0,0,0,15.07,0,0,desktop_chrome,Delhi NCR,Delhi NCR,2026-08-17T10:25:08.124880
pay_8e8643a92b4e43,mer_1023,cust_20297,3957.86,INR,wallet,HDFC,captured,none,0,none,14.5,10,0,0,0,1.39,0,0,desktop_windows,Chennai,Chennai,2026-08-17T10:30:07.124880
pay_db97b3f9005146,mer_1003,cust_20397,2996.88,INR,card_credit,HDFC,captured,none,0,none,13.2,10,0,0,2,1.17,0,0,desktop_windows,Delhi NCR,Delhi NCR,2026-08-17T10:40:54.124880
pay_53fae3c42ef446,mer_1020,cust_20287,8725.97,INR,card_debit,ICICI,captured,none,0,none,42.0,10,0,0,1,4.48,0,1,desktop_chrome,Chennai,Chennai,2026-08-17T10:57:35.124880
pay_beff3b44fe8e45,mer_1037,cust_20540,5123.36,INR,card_credit,HDFC,captured,none,0,none,29.9,11,0,0,0,3.18,0,0,mobile_android,Delhi NCR,Delhi NCR,2026-08-17T11:15:10.124880
pay_8f96208d29214e,mer_1002,cust_20167,17987.2,INR,wallet,HDFC,captured,none,0,none,28.5,11,0,0,0,12.55,0,0,desktop_chrome,Hyderabad,Hyderabad,2026-08-17T11:15:48.124880
pay_f15caf407cf441,mer_1020,cust_20104,37423.99,INR,card_credit,HDFC,captured,none,0,none,30.4,11,0,0,2,28.16,0,0,mobile_ios,Hyderabad,Hyderabad,2026-08-17T11:39:07.124880
pay_d9898988366843,mer_1036,cust_20522,38495.66,INR,card_debit,SBI,captured,none,0,none,35.1,11,0,0,0,17.83,0,0,mobile_ios,Kochi,Kochi,2026-08-17T11:45:25.124880
pay_89b41ed2155c4c,mer_1008,cust_20091,72152.03,INR,card_credit,SBI,failed,auth_timeout,0,none,36.3,12,0,0,0,57.2,0,0,desktop_windows,Hyderabad,Hyderabad,2026-08-17T12:01:12.124880
pay_52d653e8630945,mer_1005,cust_20019,59503.43,INR,card_credit,HDFC,captured,none,0,none,35.2,12,0,0,1,21.64,655,0,desktop_safari,Pune,Mumbai,2026-08-17T12:13:50.124880
pay_c3c6809e0c3a40,mer_1040,cust_20343,33061.99,INR,netbanking,SBI,captured,none,0,none,46.8,12,0,0,0,95.82,1160,0,desktop_chrome,Delhi NCR,Hyderabad,2026-08-17T12:23:36.124880
pay_8b15ea6318a643,mer_1001,cust_20291,855.93,INR,upi,HDFC,captured,none,0,none,10.1,12,0,0,0,0.88,0,0,mobile_ios,Pune,Pune,2026-08-17T12:29:44.124880
pay_d8c0995b679848,mer_1003,cust_20087,1479.68,INR,upi,HDFC,captured,none,0,none,14.2,12,0,0,0,0.42,0,0,desktop_safari,Ahmedabad,Ahmedabad,2026-08-17T12:33:35.124880
pay_c9eed05dc99f42,mer_1033,cust_20207,4064.08,INR,upi,HDFC,captured,none,0,none,33.7,12,0,0,0,3.56,0,0,desktop_safari,Delhi NCR,Delhi NCR,2026-08-17T12:34:40.124880
pay_63cdf55da59c4b,mer_1039,cust_20002,36220.35,INR,card_credit,ICICI,captured,none,0,none,35.6,12,0,0,0,120.73,0,0,desktop_windows,Mumbai,Mumbai,2026-08-17T12:57:38.124880
pay_2c56801cb6ce48,mer_1031,cust_20234,36004.16,INR,netbanking,HDFC,captured,none,0,none,37.1,12,0,0,0,53.8,0,0,desktop_safari,Delhi NCR,Delhi NCR,2026-08-17T12:59:43.124880
pay_7d10b91eca3c4b,mer_1012,cust_20244,10927.63,INR,upi,HDFC,captured,none,0,none,39.2,13,0,0,0,4.42,0,0,desktop_chrome,Hyderabad,Hyderabad,2026-08-17T13:07:37.124880
pay_e6cfc494ffb241,mer_1016,cust_20504,55484.76,INR,upi,AXIS,failed,issuer_bank_down,0,none,32.8,13,0,0,0,29.63,0,0,mobile_ios,Hyderabad,Hyderabad,2026-08-17T13:43:03.124880
pay_e1eb6fe1cc3042,mer_1040,cust_20296,32275.25,INR,upi,ICICI,captured,none,0,none,35.0,13,0,0,1,24.46,0,0,desktop_chrome,Pune,Pune,2026-08-17T13:45:09.124880
pay_0a9c616a717042,mer_1011,cust_20392,21736.85,INR,upi,AXIS,captured,none,0,none,25.7,13,0,0,0,16.98,0,0,desktop_windows,Jaipur,Jaipur,2026-08-17T13:46:45.124880
pay_d321c9ef20024a,mer_1021,cust_20402,23796.52,INR,upi,SBI,captured,none,0,none,29.7,13,0,0,1,9.16,0,0,desktop_chrome,Kochi,Kochi,2026-08-17T13:50:40.124880
pay_06989d5a663b4b,mer_1010,cust_20433,2226.03,INR,upi,ICICI,refunded,customer_return,0,none,28.8,14,0,0,0,0.33,1048,0,desktop_safari,Ahmedabad,Bengaluru,2026-08-17T14:44:01.124880
pay_73a557a6ab8048,mer_1014,cust_20074,23456.09,INR,card_debit,SBI,captured,none,0,none,32.1,14,0,0,0,37.34,0,0,desktop_safari,Delhi NCR,Delhi NCR,2026-08-17T14:45:24.124880
pay_782aa22d3a8840,mer_1031,cust_20190,35198.06,INR,upi,SBI,captured,none,0,none,38.8,15,0,0,0,14.38,0,0,mobile_android,Ahmedabad,Ahmedabad,2026-08-17T15:00:29.124880
pay_ed955695e1f843,mer_1007,cust_20137,31510.77,INR,card_debit,ICICI,captured,none,0,none,33.5,15,0,0,1,102.86,0,0,desktop_windows,Bengaluru,Bengaluru,2026-08-17T15:06:37.124880
pay_98ed8bba6bc849,mer_1019,cust_20518,4125.63,INR,upi,HDFC,captured,none,0,none,25.6,16,0,0,0,5.6,0,0,desktop_safari,Delhi NCR,Delhi NCR,2026-08-17T16:16:02.124880
pay_6b46ab13f4cc4a,mer_1028,cust_20484,5576.96,INR,card_debit,HDFC,captured,none,0,none,31.9,16,0,0,1,3.99,0,0,desktop_windows,Bengaluru,Bengaluru,2026-08-17T16:21:44.124880
pay_df0c1ac1f85e40,mer_1025,cust_20356,59764.8,INR,netbanking,SBI,captured,none,0,none,30.0,16,0,0,0,52.55,0,0,desktop_safari,Mumbai,Mumbai,2026-08-17T16:29:58.124880
pay_2c11b14b2c064c,mer_1008,cust_20364,92.03,INR,card_debit,ICICI,failed,risk_blocked,1,card_testing,98.0,16,0,0,0,0.15,0,0,desktop_safari,Delhi NCR,Delhi NCR,2026-08-17T16:35:54.124880
pay_fe5462371f4446,mer_1002,cust_20155,14861.99,INR,card_credit,HDFC,captured,none,0,none,30.0,16,0,0,0,3.13,0,0,desktop_windows,Pune,Pune,2026-08-17T16:53:37.124880
pay_1e2b35042a1147,mer_1025,cust_20141,69640.06,INR,netbanking,ICICI,captured,none,0,none,31.2,16,0,0,0,59.54,0,0,mobile_android,Pune,Pune,2026-08-17T16:55:30.124880
pay_c1a9be45abe240,mer_1036,cust_20363,9908.79,INR,card_debit,KOTAK,captured,none,0,none,36.0,17,0,0,0,10.4,267,0,desktop_chrome,Chennai,Bengaluru,2026-08-17T17:13:43.124880
pay_9ee15a562b9941,mer_1025,cust_20418,5256.29,INR,upi,ICICI,captured,none,0,none,14.4,17,0,0,0,2.26,0,0,desktop_windows,Kochi,Kochi,2026-08-17T17:14:47.124880
pay_375d682eb7c04d,mer_1016,cust_20167,36949.13,INR,upi,ICICI,captured,none,0,none,42.9,17,0,0,1,25.78,1683,0,mobile_android,Hyderabad,Jaipur,2026-08-17T17:21:46.124880
pay_9a8375d681b34d,mer_1006,cust_20264,47722.59,INR,card_credit,SBI,captured,none,0,none,36.5,17,0,0,0,63.68,0,0,mobile_android,Chennai,Chennai,2026-08-17T17:45:12.124880
pay_fadbc80eac654f,mer_1024,cust_20265,1821.6,INR,card_credit,ICICI,captured,none,0,none,27.7,17,0,0,0,0.68,797,0,mobile_ios,Kochi,Mumbai,2026-08-17T17:45:16.124880
pay_971d067be1ec45,mer_1020,cust_20292,28918.78,INR,card_credit,HDFC,captured,none,0,none,29.0,17,0,0,0,19.02,0,0,desktop_safari,Jaipur,Jaipur,2026-08-17T17:49:06.124880
pay_6696b66d7e3346,mer_1022,cust_20406,460.7,INR,upi,PAYTM_BANK,captured,none,0,none,15.1,17,0,0,0,0.13,0,0,mobile_android,Kolkata,Kolkata,2026-08-17T17:55:16.124880
pay_f6b7b72828fe45,mer_1024,cust_20450,4012.54,INR,upi,AXIS,captured,none,0,none,17.9,17,0,0,0,1.95,0,0,desktop_windows,Delhi NCR,Delhi NCR,2026-08-17T17:57:55.124880
pay_6c8c037fb3de45,mer_1031,cust_20233,20878.22,INR,upi,HDFC,captured,none,0,none,33.8,18,0,0,1,21.32,0,0,mobile_ios,Chennai,Chennai,2026-08-17T18:15:18.124880
pay_d8ad7aa9e4c14a,mer_1040,cust_20438,17949.09,INR,card_credit,AXIS,captured,none,0,none,29.7,18,0,0,0,10.37,0,0,mobile_android,Pune,Pune,2026-08-17T18:18:30.124880
pay_432ba59c645340,mer_1038,cust_20560,26875.99,INR,upi,HDFC,captured,none,0,none,29.6,19,0,0,0,9.05,0,0,desktop_windows,Bengaluru,Bengaluru,2026-08-17T19:01:56.124880
pay_bc3b4a78853b42,mer_1030,cust_20590,72246.89,INR,upi,ICICI,captured,none,0,none,39.1,19,0,0,0,17.06,0,0,desktop_windows,Pune,Pune,2026-08-17T19:10:49.124880
pay_ceddb768136d48,mer_1031,cust_20135,18226.38,INR,upi,ICICI,captured,none,0,none,35.7,19,0,0,0,6.54,0,0,desktop_safari,Hyderabad,Hyderabad,2026-08-17T19:11:51.124880
pay_b2aabe36d0114c,mer_1040,cust_20291,49471.43,INR,card_debit,ICICI,captured,none,0,none,37.9,19,0,0,1,50.75,0,0,desktop_safari,Pune,Pune,2026-08-17T19:20:19.124880
pay_364bbef99b4d43,mer_1007,cust_20547,75005.05,INR,card_debit,HDFC,captured,none,0,none,49.3,19,0,0,1,36.48,0,1,desktop_safari,Bengaluru,Bengaluru,2026-08-17T19:31:58.124880
pay_97fb0be2888a40,mer_1023,cust_20117,3232.99,INR,upi,ICICI,failed,issuer_bank_down,0,none,30.7,19,0,0,1,6.03,0,0,mobile_android,Mumbai,Mumbai,2026-08-17T19:46:15.124880
pay_6932c109aed54e,mer_1012,cust_20444,20465.42,INR,card_credit,SBI,captured,none,0,none,27.6,19,0,0,0,24.96,0,0,desktop_windows,Mumbai,Mumbai,2026-08-17T19:47:26.124880
pay_efe1e698f4754c,mer_1012,cust_20389,11670.38,INR,netbanking,PAYTM_BANK,captured,none,0,none,26.9,19,0,0,1,30.09,0,0,mobile_ios,Kolkata,Kolkata,2026-08-17T19:53:31.124880
pay_aeb88cd6b8c243,mer_1003,cust_20046,2688.17,INR,upi,ICICI,captured,none,0,none,39.5,20,0,0,0,3.83,0,0,desktop_safari,Mumbai,Mumbai,2026-08-17T20:00:25.124880
pay_a7b21359fe9142,mer_1005,cust_20162,20917.86,INR,card_credit,KOTAK,captured,none,0,none,30.8,20,0,0,0,11.03,0,0,desktop_chrome,Mumbai,Mumbai,2026-08-17T20:10:07.124880
pay_d5d3fd868b6540,mer_1032,cust_20111,32001.27,INR,upi,HDFC,captured,none,0,none,35.4,20,0,0,0,34.57,0,0,desktop_chrome,Delhi NCR,Delhi NCR,2026-08-17T20:23:54.124880
pay_f258e8a929fb46,mer_1033,cust_20410,2692.65,INR,upi,AXIS,captured,none,0,none,14.4,20,0,0,0,1.46,0,0,mobile_android,Mumbai,Mumbai,2026-08-17T20:29:52.124880
pay_c225e0fe43f04c,mer_1031,cust_20463,87.86,INR,upi,HDFC,failed,risk_blocked,1,card_testing,94.5,20,0,0,0,0.05,581,0,mobile_ios,Pune,Bengaluru,2026-08-17T20:33:27.124880
pay_0bcd576f84ab4b,mer_1012,cust_20070,36973.3,INR,netbanking,HDFC,captured,none,0,none,33.4,20,0,0,0,38.44,0,0,mobile_android,Kochi,Kochi,2026-08-17T20:45:02.124880
pay_fdf49a36f3da45,mer_1032,cust_20398,17896.68,INR,upi,HDFC,captured,none,0,none,34.1,20,0,0,0,10.79,0,0,desktop_chrome,Hyderabad,Hyderabad,2026-08-17T20:54:44.124880
pay_834649b2ac614f,mer_1001,cust_20099,2978.51,INR,upi,ICICI,captured,none,0,none,37.9,20,0,0,0,5.23,0,0,desktop_safari,Kolkata,Kolkata,2026-08-17T20:56:59.124880
pay_9252d01a0e2a4e,mer_1003,cust_20557,197.54,INR,upi,HDFC,captured,none,0,none,13.6,20,0,0,0,0.06,0,0,desktop_chrome,Mumbai,Mumbai,2026-08-17T20:58:17.124880
pay_8bc59f6de9004c,mer_1032,cust_20564,28004.15,INR,upi,HDFC,captured,none,0,none,32.0,20,0,0,0,51.59,0,0,desktop_windows,Pune,Pune,2026-08-17T20:59:32.124880
pay_d78a86730ff240,mer_1020,cust_20213,9200.48,INR,upi,HDFC,captured,none,0,none,27.6,21,0,0,0,6.09,0,0,desktop_safari,Bengaluru,Bengaluru,2026-08-17T21:01:40.124880
pay_a3314baaac9045,mer_1016,cust_20598,3291.36,INR,netbanking,SBI,captured,none,0,none,6.5,21,0,0,0,0.76,0,0,desktop_safari,Ahmedabad,Ahmedabad,2026-08-17T21:14:15.124880
pay_9903907fba0a42,mer_1022,cust_20515,2237.44,INR,card_credit,PAYTM_BANK,captured,none,0,none,52.7,21,0,0,0,7.46,0,1,desktop_chrome,Jaipur,Jaipur,2026-08-17T21:21:12.124880
pay_ad0b5af1636f4e,mer_1035,cust_20220,3313.84,INR,netbanking,HDFC,captured,none,0,none,19.1,22,0,0,0,1.69,0,0,desktop_safari,Kochi,Kochi,2026-08-17T22:06:29.124880
pay_9693a13bdb044b,mer_1001,cust_20278,541.89,INR,upi,PAYTM_BANK,captured,none,0,none,10.9,22,0,0,0,0.73,0,0,mobile_ios,Kolkata,Kolkata,2026-08-17T22:06:30.124880
pay_390b9cf56ff64c,mer_1027,cust_20504,629.28,INR,netbanking,HDFC,captured,none,0,none,6.4,22,0,0,1,0.34,0,0,mobile_ios,Hyderabad,Hyderabad,2026-08-17T22:07:39.124880
pay_7f01aa84b6414c,mer_1037,cust_20363,3320.72,INR,card_debit,SBI,captured,none,0,none,29.0,22,0,0,1,3.48,0,0,mobile_ios,Chennai,Chennai,2026-08-17T22:18:16.124880
pay_3362e9e12aa84f,mer_1026,cust_20443,74864.0,INR,netbanking,KOTAK,captured,none,0,none,35.1,22,0,0,0,111.3,0,0,mobile_android,Ahmedabad,Ahmedabad,2026-08-17T22:21:40.124880
pay_83b241e51d164c,mer_1035,cust_20396,69249.48,INR,upi,HDFC,captured,none,0,none,35.6,22,0,0,0,31.14,0,0,desktop_windows,Jaipur,Jaipur,2026-08-17T22:30:28.124880
pay_0ceee98c92d04b,mer_1011,cust_20287,29707.03,INR,upi,SBI,captured,none,0,none,25.0,22,0,0,1,15.26,0,0,mobile_android,Chennai,Chennai,2026-08-17T22:39:40.124880
pay_c7e92f2ab9174e,mer_1032,cust_20114,22854.5,INR,upi,HDFC,captured,none,0,none,32.0,22,0,0,0,8.88,0,0,desktop_chrome,Pune,Pune,2026-08-17T22:53:24.124880
pay_b0c1a6c7081945,mer_1015,cust_20442,2727.41,INR,upi,SBI,captured,none,0,none,23.6,23,0,0,0,2.83,1766,0,desktop_windows,Jaipur,Delhi NCR,2026-08-17T23:06:18.124880
pay_1dd37376031f4d,mer_1040,cust_20551,6951.03,INR,card_debit,AXIS,captured,none,0,none,5.8,23,0,0,0,2.63,0,0,mobile_ios,Kolkata,Kolkata,2026-08-17T23:22:57.124880
pay_01d2799eb0bf4f,mer_1028,cust_20074,13619.99,INR,upi,HDFC,captured,none,0,none,26.5,23,0,0,1,21.68,0,0,mobile_ios,Delhi NCR,Delhi NCR,2026-08-17T23:37:03.124880
pay_6eb3755588834b,mer_1035,cust_20212,19340.27,INR,upi,HDFC,captured,none,0,none,37.1,23,0,0,0,32.34,0,0,desktop_chrome,Mumbai,Mumbai,2026-08-17T23:37:13.124880
pay_48e7808269f948,mer_1017,cust_20069,612.56,INR,card_debit,AXIS,captured,none,0,none,21.9,23,0,0,0,0.33,1366,0,mobile_android,Mumbai,Jaipur,2026-08-17T23:42:35.124880
pay_78c52f30ac1347,mer_1037,cust_20554,3155.68,INR,upi,AXIS,captured,none,0,none,23.8,23,0,0,0,1.47,769,0,mobile_ios,Pune,Bengaluru,2026-08-17T23:47:10.124880
pay_8f66e4c76a1849,mer_1001,cust_20496,2848.91,INR,card_debit,SBI,captured,none,0,none,27.2,23,0,0,0,3.65,0,0,mobile_android,Kolkata,Kolkata,2026-08-17T23:52:35.124880
pay_00b36d99921f49,mer_1016,cust_20068,85719.64,INR,upi,ICICI,captured,none,0,none,37.1,0,1,0,0,43.68,0,0,desktop_safari,Chennai,Chennai,2026-08-18T00:17:03.124880
pay_c6523da38e4043,mer_1008,cust_20597,14357.44,INR,upi,HDFC,captured,none,0,none,38.7,0,1,0,0,9.39,0,0,desktop_chrome,Bengaluru,Bengaluru,2026-08-18T00:17:37.124880
pay_47e69142a15641,mer_1001,cust_20539,4004.47,INR,upi,HDFC,captured,none,0,none,14.5,0,1,0,1,2.12,0,0,desktop_safari,Delhi NCR,Delhi NCR,2026-08-18T00:18:59.124880
pay_4a23e8ad5f3f43,mer_1039,cust_20444,33081.35,INR,upi,AXIS,captured,none,0,none,39.2,0,1,0,1,40.35,0,0,desktop_chrome,Mumbai,Mumbai,2026-08-18T00:41:30.124880
pay_3e2187390e9248,mer_1036,cust_20122,24206.97,INR,card_credit,AXIS,refunded,customer_return,0,none,48.8,1,1,0,0,15.1,0,0,mobile_android,Hyderabad,Hyderabad,2026-08-18T01:18:07.124880
pay_1440c8b515ea45,mer_1008,cust_20438,51869.57,INR,upi,PAYTM_BANK,captured,none,0,none,45.4,1,1,0,1,29.98,0,0,desktop_chrome,Pune,Pune,2026-08-18T01:47:40.124880
pay_1155f06031314e,mer_1023,cust_20076,4723.99,INR,upi,SBI,captured,none,0,none,37.7,1,1,0,0,3.19,0,0,desktop_chrome,Pune,Pune,2026-08-18T01:55:34.124880
pay_eb48e69e07c64b,mer_1002,cust_20390,85466.66,INR,card_credit,ICICI,captured,none,0,none,59.6,2,1,0,0,15.62,1487,0,desktop_windows,Kochi,Ahmedabad,2026-08-18T02:18:32.124880
pay_dab98e58e1184a,mer_1011,cust_20276,35383.96,INR,card_debit,AXIS,captured,none,0,none,43.7,2,1,0,0,26.09,0,0,desktop_chrome,Hyderabad,Hyderabad,2026-08-18T02:20:44.124880
pay_3691cd7d2c4e4a,mer_1034,cust_20491,3383.49,INR,upi,ICICI,captured,none,0,none,20.4,2,1,0,0,0.35,0,0,mobile_ios,Ahmedabad,Ahmedabad,2026-08-18T02:28:11.124880
pay_362f55dfb4794f,mer_1008,cust_20242,59143.62,INR,upi,HDFC,captured,none,0,none,40.3,2,1,0,0,36.1,0,0,mobile_ios,Chennai,Chennai,2026-08-18T02:32:23.124880
pay_68217448356145,mer_1027,cust_20509,3314.73,INR,card_credit,AXIS,captured,none,0,none,30.0,2,1,0,0,0.88,0,0,mobile_ios,Jaipur,Jaipur,2026-08-18T02:37:02.124880
pay_c5795e2b714145,mer_1008,cust_20515,15665.96,INR,upi,SBI,captured,none,0,none,46.8,2,1,0,1,52.22,0,0,desktop_safari,Jaipur,Jaipur,2026-08-18T02:37:57.124880
pay_e3e326ddcd8044,mer_1011,cust_20534,42440.47,INR,upi,AXIS,captured,none,0,none,42.8,2,1,0,0,54.01,0,0,desktop_chrome,Kolkata,Kolkata,2026-08-18T02:42:54.124880
pay_51bd5b950c0445,mer_1039,cust_20308,23622.28,INR,upi,HDFC,captured,none,0,none,37.6,2,1,0,0,34.0,0,0,desktop_windows,Chennai,Chennai,2026-08-18T02:47:32.124880
pay_617ceafc2bcf4c,mer_1013,cust_20582,3218.57,INR,upi,HDFC,captured,none,0,none,38.0,3,1,0,0,4.33,0,0,desktop_safari,Pune,Pune,2026-08-18T03:16:48.124880
pay_5e64abacb30245,mer_1028,cust_20127,8387.61,INR,upi,HDFC,captured,none,0,none,49.9,3,1,0,0,7.01,0,0,mobile_ios,Kolkata,Kolkata,2026-08-18T03:27:58.124880
pay_4f4eef7c64bf48,mer_1028,cust_20278,10953.97,INR,wallet,SBI,captured,none,0,none,58.6,3,1,0,1,14.85,1675,0,desktop_windows,Kolkata,Chennai,2026-08-18T03:41:12.124880
pay_b9ead4a4ec524e,mer_1016,cust_20363,45060.38,INR,upi,AXIS,captured,none,0,none,41.1,3,1,0,2,47.29,0,0,mobile_android,Chennai,Chennai,2026-08-18T03:53:12.124880
pay_5afb00523dfb41,mer_1015,cust_20236,3570.69,INR,upi,AXIS,captured,none,0,none,43.6,4,1,0,0,6.33,0,0,desktop_chrome,Mumbai,Mumbai,2026-08-18T04:24:32.124880
pay_b8fd9420477946,mer_1009,cust_20109,83911.03,INR,upi,ICICI,refunded,customer_return,0,none,48.5,4,1,0,0,10.13,0,0,desktop_chrome,Delhi NCR,Delhi NCR,2026-08-18T04:26:18.124880
pay_a2b314a51fa548,mer_1034,cust_20090,3061.72,INR,upi,PAYTM_BANK,captured,none,0,none,39.5,4,1,0,0,0.56,922,0,mobile_ios,Mumbai,Chennai,2026-08-18T04:42:33.124880
pay_a4a06a56e36e44,mer_1026,cust_20528,20532.03,INR,upi,SBI,captured,none,0,none,28.1,5,1,0,0,41.97,0,0,desktop_chrome,Pune,Pune,2026-08-18T05:15:44.124880
pay_96f884cafd7949,mer_1031,cust_20213,5191.9,INR,upi,KOTAK,captured,none,0,none,30.5,5,1,0,1,3.44,0,0,desktop_safari,Bengaluru,Bengaluru,2026-08-18T05:24:33.124880
pay_878ad88d824045,mer_1003,cust_20124,4549.39,INR,netbanking,SBI,failed,risk_blocked,1,account_takeover,82.9,5,1,0,0,4.55,0,1,mobile_android,Kochi,Kochi,2026-08-18T05:30:10.124880
pay_f72843ea79df43,mer_1004,cust_20500,27869.34,INR,card_credit,ICICI,captured,none,0,none,25.7,5,1,0,0,17.82,0,0,desktop_chrome,Delhi NCR,Delhi NCR,2026-08-18T05:40:42.124880
pay_fd34985f4c2e42,mer_1003,cust_20267,2925.77,INR,card_debit,HDFC,captured,none,0,none,9.8,5,1,0,0,1.37,0,0,mobile_android,Kochi,Kochi,2026-08-18T05:44:21.124880
pay_b7c3cd1cb8ef4a,mer_1017,cust_20439,2019.68,INR,card_credit,HDFC,captured,none,0,none,16.7,6,1,0,0,0.76,0,0,desktop_safari,Kolkata,Kolkata,2026-08-18T06:11:26.124880
pay_e22f635006bb4e,mer_1037,cust_20002,471.34,INR,card_credit,KOTAK,captured,none,0,none,20.6,6,1,0,1,1.57,914,0,desktop_chrome,Mumbai,Hyderabad,2026-08-18T06:19:53.124880
pay_0c39cbf7a74d4e,mer_1020,cust_20059,50326.49,INR,upi,KOTAK,captured,none,0,none,44.7,6,1,0,0,37.11,0,1,desktop_chrome,Mumbai,Mumbai,2026-08-18T06:40:10.124880
pay_ec1517049dbb4d,mer_1025,cust_20580,31012.13,INR,card_debit,KOTAK,captured,none,0,none,35.5,6,1,0,0,5.86,0,0,mobile_ios,Delhi NCR,Delhi NCR,2026-08-18T06:44:08.124880
pay_7516b282951b4a,mer_1009,cust_20184,3430.56,INR,card_credit,AXIS,captured,none,0,none,31.9,7,1,0,0,11.44,487,0,desktop_chrome,Chennai,Kolkata,2026-08-18T07:00:00.124880
pay_2a80be84975e42,mer_1012,cust_20044,8349.18,INR,card_credit,HDFC,captured,none,0,none,31.8,7,1,0,0,9.67,0,0,mobile_android,Ahmedabad,Ahmedabad,2026-08-18T07:03:48.124880
pay_c5cea127f48648,mer_1033,cust_20487,4268.25,INR,upi,HDFC,captured,none,0,none,41.0,7,1,0,0,3.43,0,1,desktop_safari,Kolkata,Kolkata,2026-08-18T07:06:41.124880
pay_8c76d9383abe42,mer_1029,cust_20478,2372.76,INR,upi,ICICI,captured,none,0,none,17.1,7,1,0,0,0.87,0,0,desktop_chrome,Chennai,Chennai,2026-08-18T07:07:54.124880
pay_ead98432df6d40,mer_1021,cust_20585,9849.98,INR,upi,HDFC,refunded,customer_return,0,none,33.1,7,1,0,0,7.85,0,0,mobile_ios,Jaipur,Jaipur,2026-08-18T07:13:11.124880
pay_12fa1e98d4274b,mer_1019,cust_20572,1980.99,INR,card_debit,SBI,captured,none,0,none,28.0,7,1,0,0,0.72,764,0,desktop_chrome,Hyderabad,Pune,2026-08-18T07:14:47.124880
pay_ad7c7207b03045,mer_1025,cust_20593,29384.42,INR,upi,AXIS,failed,issuer_bank_down,0,none,33.6,7,1,0,0,4.4,0,0,desktop_chrome,Bengaluru,Bengaluru,2026-08-18T07:19:11.124880
pay_d0c4de23e6764e,mer_1034,cust_20296,3678.58,INR,upi,ICICI,captured,none,0,none,8.8,7,1,0,1,2.79,0,0,desktop_windows,Pune,Pune,2026-08-18T07:25:10.124880
pay_6760c7047fa44f,mer_1027,cust_20515,2099.37,INR,netbanking,SBI,captured,none,0,none,29.6,8,1,0,2,7.0,0,0,mobile_android,Jaipur,Jaipur,2026-08-18T08:30:20.124880
pay_63c2b17b335144,mer_1002,cust_20187,58520.85,INR,upi,ICICI,captured,none,0,none,30.7,8,1,0,0,98.36,0,0,desktop_windows,Chennai,Chennai,2026-08-18T08:31:40.124880
pay_6f57dac7563d4c,mer_1015,cust_20307,638.71,INR,upi,AXIS,captured,none,0,none,5.4,9,1,0,0,2.13,0,0,mobile_android,Kolkata,Kolkata,2026-08-18T09:13:44.124880
pay_baa4ddd4d2f545,mer_1024,cust_20193,2198.03,INR,netbanking,SBI,captured,none,0,none,5.8,9,1,0,0,0.46,0,0,mobile_ios,Kolkata,Kolkata,2026-08-18T09:18:22.124880
pay_c778cb5dec2c40,mer_1021,cust_20505,50494.29,INR,upi,HDFC,captured,none,0,none,39.8,9,1,0,0,24.81,0,0,mobile_ios,Ahmedabad,Ahmedabad,2026-08-18T09:21:34.124880
pay_3c2951ac44f54c,mer_1014,cust_20076,33907.99,INR,card_credit,SBI,captured,none,0,none,43.2,10,1,0,1,22.9,594,0,desktop_safari,Pune,Bengaluru,2026-08-18T10:02:25.124880
pay_c3525eec90924c,mer_1003,cust_20457,3162.13,INR,card_credit,AXIS,captured,none,0,none,15.4,10,1,0,0,2.58,0,0,desktop_safari,Bengaluru,Bengaluru,2026-08-18T10:12:25.124880
pay_5eac6076b47f40,mer_1027,cust_20395,3030.1,INR,netbanking,ICICI,captured,none,0,none,18.5,10,1,0,0,1.28,0,0,desktop_safari,Delhi NCR,Delhi NCR,2026-08-18T10:28:21.124880
pay_0c4683218fa048,mer_1005,cust_20185,42795.9,INR,upi,AXIS,captured,none,0,none,34.3,10,1,0,0,8.79,0,0,desktop_chrome,Chennai,Chennai,2026-08-18T10:30:41.124880
pay_797235b6d1e943,mer_1039,cust_20534,22490.82,INR,upi,SBI,captured,none,0,none,38.7,10,1,0,1,28.62,0,0,desktop_safari,Kolkata,Kolkata,2026-08-18T10:52:11.124880
pay_e6fbc01446f84a,mer_1015,cust_20378,684.95,INR,upi,ICICI,captured,none,0,none,14.8,10,1,0,0,0.31,0,0,mobile_android,Ahmedabad,Ahmedabad,2026-08-18T10:59:02.124880
pay_2a4b48556b5547,mer_1026,cust_20062,41003.28,INR,card_debit,ICICI,captured,none,0,none,39.0,11,1,0,0,15.31,0,0,desktop_chrome,Pune,Pune,2026-08-18T11:18:35.124880
pay_b3d31598dc914f,mer_1030,cust_20386,16988.2,INR,netbanking,HDFC,refunded,customer_return,0,none,28.9,11,1,0,0,11.27,0,0,desktop_safari,Ahmedabad,Ahmedabad,2026-08-18T11:23:57.124880
pay_02b4d29bfca349,mer_1006,cust_20089,25735.0,INR,upi,HDFC,captured,none,0,none,37.7,11,1,0,0,12.28,0,0,desktop_windows,Ahmedabad,Ahmedabad,2026-08-18T11:25:08.124880
pay_ef75f5927b1741,mer_1034,cust_20368,1915.8,INR,netbanking,HDFC,refunded,customer_return,0,none,16.6,11,1,0,0,1.22,0,0,desktop_safari,Hyderabad,Hyderabad,2026-08-18T11:37:09.124880
pay_df3d4506796943,mer_1029,cust_20180,1220.83,INR,wallet,ICICI,captured,none,0,none,34.3,12,1,0,0,3.61,0,0,mobile_ios,Delhi NCR,Delhi NCR,2026-08-18T12:01:24.124880
pay_112e97f3ee1b49,mer_1002,cust_20032,19450.17,INR,netbanking,HDFC,captured,none,0,none,40.6,12,1,0,0,12.03,1070,0,mobile_android,Kolkata,Delhi NCR,2026-08-18T12:01:30.124880
pay_ff18d46caa1840,mer_1038,cust_20380,20996.17,INR,wallet,ICICI,captured,none,0,none,46.8,12,1,0,0,9.82,786,0,mobile_ios,Ahmedabad,Jaipur,2026-08-18T12:39:00.124880
pay_61e22cb8b7824f,mer_1017,cust_20153,800.03,INR,upi,SBI,captured,none,0,none,11.5,12,1,0,0,0.94,0,0,desktop_safari,Kochi,Kochi,2026-08-18T12:40:06.124880
pay_2acf1bc6ab474d,mer_1008,cust_20448,91378.97,INR,upi,ICICI,captured,none,0,none,35.3,12,1,0,0,37.19,0,0,desktop_windows,Chennai,Chennai,2026-08-18T12:44:34.124880
pay_d1ce4be0f44241,mer_1009,cust_20463,29032.44,INR,netbanking,HDFC,captured,none,0,none,40.7,12,1,0,1,15.05,0,1,desktop_safari,Pune,Pune,2026-08-18T12:49:19.124880
pay_0e0d3aafa60747,mer_1034,cust_20489,2832.48,INR,upi,AXIS,captured,none,0,none,34.4,14,1,0,0,6.3,0,0,desktop_windows,Hyderabad,Hyderabad,2026-08-18T14:25:54.124880
pay_71195c13e5dc45,mer_1015,cust_20285,4777.58,INR,upi,HDFC,captured,none,0,none,8.7,14,1,0,0,1.94,0,0,desktop_chrome,Hyderabad,Hyderabad,2026-08-18T14:27:35.124880
pay_3f69933afdd043,mer_1006,cust_20015,7222.57,INR,upi,SBI,captured,none,0,none,17.0,14,1,0,0,2.34,341,0,desktop_windows,Delhi NCR,Jaipur,2026-08-18T14:33:26.124880
pay_71a93a5d790246,mer_1036,cust_20540,36464.58,INR,upi,HDFC,captured,none,0,none,27.6,14,1,0,0,22.63,0,0,desktop_chrome,Delhi NCR,Delhi NCR,2026-08-18T14:38:08.124880
pay_f6c855e4a1064d,mer_1017,cust_20590,1066.11,INR,card_credit,HDFC,captured,none,0,none,16.3,14,1,0,1,0.25,0,0,mobile_android,Pune,Pune,2026-08-18T14:49:00.124880
pay_76e35faee6ef48,mer_1014,cust_20163,19084.14,INR,upi,HDFC,captured,none,0,none,39.1,15,1,0,0,4.31,718,0,mobile_ios,Chennai,Mumbai,2026-08-18T15:16:38.124880
pay_59663738a8b849,mer_1024,cust_20126,8387.4,INR,wallet,ICICI,captured,none,0,none,10.9,15,1,0,0,2.19,0,0,desktop_chrome,Kochi,Kochi,2026-08-18T15:34:50.124880
pay_8857fad7015345,mer_1029,cust_20544,1560.28,INR,upi,AXIS,captured,none,0,none,16.7,15,1,0,0,0.99,0,0,desktop_chrome,Kochi,Kochi,2026-08-18T15:42:20.124880
pay_262841729dac43,mer_1025,cust_20257,43979.66,INR,upi,SBI,captured,none,0,none,26.9,16,1,0,0,26.29,0,0,desktop_safari,Hyderabad,Hyderabad,2026-08-18T16:04:00.124880
pay_104545367b9e42,mer_1019,cust_20339,2341.98,INR,upi,HDFC,captured,none,0,none,15.4,16,1,0,0,0.93,1773,0,mobile_android,Kolkata,Pune,2026-08-18T16:04:02.124880
pay_9a06a8db479d4d,mer_1021,cust_20231,3328.92,INR,upi,AXIS,captured,none,0,none,25.6,16,1,0,0,3.86,0,0,desktop_safari,Kolkata,Kolkata,2026-08-18T16:06:11.124880
pay_a762714c62f04b,mer_1040,cust_20475,22882.59,INR,card_credit,AXIS,captured,none,0,none,35.0,16,1,0,0,20.44,0,0,mobile_android,Ahmedabad,Ahmedabad,2026-08-18T16:20:12.124880
pay_0080042d359e45,mer_1034,cust_20471,2074.2,INR,upi,HDFC,captured,none,0,none,5.7,16,1,0,0,1.39,0,0,desktop_safari,Jaipur,Jaipur,2026-08-18T16:22:58.124880
pay_a03c024af7634e,mer_1037,cust_20539,4155.56,INR,netbanking,ICICI,captured,none,0,none,19.0,16,1,0,1,2.2,0,0,desktop_windows,Delhi NCR,Delhi NCR,2026-08-18T16:25:03.124880
pay_c7bf3a2d0afd4a,mer_1024,cust_20150,5717.41,INR,card_credit,ICICI,captured,none,0,none,5.3,16,1,0,0,0.76,0,0,desktop_chrome,Chennai,Chennai,2026-08-18T16:44:16.124880
pay_1d670900cf6a45,mer_1033,cust_20600,2917.55,INR,card_credit,HDFC,captured,none,0,none,36.8,17,1,0,0,9.73,1245,0,desktop_chrome,Hyderabad,Ahmedabad,2026-08-18T17:10:12.124880
pay_0c13cf0f082c4b,mer_1017,cust_20414,1030.2,INR,card_debit,ICICI,captured,none,0,none,19.6,17,1,0,0,0.28,0,0,desktop_chrome,Kochi,Kochi,2026-08-18T17:13:52.124880
pay_c652b245b99440,mer_1019,cust_20189,3450.41,INR,card_credit,ICICI,captured,none,0,none,14.5,17,1,0,0,1.92,0,0,desktop_safari,Kolkata,Kolkata,2026-08-18T17:17:45.124880
pay_53ec8071dc144d,mer_1023,cust_20476,4220.17,INR,upi,HDFC,captured,none,0,none,34.2,17,1,0,0,3.61,494,0,mobile_android,Ahmedabad,Delhi NCR,2026-08-18T17:28:44.124880
pay_36b1c77b737844,mer_1013,cust_20046,15197.53,INR,upi,HDFC,captured,none,0,none,31.3,17,1,0,1,21.64,0,0,mobile_android,Mumbai,Mumbai,2026-08-18T17:59:06.124880
pay_3946afcd77f64c,mer_1037,cust_20165,3455.13,INR,upi,AXIS,captured,none,0,none,8.0,18,1,0,0,2.2,0,0,mobile_ios,Delhi NCR,Delhi NCR,2026-08-18T18:09:59.124880
pay_4853cdc5507544,mer_1029,cust_20133,2366.48,INR,upi,HDFC,captured,none,0,none,5.2,18,1,0,0,1.19,0,0,desktop_windows,Chennai,Chennai,2026-08-18T18:19:14.124880
pay_3523a7eb88cb4e,mer_1030,cust_20332,27680.05,INR,card_credit,ICICI,refunded,customer_return,0,none,31.0,18,1,0,0,17.87,0,0,desktop_windows,Delhi NCR,Delhi NCR,2026-08-18T18:28:05.124880
pay_1ef8c0750c9341,mer_1009,cust_20578,44685.52,INR,upi,HDFC,captured,none,0,none,36.5,18,1,0,0,30.57,0,0,desktop_safari,Delhi NCR,Delhi NCR,2026-08-18T18:30:59.124880
pay_e81651c7c84341,mer_1038,cust_20072,42534.67,INR,upi,KOTAK,refunded,customer_return,0,none,35.4,18,1,0,0,56.03,0,0,mobile_android,Ahmedabad,Ahmedabad,2026-08-18T18:39:01.124880
pay_c4657398f25d4e,mer_1034,cust_20551,1120.22,INR,card_credit,HDFC,captured,none,0,none,5.6,18,1,0,1,0.42,0,0,mobile_android,Kolkata,Kolkata,2026-08-18T18:44:28.124880
pay_fb8f698ea5ec43,mer_1005,cust_20324,23392.29,INR,card_credit,AXIS,captured,none,0,none,37.2,18,1,0,0,25.88,0,0,mobile_android,Hyderabad,Hyderabad,2026-08-18T18:57:46.124880
pay_d4e00376ded242,mer_1007,cust_20023,46972.97,INR,netbanking,PAYTM_BANK,captured,none,0,none,51.0,18,1,0,0,80.59,0,1,mobile_ios,Pune,Pune,2026-08-18T18:59:40.124880
pay_db257ff016344f,mer_1010,cust_20509,2276.55,INR,upi,SBI,captured,none,0,none,6.6,19,1,0,1,0.61,0,0,desktop_windows,Jaipur,Jaipur,2026-08-18T19:00:40.124880
pay_794d2e4163a142,mer_1035,cust_20564,87227.35,INR,card_credit,AXIS,captured,none,0,none,53.3,19,1,0,1,160.7,0,1,desktop_windows,Pune,Pune,2026-08-18T19:05:07.124880
pay_8abd859ce92040,mer_1035,cust_20407,11882.11,INR,upi,PAYTM_BANK,captured,none,0,none,27.8,19,1,0,0,37.57,0,0,desktop_chrome,Mumbai,Mumbai,2026-08-18T19:36:53.124880
pay_53b3f5dbd1f14b,mer_1035,cust_20409,56058.75,INR,wallet,HDFC,captured,none,0,none,36.7,19,1,0,0,43.6,0,0,mobile_android,Delhi NCR,Delhi NCR,2026-08-18T19:43:02.124880
pay_024ba49707d047,mer_1019,cust_20143,3207.04,INR,upi,AXIS,captured,none,0,none,26.3,19,1,0,0,3.43,0,0,desktop_safari,Hyderabad,Hyderabad,2026-08-18T19:43:24.124880
pay_7a445ce090f346,mer_1028,cust_20039,10723.5,INR,card_debit,HDFC,captured,none,0,none,27.7,19,1,0,0,10.05,0,0,mobile_android,Delhi NCR,Delhi NCR,2026-08-18T19:46:51.124880
pay_9fbb64428f904b,mer_1007,cust_20024,61360.72,INR,card_credit,AXIS,captured,none,0,none,25.3,20,1,0,0,125.71,0,0,mobile_android,Jaipur,Jaipur,2026-08-18T20:10:17.124880
pay_afdc7804fa8d4d,mer_1004,cust_20389,4758.19,INR,upi,AXIS,captured,none,0,none,35.0,20,1,0,0,12.27,0,0,mobile_ios,Kolkata,Kolkata,2026-08-18T20:11:04.124880
pay_2933da928b0342,mer_1028,cust_20544,16054.08,INR,card_credit,HDFC,captured,none,0,none,31.9,20,1,0,1,10.2,0,0,desktop_safari,Kochi,Kochi,2026-08-18T20:24:51.124880
pay_4535015e86274b,mer_1009,cust_20504,75540.84,INR,card_credit,HDFC,captured,none,0,none,46.0,20,1,0,1,40.34,782,0,mobile_ios,Hyderabad,Bengaluru,2026-08-18T20:28:34.124880
pay_3afccfa3320740,mer_1031,cust_20076,21129.13,INR,card_credit,HDFC,captured,none,0,none,25.4,20,1,0,2,14.27,0,0,mobile_android,Pune,Pune,2026-08-18T20:35:59.124880
pay_7336187d915e40,mer_1036,cust_20080,34837.1,INR,card_debit,PAYTM_BANK,captured,none,0,none,37.7,20,1,0,0,40.54,0,0,mobile_android,Jaipur,Jaipur,2026-08-18T20:45:23.124880
pay_41336e4a3fea49,mer_1019,cust_20178,1068.18,INR,upi,AXIS,captured,none,0,none,15.4,20,1,0,0,0.2,0,0,desktop_chrome,Mumbai,Mumbai,2026-08-18T20:45:43.124880
pay_7f7cc132216045,mer_1007,cust_20432,61906.53,INR,card_credit,HDFC,captured,none,0,none,28.3,20,1,0,0,33.11,0,0,desktop_windows,Hyderabad,Hyderabad,2026-08-18T20:59:46.124880
pay_e36626b9970645,mer_1018,cust_20373,6793.68,INR,upi,ICICI,captured,none,0,none,39.2,21,1,0,0,12.15,236,0,mobile_ios,Pune,Jaipur,2026-08-18T21:05:09.124880
pay_0bf6fecd9f0a44,mer_1023,cust_20593,2515.83,INR,card_credit,ICICI,captured,none,0,none,11.0,21,1,0,1,0.38,0,0,desktop_safari,Bengaluru,Bengaluru,2026-08-18T21:22:56.124880
pay_e2a1f5dd6c0e4a,mer_1029,cust_20262,720.4,INR,wallet,SBI,captured,none,0,none,17.1,21,1,0,0,0.27,1715,0,desktop_chrome,Hyderabad,Kochi,2026-08-18T21:30:30.124880
pay_64ecd4d42f6349,mer_1008,cust_20434,33837.55,INR,wallet,HDFC,captured,none,0,none,26.4,21,1,0,0,9.25,0,0,desktop_chrome,Pune,Pune,2026-08-18T21:32:10.124880
pay_bdfd0859cf194d,mer_1002,cust_20291,65683.7,INR,card_credit,HDFC,captured,none,0,none,31.0,21,1,0,0,67.38,355,0,desktop_windows,Pune,Jaipur,2026-08-18T21:32:12.124880
pay_9b3b6faffeb146,mer_1004,cust_20331,40772.35,INR,card_credit,HDFC,failed,auth_timeout,0,none,33.1,21,1,0,0,62.3,0,0,desktop_windows,Hyderabad,Hyderabad,2026-08-18T21:43:00.124880
pay_64dd579bbe4e4b,mer_1017,cust_20094,1176.88,INR,upi,HDFC,captured,none,0,none,18.7,21,1,0,0,0.26,0,0,mobile_ios,Chennai,Chennai,2026-08-18T21:44:14.124880
pay_91fa126fca2f4e,mer_1018,cust_20039,11711.88,INR,upi,SBI,refunded,customer_return,0,none,27.9,22,1,0,1,10.97,0,0,mobile_android,Delhi NCR,Delhi NCR,2026-08-18T22:01:07.124880
pay_cdec10256de742,mer_1007,cust_20149,9378.84,INR,card_debit,SBI,captured,none,0,none,34.1,22,1,0,0,4.62,0,0,desktop_chrome,Chennai,Chennai,2026-08-18T22:04:55.124880
pay_17d11eb1345d4a,mer_1029,cust_20114,2027.67,INR,upi,ICICI,failed,issuer_bank_down,0,none,5.7,22,1,0,1,0.79,0,0,mobile_android,Pune,Pune,2026-08-18T22:08:36.124880
pay_65eec4c766eb4d,mer_1016,cust_20155,15390.88,INR,card_credit,HDFC,captured,none,0,none,34.8,22,1,0,0,3.24,0,0,desktop_windows,Pune,Pune,2026-08-18T22:23:15.124880
pay_cae8b4647b2f4c,mer_1022,cust_20076,3188.11,INR,upi,AXIS,captured,none,0,none,8.5,22,1,0,3,2.15,0,0,desktop_safari,Pune,Pune,2026-08-18T22:25:58.124880
pay_aa5a9c789ecd4b,mer_1001,cust_20178,4823.97,INR,upi,HDFC,captured,none,0,none,6.3,22,1,0,1,0.92,0,0,desktop_chrome,Mumbai,Mumbai,2026-08-18T22:31:32.124880
pay_c88516a1259c4f,mer_1007,cust_20156,57345.59,INR,upi,AXIS,captured,none,0,none,26.9,22,1,0,0,11.54,0,0,desktop_chrome,Ahmedabad,Ahmedabad,2026-08-18T22:57:11.124880
pay_92a357df57a94c,mer_1039,cust_20114,43795.6,INR,wallet,KOTAK,captured,none,0,none,49.2,23,1,1,1,17.01,1363,0,desktop_chrome,Pune,Hyderabad,2026-08-18T23:05:07.124880
pay_0610d64374294f,mer_1027,cust_20116,3698.46,INR,card_credit,HDFC,captured,none,0,none,5.9,23,1,0,0,2.19,0,0,desktop_safari,Pune,Pune,2026-08-18T23:11:18.124880
pay_84197c66e64e46,mer_1031,cust_20304,33895.2,INR,upi,KOTAK,captured,none,0,none,30.3,23,1,0,0,13.66,0,0,mobile_ios,Kolkata,Kolkata,2026-08-18T23:12:26.124880
pay_4a2d52bf62b542,mer_1033,cust_20031,1718.06,INR,card_credit,ICICI,captured,none,0,none,16.2,23,1,0,0,0.95,0,0,desktop_chrome,Kolkata,Kolkata,2026-08-18T23:21:08.124880
pay_fea9f2d8b2f941,mer_1025,cust_20091,131.2,INR,upi,AXIS,captured,none,1,card_testing,76.4,23,1,0,0,0.1,0,1,desktop_chrome,Hyderabad,Hyderabad,2026-08-18T23:26:49.124880
pay_851dfcfd171647,mer_1009,cust_20580,43807.84,INR,upi,SBI,captured,none,0,none,36.1,23,1,0,1,8.28,0,0,desktop_safari,Delhi NCR,Delhi NCR,2026-08-18T23:34:15.124880
pay_9d7eea23d4254f,mer_1012,cust_20532,25439.81,INR,upi,HDFC,captured,none,0,none,37.4,23,1,0,0,20.5,0,0,mobile_android,Kolkata,Kolkata,2026-08-18T23:38:41.124880
pay_6cfbbd6ea4b343,mer_1013,cust_20233,18826.16,INR,card_credit,HDFC,captured,none,0,none,31.3,0,2,0,0,19.22,0,0,desktop_windows,Chennai,Chennai,2026-08-19T00:13:59.124880
pay_27ac0daf984c4e,mer_1040,cust_20392,25948.92,INR,upi,HDFC,captured,none,0,none,32.8,0,2,0,0,20.27,0,0,mobile_android,Jaipur,Jaipur,2026-08-19T00:46:26.124880
pay_dd662b5a9a074b,mer_1011,cust_20159,37534.3,INR,upi,SBI,captured,none,0,none,38.3,1,2,0,0,9.09,0,0,desktop_windows,Bengaluru,Bengaluru,2026-08-19T01:00:49.124880
pay_d4673b02b20b45,mer_1040,cust_20399,34817.47,INR,upi,SBI,captured,none,0,none,42.5,1,2,0,0,11.74,0,0,mobile_android,Chennai,Chennai,2026-08-19T01:14:51.124880
pay_5560e2d770d04e,mer_1031,cust_20286,19685.39,INR,upi,HDFC,captured,none,1,account_takeover,87.5,1,2,0,0,14.09,0,1,mobile_ios,Mumbai,Mumbai,2026-08-19T01:20:10.124880
pay_6d32b0a9b77546,mer_1033,cust_20395,3145.05,INR,upi,HDFC,captured,none,0,none,22.8,1,2,0,1,1.33,0,0,mobile_ios,Delhi NCR,Delhi NCR,2026-08-19T01:21:09.124880
pay_5f5d2cadf0c944,mer_1009,cust_20472,64940.0,INR,upi,ICICI,captured,none,0,none,45.2,1,2,0,0,25.91,0,0,desktop_windows,Chennai,Chennai,2026-08-19T01:33:55.124880
pay_397f0421457b4d,mer_1031,cust_20165,22015.1,INR,card_credit,HDFC,captured,none,0,none,43.3,1,2,0,1,14.04,0,0,mobile_android,Delhi NCR,Delhi NCR,2026-08-19T01:36:18.124880
pay_91e67dd0b30b4b,mer_1013,cust_20091,8086.61,INR,card_credit,AXIS,captured,none,0,none,48.7,1,2,0,1,6.41,0,0,mobile_ios,Hyderabad,Hyderabad,2026-08-19T01:47:16.124880
pay_0424d585cc9642,mer_1011,cust_20453,19719.28,INR,wallet,SBI,captured,none,0,none,44.1,1,2,0,0,19.57,0,0,mobile_android,Kochi,Kochi,2026-08-19T01:53:21.124880
pay_6465a0ed7ed54e,mer_1024,cust_20119,5507.01,INR,upi,SBI,captured,none,0,none,26.2,2,2,0,0,1.78,0,0,desktop_chrome,Kolkata,Kolkata,2026-08-19T02:08:59.124880
pay_dbf8cdff9d9c41,mer_1026,cust_20351,66212.02,INR,upi,ICICI,captured,none,0,none,40.4,2,2,0,0,110.5,0,0,mobile_ios,Kochi,Kochi,2026-08-19T02:14:49.124880
pay_20031ad0ee8b4d,mer_1025,cust_20522,15688.27,INR,upi,SBI,captured,none,0,none,44.4,2,2,0,0,7.27,0,0,desktop_chrome,Kochi,Kochi,2026-08-19T02:24:45.124880
pay_bf606c128b1643,mer_1029,cust_20339,2671.23,INR,upi,AXIS,captured,none,0,none,22.0,2,2,0,1,1.06,0,0,desktop_chrome,Kolkata,Kolkata,2026-08-19T02:27:24.124880
pay_ccc1ce5b793345,mer_1015,cust_20372,3076.93,INR,card_credit,AXIS,captured,none,0,none,44.0,2,2,0,0,8.86,0,0,desktop_chrome,Kolkata,Kolkata,2026-08-19T02:43:03.124880
pay_085da00117a241,mer_1040,cust_20450,18954.28,INR,upi,HDFC,captured,none,0,none,39.8,2,2,0,0,9.22,0,0,desktop_chrome,Delhi NCR,Delhi NCR,2026-08-19T02:49:55.124880
pay_0e2d3146d07b4e,mer_1033,cust_20464,4490.38,INR,netbanking,AXIS,captured,none,0,none,25.1,2,2,0,0,1.57,0,0,desktop_windows,Bengaluru,Bengaluru,2026-08-19T02:57:55.124880
pay_0416bbf4b35145,mer_1016,cust_20467,54896.84,INR,upi,SBI,captured,none,0,none,47.8,3,2,0,0,12.69,1052,0,desktop_chrome,Ahmedabad,Mumbai,2026-08-19T03:05:09.124880
pay_854171fb525440,mer_1039,cust_20384,33045.35,INR,card_credit,HDFC,captured,none,0,none,42.5,3,2,0,0,61.73,0,0,desktop_safari,Bengaluru,Bengaluru,2026-08-19T03:11:14.124880
pay_af6d2988dbbc41,mer_1032,cust_20053,18288.06,INR,upi,HDFC,captured,none,0,none,41.8,3,2,0,0,5.32,0,0,mobile_android,Bengaluru,Bengaluru,2026-08-19T03:11:47.124880
pay_9b91437248fa44,mer_1033,cust_20265,1337.4,INR,netbanking,HDFC,captured,none,0,none,24.6,3,2,0,0,0.5,0,0,desktop_chrome,Kochi,Kochi,2026-08-19T03:42:52.124880
pay_6e3319d4be3d43,mer_1025,cust_20127,62224.76,INR,upi,ICICI,captured,none,0,none,47.1,3,2,0,0,52.04,0,0,mobile_android,Kolkata,Kolkata,2026-08-19T03:46:54.124880
pay_7b3a8944ddcb45,mer_1029,cust_20029,1315.62,INR,card_debit,ICICI,captured,none,0,none,29.8,3,2,0,0,1.36,0,0,desktop_windows,Chennai,Chennai,2026-08-19T03:49:19.124880
pay_361a111bc1b642,mer_1039,cust_20489,27782.3,INR,upi,HDFC,captured,none,0,none,41.3,4,2,0,1,61.83,0,0,mobile_android,Hyderabad,Hyderabad,2026-08-19T04:01:09.124880
pay_92c8c785980145,mer_1007,cust_20333,33734.86,INR,card_debit,ICICI,captured,none,0,none,52.8,4,2,0,0,24.45,0,1,mobile_ios,Kolkata,Kolkata,2026-08-19T04:02:28.124880
pay_32c3b0937b1a41,mer_1008,cust_20371,91146.28,INR,card_credit,HDFC,captured,none,0,none,44.6,4,2,0,0,43.86,0,0,desktop_windows,Kolkata,Kolkata,2026-08-19T04:11:33.124880
pay_18b831e2c07d4b,mer_1021,cust_20127,89937.19,INR,upi,HDFC,captured,none,0,none,49.0,4,2,1,1,75.21,0,0,mobile_android,Kolkata,Kolkata,2026-08-19T04:22:02.124880
pay_294670727e1544,mer_1005,cust_20223,37987.93,INR,upi,KOTAK,captured,none,0,none,41.3,4,2,0,0,51.42,276,0,mobile_android,Ahmedabad,Jaipur,2026-08-19T04:22:31.124880
pay_fe2c341f9c864f,mer_1002,cust_20364,18316.99,INR,upi,ICICI,captured,none,0,none,59.9,4,2,0,0,29.97,1500,0,desktop_chrome,Delhi NCR,Mumbai,2026-08-19T04:48:51.124880
pay_ccc7f16ef98143,mer_1013,cust_20329,38981.17,INR,upi,ICICI,captured,none,0,none,49.0,4,2,0,0,24.8,0,0,desktop_chrome,Pune,Pune,2026-08-19T04:51:54.124880
pay_8c2c2df4613040,mer_1006,cust_20301,7116.27,INR,netbanking,AXIS,captured,none,0,none,34.5,5,2,0,0,23.72,0,0,desktop_safari,Jaipur,Jaipur,2026-08-19T05:01:42.124880
pay_5d39e75878df43,mer_1031,cust_20246,39531.64,INR,upi,AXIS,captured,none,0,none,34.2,5,2,0,0,16.49,0,0,desktop_chrome,Hyderabad,Hyderabad,2026-08-19T05:06:25.124880
pay_6090b4379d9c4d,mer_1021,cust_20416,45529.47,INR,upi,AXIS,captured,none,0,none,26.6,5,2,0,0,82.75,0,0,desktop_windows,Ahmedabad,Ahmedabad,2026-08-19T05:28:59.124880
pay_6fe102994fb14f,mer_1016,cust_20259,92441.98,INR,netbanking,AXIS,captured,none,0,none,31.8,6,2,0,0,119.3,0,0,mobile_android,Jaipur,Jaipur,2026-08-19T06:00:49.124880
pay_12666bc010204d,mer_1033,cust_20269,452.93,INR,upi,SBI,captured,none,0,none,14.8,6,2,0,0,0.08,0,0,desktop_safari,Mumbai,Mumbai,2026-08-19T06:11:49.124880
pay_70dbc287f6d949,mer_1022,cust_20033,806.69,INR,card_credit,SBI,captured,none,0,none,6.0,6,2,0,0,0.36,0,0,desktop_windows,Chennai,Chennai,2026-08-19T06:26:05.124880
pay_53f7dc860bbc4d,mer_1033,cust_20075,3644.99,INR,card_debit,AXIS,captured,none,0,none,11.9,6,2,0,0,1.48,0,0,desktop_safari,Hyderabad,Hyderabad,2026-08-19T06:26:10.124880
pay_8d49ef359b9c40,mer_1033,cust_20275,1543.82,INR,upi,AXIS,captured,none,0,none,15.4,6,2,0,0,0.62,0,0,mobile_ios,Bengaluru,Bengaluru,2026-08-19T06:42:29.124880
pay_59dd3defebdb40,mer_1037,cust_20340,124.63,INR,upi,AXIS,captured,none,0,none,6.1,6,2,0,0,0.14,0,0,mobile_ios,Bengaluru,Bengaluru,2026-08-19T06:51:56.124880
pay_74f04012768f4b,mer_1022,cust_20366,1088.85,INR,upi,AXIS,captured,none,0,none,11.3,6,2,0,0,0.72,164,0,desktop_windows,Pune,Bengaluru,2026-08-19T06:54:20.124880
pay_adb1c99d3aa148,mer_1007,cust_20316,13718.92,INR,upi,AXIS,captured,none,0,none,36.3,7,2,0,0,19.37,0,0,desktop_safari,Kochi,Kochi,2026-08-19T07:36:01.124880
pay_1fa6ce77c7d243,mer_1037,cust_20238,369.77,INR,upi,ICICI,captured,none,0,none,15.1,7,2,0,0,0.27,0,0,desktop_safari,Kolkata,Kolkata,2026-08-19T07:49:05.124880
pay_58af5d30e3474d,mer_1039,cust_20042,18340.27,INR,upi,KOTAK,captured,none,0,none,38.3,7,2,0,0,35.05,803,0,mobile_ios,Ahmedabad,Delhi NCR,2026-08-19T07:54:37.124880
pay_48c75c4d3d414a,mer_1022,cust_20557,1489.03,INR,upi,SBI,captured,none,0,none,7.0,8,2,0,0,0.48,0,0,mobile_android,Mumbai,Mumbai,2026-08-19T08:23:50.124880
pay_cafb95e708884d,mer_1038,cust_20470,42691.98,INR,card_debit,AXIS,captured,none,0,none,25.7,8,2,0,0,13.39,0,0,desktop_windows,Jaipur,Jaipur,2026-08-19T08:52:04.124880
pay_f57b6775eec142,mer_1025,cust_20033,47238.72,INR,upi,PAYTM_BANK,captured,none,0,none,31.6,9,2,0,1,21.35,0,0,desktop_safari,Chennai,Chennai,2026-08-19T09:01:55.124880
pay_66ee54d2e50641,mer_1030,cust_20417,37537.74,INR,card_credit,PAYTM_BANK,failed,insufficient_funds,0,none,32.3,9,2,0,0,36.16,0,0,desktop_windows,Kochi,Kochi,2026-08-19T09:02:00.124880
pay_c387303c7f9a4a,mer_1001,cust_20181,5333.02,INR,upi,ICICI,captured,none,0,none,17.6,9,2,0,0,1.53,0,0,mobile_android,Ahmedabad,Ahmedabad,2026-08-19T09:05:02.124880
pay_4ae8513598134f,mer_1028,cust_20185,6739.1,INR,card_credit,SBI,captured,none,0,none,17.1,9,2,0,1,1.38,0,0,desktop_chrome,Chennai,Chennai,2026-08-19T09:06:12.124880
pay_73b2b88728524e,mer_1011,cust_20407,14586.8,INR,upi,SBI,captured,none,0,none,49.8,9,2,0,1,46.12,1186,0,desktop_chrome,Mumbai,Kolkata,2026-08-19T09:07:20.124880
pay_aa0659c4a3b443,mer_1005,cust_20079,23011.75,INR,card_credit,AXIS,captured,none,0,none,39.4,9,2,0,0,5.99,0,0,mobile_android,Mumbai,Mumbai,2026-08-19T09:45:50.124880
pay_2e1885859b1547,mer_1035,cust_20355,58532.43,INR,upi,AXIS,captured,none,0,none,26.4,9,2,0,0,69.44,0,0,desktop_chrome,Mumbai,Mumbai,2026-08-19T09:48:32.124880
pay_52d54abe38144b,mer_1014,cust_20094,31739.79,INR,upi,SBI,captured,none,0,none,28.9,9,2,0,1,7.06,0,0,desktop_safari,Chennai,Chennai,2026-08-19T09:59:51.124880
pay_a1bcece045c548,mer_1029,cust_20273,1557.14,INR,card_debit,HDFC,captured,none,0,none,15.4,10,2,0,0,1.42,0,0,mobile_android,Ahmedabad,Ahmedabad,2026-08-19T10:18:16.124880
pay_64a82e8c006049,mer_1035,cust_20334,70256.91,INR,upi,KOTAK,captured,none,0,none,27.1,10,2,0,0,28.46,0,0,desktop_safari,Bengaluru,Bengaluru,2026-08-19T10:23:45.124880
pay_53bbdc6e75eb47,mer_1010,cust_20064,7901.47,INR,upi,HDFC,captured,none,0,none,10.9,10,2,0,0,1.03,0,0,mobile_ios,Pune,Pune,2026-08-19T10:42:31.124880
pay_c71e596c1df04d,mer_1029,cust_20232,2343.61,INR,upi,HDFC,captured,none,0,none,13.3,10,2,0,0,0.3,0,0,mobile_android,Kolkata,Kolkata,2026-08-19T10:54:08.124880
pay_f291eb2dffba40,mer_1018,cust_20590,5329.0,INR,upi,HDFC,captured,none,0,none,19.3,11,2,0,1,1.26,0,0,desktop_windows,Pune,Pune,2026-08-19T11:01:09.124880
pay_1c43dffb963e40,mer_1021,cust_20146,44068.21,INR,upi,ICICI,captured,none,0,none,25.4,11,2,0,0,10.2,0,0,mobile_ios,Kolkata,Kolkata,2026-08-19T11:13:11.124880
pay_4123194e160a42,mer_1005,cust_20448,25435.27,INR,upi,SBI,captured,none,0,none,38.2,11,2,0,1,10.35,424,0,desktop_windows,Chennai,Hyderabad,2026-08-19T11:18:06.124880
pay_f9b337325f4c4a,mer_1015,cust_20019,4344.41,INR,card_debit,HDFC,captured,none,0,none,10.0,11,2,0,0,1.58,0,0,desktop_chrome,Pune,Pune,2026-08-19T11:21:02.124880
pay_899fa53d43bb4b,mer_1039,cust_20246,142.25,INR,upi,ICICI,failed,risk_blocked,1,card_testing,76.5,11,2,0,1,0.06,0,0,desktop_chrome,Hyderabad,Hyderabad,2026-08-19T11:44:48.124880
pay_362a25653d734e,mer_1028,cust_20067,14522.92,INR,card_credit,SBI,captured,none,0,none,40.0,11,2,0,0,16.22,0,0,mobile_ios,Kochi,Kochi,2026-08-19T11:53:29.124880
pay_d7988666961d4c,mer_1025,cust_20116,6943.28,INR,upi,HDFC,captured,none,0,none,30.8,11,2,0,1,4.11,0,0,mobile_android,Pune,Pune,2026-08-19T11:57:55.124880
pay_192a1f5110e346,mer_1005,cust_20182,69058.04,INR,upi,HDFC,captured,none,0,none,37.2,12,2,0,0,230.19,0,0,desktop_windows,Pune,Pune,2026-08-19T12:26:00.124880
pay_3902db75d2f64e,mer_1011,cust_20069,37991.12,INR,upi,AXIS,captured,none,0,none,34.7,12,2,0,0,20.54,0,0,desktop_safari,Mumbai,Mumbai,2026-08-19T12:30:12.124880
pay_a276ac255a454c,mer_1033,cust_20455,1828.6,INR,card_credit,PAYTM_BANK,captured,none,0,none,14.5,12,2,0,0,1.36,0,0,desktop_chrome,Hyderabad,Hyderabad,2026-08-19T12:42:23.124880
pay_0ad20ff9388247,mer_1019,cust_20106,1376.21,INR,upi,SBI,failed,auth_timeout,0,none,8.9,12,2,0,0,1.12,0,0,desktop_chrome,Chennai,Chennai,2026-08-19T12:43:27.124880
pay_119cb97d08e641,mer_1020,cust_20082,4127.82,INR,upi,HDFC,captured,none,0,none,9.4,12,2,0,0,0.91,0,0,desktop_chrome,Kolkata,Kolkata,2026-08-19T12:53:34.124880
pay_bfed76dd915a4b,mer_1040,cust_20262,19868.84,INR,card_debit,HDFC,captured,none,0,none,41.5,13,2,0,1,7.47,631,0,mobile_ios,Hyderabad,Mumbai,2026-08-19T13:00:44.124880
pay_42f9870f46fa42,mer_1007,cust_20241,45163.32,INR,upi,HDFC,captured,none,0,none,27.1,13,2,0,0,43.77,0,0,mobile_ios,Delhi NCR,Delhi NCR,2026-08-19T13:13:39.124880
pay_a57b5c3d9ddf47,mer_1014,cust_20431,4598.92,INR,upi,SBI,captured,none,0,none,26.8,13,2,0,0,4.14,0,0,desktop_chrome,Bengaluru,Bengaluru,2026-08-19T13:35:06.124880
pay_c253480c24254a,mer_1007,cust_20529,50685.78,INR,card_credit,KOTAK,captured,none,0,none,37.8,13,2,0,0,31.37,1347,0,mobile_ios,Hyderabad,Ahmedabad,2026-08-19T13:41:12.124880
pay_5b8119488a084c,mer_1039,cust_20085,47847.94,INR,card_credit,SBI,captured,none,0,none,48.4,13,2,0,0,17.78,0,1,mobile_android,Ahmedabad,Ahmedabad,2026-08-19T13:46:25.124880
pay_7a05a93934874e,mer_1027,cust_20519,1237.05,INR,card_credit,ICICI,captured,none,0,none,19.1,14,2,0,0,0.84,0,0,desktop_windows,Bengaluru,Bengaluru,2026-08-19T14:07:26.124880
pay_f083249e743a41,mer_1033,cust_20575,2963.05,INR,upi,PAYTM_BANK,captured,none,0,none,25.8,14,2,0,0,3.88,0,0,desktop_windows,Pune,Pune,2026-08-19T14:08:49.124880
pay_0ef5496303f94b,mer_1018,cust_20291,14866.6,INR,upi,HDFC,captured,none,0,none,33.8,14,2,0,1,15.25,0,0,desktop_safari,Pune,Pune,2026-08-19T14:18:14.124880
pay_1b9d6d0a044b47,mer_1031,cust_20030,42929.03,INR,netbanking,ICICI,captured,none,0,none,33.3,14,2,0,0,13.51,0,0,mobile_ios,Chennai,Chennai,2026-08-19T14:23:03.124880
pay_7a34b3a85cbb4a,mer_1006,cust_20309,29757.66,INR,upi,ICICI,captured,none,0,none,32.6,14,2,0,0,56.27,0,0,desktop_windows,Ahmedabad,Ahmedabad,2026-08-19T14:25:42.124880
pay_d2c12f1ce0da40,mer_1027,cust_20538,327.91,INR,card_credit,HDFC,captured,none,0,none,13.5,14,2,0,0,0.05,0,0,desktop_chrome,Kolkata,Kolkata,2026-08-19T14:35:32.124880
pay_0d12ffe7dc6a4d,mer_1013,cust_20177,14961.47,INR,netbanking,HDFC,captured,none,0,none,37.1,14,2,0,0,17.88,296,0,desktop_chrome,Delhi NCR,Mumbai,2026-08-19T14:55:01.124880
pay_80b4b2da1c9f49,mer_1019,cust_20314,2399.84,INR,card_credit,ICICI,captured,none,0,none,25.7,14,2,0,0,6.29,0,0,desktop_windows,Delhi NCR,Delhi NCR,2026-08-19T14:56:13.124880
pay_e1156b8238fb4f,mer_1003,cust_20394,147.51,INR,upi,HDFC,captured,none,0,none,10.3,15,2,0,0,0.05,0,0,desktop_chrome,Chennai,Chennai,2026-08-19T15:06:12.124880
pay_eaa4462f73c048,mer_1022,cust_20361,3338.06,INR,upi,AXIS,captured,none,0,none,32.7,15,2,0,0,4.84,0,0,desktop_chrome,Bengaluru,Bengaluru,2026-08-19T15:16:45.124880
pay_ed3b04bd133248,mer_1019,cust_20547,2248.61,INR,card_credit,SBI,captured,none,0,none,19.3,15,2,0,0,1.09,0,0,desktop_chrome,Bengaluru,Bengaluru,2026-08-19T15:33:45.124880
pay_bc2a56db08a94f,mer_1028,cust_20219,11078.13,INR,card_debit,SBI,captured,none,0,none,25.7,15,2,0,0,4.7,0,0,desktop_safari,Kolkata,Kolkata,2026-08-19T15:43:42.124880
pay_73ee43ef93f94a,mer_1028,cust_20364,11524.1,INR,wallet,SBI,refunded,customer_return,0,none,35.6,15,2,0,1,18.85,0,0,desktop_chrome,Delhi NCR,Delhi NCR,2026-08-19T15:49:07.124880
pay_f0924668486247,mer_1030,cust_20055,4815.28,INR,upi,ICICI,captured,none,0,none,28.4,15,2,0,0,3.83,0,0,mobile_ios,Hyderabad,Hyderabad,2026-08-19T15:49:49.124880
pay_3793fab74a144f,mer_1006,cust_20482,21465.15,INR,card_credit,PAYTM_BANK,captured,none,0,none,28.9,15,2,0,0,11.48,0,0,mobile_android,Hyderabad,Hyderabad,2026-08-19T15:52:34.124880
pay_d90a01e2db4e47,mer_1010,cust_20401,806.2,INR,netbanking,AXIS,captured,none,0,none,6.3,15,2,0,0,0.21,0,0,mobile_ios,Delhi NCR,Delhi NCR,2026-08-19T15:53:05.124880
pay_360091b8f5f441,mer_1029,cust_20533,930.73,INR,card_debit,SBI,captured,none,0,none,5.3,16,2,0,0,0.54,0,0,mobile_ios,Jaipur,Jaipur,2026-08-19T16:04:09.124880
pay_00aa19977f9249,mer_1006,cust_20093,24156.03,INR,upi,ICICI,captured,none,0,none,37.2,16,2,0,0,5.56,0,0,mobile_android,Hyderabad,Hyderabad,2026-08-19T16:09:24.124880
pay_1f60a6c4730747,mer_1029,cust_20263,2237.85,INR,upi,KOTAK,captured,none,0,none,36.3,16,2,0,0,3.24,0,0,desktop_chrome,Kolkata,Kolkata,2026-08-19T16:16:55.124880
pay_467dbc59e9d141,mer_1038,cust_20278,22716.03,INR,upi,SBI,captured,none,0,none,26.6,16,2,0,0,30.79,0,0,mobile_ios,Kolkata,Kolkata,2026-08-19T16:21:23.124880
pay_e554167dd90d4d,mer_1034,cust_20412,1509.39,INR,card_credit,SBI,captured,none,0,none,19.7,16,2,0,0,2.68,0,0,desktop_chrome,Mumbai,Mumbai,2026-08-19T16:33:48.124880
pay_7cd760fb7e6940,mer_1029,cust_20190,1971.07,INR,upi,KOTAK,captured,none,0,none,11.6,16,2,0,0,0.81,0,0,desktop_windows,Ahmedabad,Ahmedabad,2026-08-19T16:48:49.124880
pay_5a3d421f8c7041,mer_1007,cust_20149,27349.35,INR,card_credit,ICICI,captured,none,0,none,35.5,16,2,0,1,13.49,0,0,mobile_ios,Chennai,Chennai,2026-08-19T16:49:18.124880
pay_ace2062ada0c41,mer_1002,cust_20278,70204.75,INR,card_credit,HDFC,captured,none,0,none,30.5,17,2,1,1,95.15,0,0,mobile_android,Kolkata,Kolkata,2026-08-19T17:01:47.124880
pay_bad83274d7db41,mer_1003,cust_20409,2174.46,INR,upi,AXIS,captured,none,0,none,5.1,17,2,0,1,1.69,0,0,desktop_windows,Delhi NCR,Delhi NCR,2026-08-19T17:29:34.124880
pay_722d41148bd44b,mer_1039,cust_20591,24353.66,INR,upi,SBI,captured,none,0,none,31.6,17,2,0,0,26.75,0,0,desktop_windows,Mumbai,Mumbai,2026-08-19T17:43:36.124880
pay_fc4e04f1da5b49,mer_1014,cust_20596,44683.44,INR,card_credit,HDFC,captured,none,0,none,33.7,17,2,0,0,15.77,0,0,mobile_android,Hyderabad,Hyderabad,2026-08-19T17:56:32.124880
pay_b673e335ea944c,mer_1039,cust_20043,39822.08,INR,card_credit,ICICI,captured,none,0,none,39.8,17,2,0,0,87.5,0,0,mobile_android,Kochi,Kochi,2026-08-19T17:59:55.124880
pay_0d836128d7624d,mer_1016,cust_20533,67538.59,INR,upi,HDFC,captured,none,0,none,35.7,18,2,0,1,39.18,0,0,desktop_windows,Jaipur,Jaipur,2026-08-19T18:49:31.124880
pay_a8047f5d085d49,mer_1025,cust_20268,87330.29,INR,card_debit,ICICI,captured,none,0,none,25.3,18,2,0,0,60.67,0,0,mobile_ios,Ahmedabad,Ahmedabad,2026-08-19T18:59:26.124880
pay_e037df776b054a,mer_1020,cust_20392,26463.29,INR,upi,ICICI,captured,none,0,none,29.3,19,2,0,1,20.67,0,0,mobile_android,Jaipur,Jaipur,2026-08-19T19:02:32.124880
pay_f32471caddda4c,mer_1001,cust_20030,3296.27,INR,upi,PAYTM_BANK,captured,none,0,none,15.6,19,2,0,1,1.04,0,0,desktop_safari,Chennai,Chennai,2026-08-19T19:06:03.124880
pay_ea9e9092e9d04f,mer_1013,cust_20516,9494.01,INR,card_credit,HDFC,captured,none,0,none,37.4,19,2,0,0,3.89,0,0,desktop_chrome,Chennai,Chennai,2026-08-19T19:17:18.124880
pay_614b77ea90794c,mer_1037,cust_20413,2538.32,INR,card_credit,ICICI,captured,none,0,none,27.3,19,2,0,0,5.06,0,0,desktop_safari,Jaipur,Jaipur,2026-08-19T19:18:38.124880
pay_acb47261c7784a,mer_1032,cust_20141,141.45,INR,upi,AXIS,failed,risk_blocked,1,card_testing,75.8,19,2,0,0,0.12,0,0,desktop_safari,Pune,Pune,2026-08-19T19:20:55.124880
pay_1b115d32ffa744,mer_1011,cust_20087,38446.09,INR,upi,AXIS,captured,none,0,none,55.0,19,2,0,0,11.03,0,1,desktop_safari,Ahmedabad,Ahmedabad,2026-08-19T19:35:49.124880
pay_da6ae260d8a34a,mer_1037,cust_20237,1387.08,INR,card_credit,AXIS,captured,none,0,none,14.9,19,2,0,0,0.71,0,0,mobile_android,Pune,Pune,2026-08-19T19:48:09.124880
pay_6d993b420b9143,mer_1020,cust_20274,6598.75,INR,card_credit,SBI,captured,none,0,none,9.2,20,2,0,0,1.41,0,0,desktop_windows,Delhi NCR,Delhi NCR,2026-08-19T20:13:21.124880
pay_46e350d3724643,mer_1038,cust_20193,33001.43,INR,upi,HDFC,captured,none,0,none,26.7,20,2,0,0,6.88,0,0,mobile_android,Kolkata,Kolkata,2026-08-19T20:33:03.124880
pay_2a595b4ffe4f45,mer_1011,cust_20591,7268.95,INR,upi,HDFC,captured,none,0,none,33.1,20,2,0,1,7.98,0,0,mobile_android,Mumbai,Mumbai,2026-08-19T20:38:50.124880
pay_782e6a9f813f48,mer_1033,cust_20124,1013.16,INR,upi,HDFC,captured,none,0,none,14.0,20,2,0,0,1.01,0,0,desktop_windows,Kochi,Kochi,2026-08-19T20:50:29.124880
pay_4a36b6dff42040,mer_1038,cust_20348,6386.9,INR,upi,HDFC,captured,none,0,none,29.4,21,2,0,0,6.42,0,0,mobile_ios,Kolkata,Kolkata,2026-08-19T21:22:48.124880
pay_79e8edd1ef8944,mer_1016,cust_20332,49208.75,INR,card_debit,SBI,captured,none,0,none,26.3,21,2,0,0,31.77,0,0,desktop_windows,Delhi NCR,Delhi NCR,2026-08-19T21:25:12.124880
pay_9d58c0179f1641,mer_1027,cust_20248,4498.56,INR,upi,HDFC,captured,none,0,none,35.4,21,2,0,0,5.1,0,0,desktop_chrome,Kolkata,Kolkata,2026-08-19T21:36:58.124880
pay_ceb39e4d44a340,mer_1004,cust_20081,49165.76,INR,card_credit,HDFC,captured,none,0,none,35.0,21,2,0,0,17.48,0,0,desktop_windows,Pune,Pune,2026-08-19T21:47:21.124880
pay_880e1f066d4844,mer_1025,cust_20150,4205.18,INR,card_credit,HDFC,captured,none,0,none,15.0,21,2,0,0,0.56,0,0,mobile_ios,Chennai,Chennai,2026-08-19T21:49:37.124880
pay_10ae2db552544f,mer_1014,cust_20467,28613.73,INR,upi,PAYTM_BANK,captured,none,0,none,38.2,22,2,0,1,6.62,0,0,desktop_safari,Ahmedabad,Ahmedabad,2026-08-19T22:01:58.124880
pay_3f47a62af6c148,mer_1028,cust_20456,14513.41,INR,netbanking,HDFC,captured,none,0,none,25.3,22,2,0,0,4.04,0,0,desktop_chrome,Pune,Pune,2026-08-19T22:14:15.124880
pay_cd93496d6b644c,mer_1037,cust_20462,1445.64,INR,upi,AXIS,captured,none,0,none,11.4,22,2,0,0,0.88,0,0,desktop_safari,Chennai,Chennai,2026-08-19T22:27:48.124880
pay_24ccb7c9fb4742,mer_1036,cust_20522,18069.86,INR,upi,ICICI,captured,none,0,none,33.1,22,2,0,1,8.37,0,0,mobile_android,Kochi,Kochi,2026-08-19T22:39:00.124880
pay_74613e8343b748,mer_1023,cust_20296,2950.34,INR,upi,HDFC,captured,none,0,none,11.5,22,2,0,0,2.24,0,0,desktop_windows,Pune,Pune,2026-08-19T22:46:05.124880
pay_43120b9f76c34c,mer_1009,cust_20170,47237.52,INR,upi,ICICI,captured,none,0,none,42.1,22,2,0,0,34.4,744,0,desktop_windows,Jaipur,Bengaluru,2026-08-19T22:54:02.124880
pay_85433ad8b11e41,mer_1003,cust_20350,3053.27,INR,card_credit,ICICI,captured,none,0,none,28.7,22,2,0,0,4.08,448,0,mobile_ios,Kolkata,Ahmedabad,2026-08-19T22:58:35.124880
pay_b2e3a0340a614b,mer_1018,cust_20368,10067.35,INR,upi,ICICI,captured,none,0,none,35.7,23,2,0,0,6.43,0,0,desktop_safari,Hyderabad,Hyderabad,2026-08-19T23:07:53.124880
pay_1dd14a0ad54d41,mer_1004,cust_20516,28793.38,INR,upi,HDFC,captured,none,0,none,30.3,23,2,0,1,11.81,0,0,mobile_ios,Chennai,Chennai,2026-08-19T23:19:20.124880
pay_adc99914cc1349,mer_1040,cust_20374,37103.65,INR,upi,AXIS,captured,none,0,none,34.5,23,2,0,0,30.64,0,0,mobile_android,Hyderabad,Hyderabad,2026-08-19T23:24:42.124880
pay_fdfa5f3dc2b144,mer_1020,cust_20577,28008.66,INR,card_credit,AXIS,captured,none,0,none,28.2,23,2,0,0,14.23,0,0,desktop_chrome,Ahmedabad,Ahmedabad,2026-08-19T23:38:59.124880
pay_99f939be1adb47,mer_1007,cust_20464,29657.41,INR,netbanking,ICICI,captured,none,0,none,34.5,23,2,0,1,10.4,0,0,mobile_ios,Bengaluru,Bengaluru,2026-08-19T23:46:55.124880
pay_3a2e5836730344,mer_1022,cust_20513,1511.7,INR,netbanking,PAYTM_BANK,captured,none,0,none,17.8,23,2,0,0,1.67,0,0,desktop_windows,Jaipur,Jaipur,2026-08-19T23:48:53.124880
pay_3c13878a8bc543,mer_1040,cust_20329,29962.63,INR,card_debit,ICICI,captured,none,0,none,33.2,23,2,0,1,19.07,0,0,desktop_safari,Pune,Pune,2026-08-19T23:54:43.124880
pay_26764045f48540,mer_1011,cust_20519,53678.3,INR,card_credit,HDFC,captured,none,0,none,38.6,23,2,0,1,36.4,0,0,mobile_ios,Bengaluru,Bengaluru,2026-08-19T23:56:25.124880
pay_b7f1317d211543,mer_1038,cust_20290,6185.77,INR,upi,HDFC,captured,none,0,none,5.7,23,2,0,0,2.09,0,0,desktop_chrome,Mumbai,Mumbai,2026-08-19T23:56:31.124880
pay_ad66a239189e4b,mer_1019,cust_20198,3637.56,INR,upi,SBI,captured,none,0,none,35.8,0,3,0,0,4.45,0,0,desktop_safari,Pune,Pune,2026-08-20T00:13:46.124880
pay_1e7dff50e2c748,mer_1037,cust_20293,2193.78,INR,card_debit,HDFC,captured,none,0,none,35.8,0,3,0,0,5.13,0,0,desktop_windows,Kochi,Kochi,2026-08-20T00:15:58.124880
pay_07bf57806e7340,mer_1040,cust_20393,22539.3,INR,card_debit,ICICI,captured,none,0,none,30.5,0,3,0,0,12.13,0,0,mobile_android,Chennai,Chennai,2026-08-20T00:41:09.124880
pay_38d2503d4e034d,mer_1026,cust_20324,2771.71,INR,netbanking,ICICI,captured,none,0,none,33.6,0,3,0,0,3.07,0,0,desktop_safari,Hyderabad,Hyderabad,2026-08-20T00:52:26.124880
pay_a8d7a4921bcf4a,mer_1027,cust_20471,3702.57,INR,card_credit,SBI,captured,none,0,none,21.3,1,3,0,0,2.49,0,0,desktop_safari,Jaipur,Jaipur,2026-08-20T01:02:38.124880
pay_4270be835c5f44,mer_1012,cust_20516,22198.02,INR,netbanking,HDFC,captured,none,0,none,46.1,1,3,0,2,9.1,0,0,desktop_chrome,Chennai,Chennai,2026-08-20T01:05:26.124880
pay_a24cb54f101e49,mer_1015,cust_20254,788.89,INR,upi,KOTAK,captured,none,0,none,30.0,1,3,0,0,0.63,0,0,desktop_safari,Hyderabad,Hyderabad,2026-08-20T01:08:42.124880
pay_27f9433664ad4d,mer_1003,cust_20210,4143.96,INR,upi,ICICI,captured,none,0,none,44.6,1,3,0,0,7.82,0,0,desktop_chrome,Bengaluru,Bengaluru,2026-08-20T01:29:45.124880
pay_7be66a3b0a5847,mer_1026,cust_20112,30143.84,INR,upi,HDFC,failed,risk_blocked,1,account_takeover,84.0,1,3,0,0,13.49,0,1,desktop_windows,Pune,Pune,2026-08-20T01:47:15.124880
pay_50769d01090c41,mer_1028,cust_20027,14165.06,INR,upi,ICICI,captured,none,0,none,44.4,1,3,0,0,5.91,0,0,desktop_safari,Kolkata,Kolkata,2026-08-20T01:54:14.124880
pay_705556dce2a042,mer_1006,cust_20468,51026.12,INR,upi,ICICI,captured,none,0,none,42.3,2,3,0,0,40.26,0,0,desktop_windows,Delhi NCR,Delhi NCR,2026-08-20T02:11:24.124880
pay_152c5d3e248c4b,mer_1011,cust_20510,44726.19,INR,card_credit,SBI,captured,none,0,none,41.2,2,3,0,0,22.37,0,0,desktop_safari,Mumbai,Mumbai,2026-08-20T02:15:34.124880
pay_a68efeed58cc4f,mer_1031,cust_20122,9167.61,INR,upi,HDFC,captured,none,0,none,47.2,2,3,0,0,5.72,0,0,mobile_ios,Hyderabad,Hyderabad,2026-08-20T02:30:53.124880
pay_d51cdbeb086a45,mer_1022,cust_20460,2516.35,INR,upi,SBI,captured,none,0,none,43.7,2,3,0,0,3.15,0,0,mobile_ios,Ahmedabad,Ahmedabad,2026-08-20T02:54:14.124880
pay_8178165e1f654e,mer_1022,cust_20490,2515.21,INR,upi,HDFC,captured,none,0,none,36.3,2,3,0,0,1.85,0,1,mobile_android,Delhi NCR,Delhi NCR,2026-08-20T02:57:08.124880
pay_21fcf9d6173a4d,mer_1031,cust_20010,34234.36,INR,upi,AXIS,captured,none,0,none,37.7,3,3,0,0,29.65,327,0,mobile_ios,Delhi NCR,Chennai,2026-08-20T03:09:56.124880
pay_1d8e16f0a00347,mer_1040,cust_20561,28485.77,INR,wallet,ICICI,captured,none,0,none,57.9,3,3,0,0,46.54,0,1,desktop_windows,Hyderabad,Hyderabad,2026-08-20T03:11:47.124880
pay_00e6862e6e7d4c,mer_1014,cust_20569,34684.89,INR,card_credit,SBI,captured,none,0,none,45.1,3,3,0,0,44.98,0,0,desktop_safari,Mumbai,Mumbai,2026-08-20T03:31:42.124880
pay_16d77f3d837e4a,mer_1013,cust_20004,22025.28,INR,upi,ICICI,failed,auth_timeout,0,none,35.1,3,3,0,0,6.05,0,0,mobile_android,Ahmedabad,Ahmedabad,2026-08-20T03:35:43.124880
pay_630183e3d12440,mer_1031,cust_20269,27068.93,INR,wallet,SBI,captured,none,0,none,46.4,3,3,0,1,4.52,0,0,desktop_chrome,Mumbai,Mumbai,2026-08-20T03:40:51.124880
pay_e00e34be436648,mer_1016,cust_20514,48529.69,INR,upi,AXIS,captured,none,0,none,39.0,3,3,0,0,18.96,0,0,mobile_ios,Pune,Pune,2026-08-20T03:41:32.124880
pay_7bdfbede997945,mer_1035,cust_20024,68063.68,INR,upi,SBI,captured,none,0,none,55.2,3,3,0,0,139.45,1361,0,desktop_chrome,Jaipur,Mumbai,2026-08-20T03:41:33.124880
pay_537d2f2d629b40,mer_1034,cust_20175,3138.96,INR,card_debit,ICICI,captured,none,0,none,47.5,3,3,0,0,3.12,0,0,mobile_android,Hyderabad,Hyderabad,2026-08-20T03:55:09.124880
pay_f5a4abefe8c043,mer_1040,cust_20600,39361.32,INR,upi,AXIS,captured,none,0,none,46.5,3,3,0,0,131.2,0,0,desktop_windows,Hyderabad,Hyderabad,2026-08-20T03:59:40.124880
pay_42a4c8178c144c,mer_1022,cust_20459,5037.92,INR,upi,SBI,captured,none,0,none,32.7,4,3,0,0,2.27,0,1,mobile_ios,Kolkata,Kolkata,2026-08-20T04:07:33.124880
pay_3f9a93dd648446,mer_1021,cust_20415,20834.32,INR,upi,AXIS,captured,none,0,none,47.3,4,3,0,0,12.71,0,0,mobile_ios,Jaipur,Jaipur,2026-08-20T04:35:22.124880
pay_945a19a466904f,mer_1015,cust_20548,1061.32,INR,upi,ICICI,captured,none,0,none,27.0,4,3,0,0,0.25,0,0,desktop_windows,Hyderabad,Hyderabad,2026-08-20T04:36:41.124880
pay_67e1baaf46414c,mer_1021,cust_20239,5908.43,INR,netbanking,SBI,captured,none,0,none,35.6,4,3,0,0,5.89,0,0,mobile_android,Chennai,Chennai,2026-08-20T04:38:10.124880
pay_9ede13bfbee949,mer_1037,cust_20447,3026.64,INR,upi,HDFC,captured,none,0,none,25.5,4,3,0,0,0.81,0,0,desktop_chrome,Delhi NCR,Delhi NCR,2026-08-20T04:39:29.124880
pay_6573d95cab0b48,mer_1008,cust_20372,33538.38,INR,netbanking,SBI,captured,none,0,none,37.7,4,3,0,0,96.6,185,0,mobile_android,Kolkata,Mumbai,2026-08-20T04:43:32.124880
pay_84a5e91df15643,mer_1002,cust_20234,34213.85,INR,netbanking,ICICI,captured,none,0,none,40.1,4,3,0,0,51.13,0,0,desktop_windows,Delhi NCR,Delhi NCR,2026-08-20T04:52:39.124880
pay_10c1c50dd7474d,mer_1014,cust_20279,9923.3,INR,wallet,HDFC,captured,none,0,none,30.0,5,3,0,0,9.93,0,0,mobile_android,Mumbai,Mumbai,2026-08-20T05:00:18.124880
pay_625b721c1ca943,mer_1007,cust_20079,42979.06,INR,card_credit,ICICI,captured,none,0,none,30.2,5,3,0,1,11.19,0,0,desktop_chrome,Mumbai,Mumbai,2026-08-20T05:02:39.124880
pay_2ca209a04cc145,mer_1029,cust_20240,1586.17,INR,upi,AXIS,captured,none,0,none,5.8,5,3,0,0,1.97,0,0,desktop_safari,Bengaluru,Bengaluru,2026-08-20T05:03:20.124880
pay_87fe69cf1cf749,mer_1002,cust_20500,90791.01,INR,upi,HDFC,captured,none,0,none,32.9,5,3,0,0,58.07,0,0,desktop_safari,Delhi NCR,Delhi NCR,2026-08-20T05:09:49.124880
pay_a9fe7650407046,mer_1011,cust_20381,15487.82,INR,card_credit,HDFC,captured,none,0,none,39.3,5,3,0,0,4.14,0,0,mobile_ios,Delhi NCR,Delhi NCR,2026-08-20T05:33:35.124880
pay_81069c7782e841,mer_1017,cust_20177,710.78,INR,upi,SBI,captured,none,0,none,13.9,5,3,0,1,0.85,0,0,desktop_safari,Delhi NCR,Delhi NCR,2026-08-20T05:39:53.124880
pay_34d0ebc4a7ef42,mer_1015,cust_20007,4704.32,INR,netbanking,ICICI,captured,none,1,account_takeover,80.1,5,3,0,0,4.18,0,1,desktop_safari,Kochi,Kochi,2026-08-20T05:40:07.124880
pay_5ff77c714d3a4d,mer_1037,cust_20235,2650.63,INR,card_credit,SBI,captured,none,0,none,15.6,5,3,0,0,1.76,0,0,desktop_safari,Delhi NCR,Delhi NCR,2026-08-20T05:53:48.124880
pay_fa7e2be102ac4d,mer_1012,cust_20491,27290.67,INR,upi,ICICI,captured,none,0,none,15.2,6,3,0,0,2.81,0,0,desktop_windows,Ahmedabad,Ahmedabad,2026-08-20T06:07:02.124880
pay_c6d398caa49448,mer_1014,cust_20527,29894.83,INR,card_credit,HDFC,captured,none,0,none,35.3,6,3,0,0,19.07,0,0,desktop_safari,Jaipur,Jaipur,2026-08-20T06:21:30.124880
pay_2209c1194f0140,mer_1032,cust_20515,42180.22,INR,upi,AXIS,captured,none,0,none,30.2,6,3,0,0,140.6,0,0,desktop_windows,Jaipur,Jaipur,2026-08-20T06:33:46.124880
pay_694caec9d75446,mer_1009,cust_20600,82964.27,INR,upi,ICICI,captured,none,0,none,43.0,6,3,0,1,276.55,0,1,desktop_safari,Hyderabad,Hyderabad,2026-08-20T06:52:19.124880
pay_3200adeae7ef49,mer_1003,cust_20355,3699.62,INR,upi,ICICI,captured,none,0,none,36.0,7,3,0,1,4.39,0,0,desktop_safari,Mumbai,Mumbai,2026-08-20T07:02:43.124880
pay_b73ccf9f8e4043,mer_1005,cust_20267,46881.11,INR,upi,ICICI,captured,none,0,none,38.6,7,3,0,0,22.02,0,0,mobile_android,Kochi,Kochi,2026-08-20T07:05:02.124880
pay_da78a803140149,mer_1018,cust_20434,3899.89,INR,upi,KOTAK,captured,none,0,none,13.3,7,3,0,0,1.07,0,0,desktop_safari,Pune,Pune,2026-08-20T07:23:01.124880
pay_769d9468f6364a,mer_1027,cust_20401,3415.39,INR,upi,HDFC,captured,none,0,none,6.2,7,3,0,1,0.9,0,0,mobile_android,Delhi NCR,Delhi NCR,2026-08-20T07:50:57.124880
pay_594190c9547d40,mer_1018,cust_20495,11958.34,INR,card_credit,KOTAK,captured,none,0,none,32.7,8,3,0,0,8.0,0,0,desktop_windows,Kochi,Kochi,2026-08-20T08:03:47.124880
pay_44bb6efbb45643,mer_1011,cust_20493,42205.91,INR,card_credit,KOTAK,captured,none,0,none,25.4,8,3,0,0,23.53,0,0,mobile_android,Bengaluru,Bengaluru,2026-08-20T08:21:14.124880
pay_2a57cd9e3ed648,mer_1038,cust_20429,13021.38,INR,upi,HDFC,captured,none,0,none,45.5,8,3,0,0,14.96,1600,0,mobile_ios,Hyderabad,Ahmedabad,2026-08-20T08:40:07.124880
pay_1d84a30423e545,mer_1032,cust_20324,27893.06,INR,wallet,SBI,captured,none,0,none,26.0,8,3,0,1,30.87,0,0,desktop_windows,Hyderabad,Hyderabad,2026-08-20T08:50:38.124880
pay_5f6c2aa36adf46,mer_1024,cust_20073,7753.89,INR,upi,SBI,captured,none,0,none,16.9,9,3,0,0,2.77,0,0,mobile_android,Mumbai,Mumbai,2026-08-20T09:02:46.124880
pay_60341725ab0a48,mer_1010,cust_20476,5322.8,INR,upi,ICICI,captured,none,0,none,35.7,9,3,0,0,4.56,0,0,mobile_ios,Ahmedabad,Ahmedabad,2026-08-20T09:30:15.124880
pay_17f52039463b46,mer_1018,cust_20038,8990.46,INR,card_debit,ICICI,captured,none,0,none,33.5,9,3,0,0,23.33,0,0,desktop_chrome,Kochi,Kochi,2026-08-20T09:37:56.124880
pay_f18ec6d2086c4d,mer_1019,cust_20218,5004.59,INR,upi,HDFC,captured,none,0,none,34.4,9,3,0,0,3.86,0,0,desktop_windows,Jaipur,Jaipur,2026-08-20T09:43:57.124880
pay_b098c99d742e47,mer_1040,cust_20184,21182.72,INR,upi,ICICI,captured,none,0,none,40.0,9,3,0,0,70.61,0,0,desktop_windows,Chennai,Chennai,2026-08-20T09:44:10.124880
pay_c361578c0fc24c,mer_1014,cust_20134,53177.02,INR,card_credit,AXIS,captured,none,0,none,34.9,9,3,0,0,32.1,0,0,desktop_safari,Pune,Pune,2026-08-20T09:45:34.124880
pay_69e1f75497d247,mer_1004,cust_20533,16423.55,INR,upi,SBI,captured,none,0,none,34.2,9,3,0,2,9.53,0,0,mobile_ios,Jaipur,Jaipur,2026-08-20T09:47:25.124880
pay_6005fec3627f4b,mer_1007,cust_20586,44343.03,INR,wallet,HDFC,captured,none,0,none,39.2,10,3,0,0,8.11,0,0,desktop_chrome,Delhi NCR,Delhi NCR,2026-08-20T10:05:49.124880
pay_05231cacd7584b,mer_1006,cust_20172,10646.52,INR,upi,PAYTM_BANK,captured,none,0,none,25.6,10,3,0,0,2.1,0,1,desktop_windows,Hyderabad,Hyderabad,2026-08-20T10:08:44.124880
pay_b1ca6121c72847,mer_1005,cust_20130,13510.83,INR,netbanking,ICICI,captured,none,0,none,31.4,10,3,0,0,6.86,0,0,desktop_windows,Jaipur,Jaipur,2026-08-20T10:29:53.124880
pay_ed6ff610795743,mer_1023,cust_20267,5613.06,INR,upi,ICICI,failed,insufficient_funds,0,none,13.5,10,3,0,1,2.64,0,0,mobile_ios,Kochi,Kochi,2026-08-20T10:36:14.124880
pay_7e06c4e45b1f4d,mer_1024,cust_20374,2259.19,INR,upi,PAYTM_BANK,captured,none,0,none,6.4,11,3,0,1,1.87,0,0,desktop_chrome,Hyderabad,Hyderabad,2026-08-20T11:14:12.124880
pay_458407c4440748,mer_1007,cust_20487,66862.64,INR,card_credit,HDFC,captured,none,0,none,32.1,11,3,0,0,53.79,0,0,desktop_safari,Kolkata,Kolkata,2026-08-20T11:35:07.124880
pay_1227624a422149,mer_1035,cust_20083,32788.62,INR,upi,ICICI,captured,none,0,none,34.0,12,3,0,0,21.15,0,0,desktop_windows,Chennai,Chennai,2026-08-20T12:09:48.124880
pay_0803c51e8d594a,mer_1030,cust_20531,41636.58,INR,upi,ICICI,refunded,customer_return,0,none,25.7,12,3,0,0,47.42,0,0,desktop_safari,Mumbai,Mumbai,2026-08-20T12:39:39.124880
pay_0cfc7b30106640,mer_1002,cust_20265,8030.5,INR,netbanking,SBI,captured,none,0,none,5.6,12,3,0,0,2.98,0,0,desktop_chrome,Kochi,Kochi,2026-08-20T12:41:21.124880
pay_51be0c84767f46,mer_1004,cust_20199,47321.55,INR,netbanking,KOTAK,captured,none,0,none,27.1,13,3,0,0,75.01,0,0,desktop_chrome,Mumbai,Mumbai,2026-08-20T13:08:10.124880
pay_3d589b47b49a4b,mer_1030,cust_20301,72036.65,INR,upi,ICICI,refunded,customer_return,0,none,26.4,13,3,0,0,240.12,0,0,mobile_ios,Jaipur,Jaipur,2026-08-20T13:11:23.124880
pay_24f7676c72954c,mer_1010,cust_20404,8274.88,INR,card_credit,SBI,captured,none,0,none,28.5,13,3,0,0,4.42,0,0,desktop_windows,Chennai,Chennai,2026-08-20T13:14:34.124880
pay_341c92254cec4c,mer_1009,cust_20054,18215.05,INR,wallet,PAYTM_BANK,captured,none,0,none,37.0,13,3,0,0,3.98,1172,0,mobile_android,Hyderabad,Jaipur,2026-08-20T13:24:42.124880
pay_76e39baeb3a24d,mer_1033,cust_20113,656.39,INR,upi,HDFC,captured,none,0,none,15.1,13,3,0,0,1.18,0,0,desktop_chrome,Kolkata,Kolkata,2026-08-20T13:24:54.124880
pay_578fc3999c5245,mer_1016,cust_20510,45609.79,INR,netbanking,SBI,captured,none,0,none,34.1,13,3,0,1,22.82,0,0,mobile_ios,Mumbai,Mumbai,2026-08-20T13:25:45.124880
pay_2c2318be5c1e44,mer_1032,cust_20547,29953.89,INR,upi,HDFC,captured,none,0,none,35.5,13,3,0,1,14.57,0,0,desktop_windows,Bengaluru,Bengaluru,2026-08-20T13:31:03.124880
pay_4702155b915844,mer_1030,cust_20328,74353.79,INR,upi,SBI,captured,none,0,none,30.3,13,3,0,0,26.46,0,0,desktop_chrome,Delhi NCR,Delhi NCR,2026-08-20T13:32:18.124880
pay_87e88156285147,mer_1012,cust_20303,23446.5,INR,wallet,KOTAK,captured,none,0,none,26.8,13,3,0,0,4.31,220,0,mobile_ios,Delhi NCR,Ahmedabad,2026-08-20T13:34:46.124880
pay_a37bb391d78245,mer_1007,cust_20013,42013.71,INR,card_credit,AXIS,captured,none,0,none,25.0,13,3,0,0,61.52,0,0,desktop_chrome,Ahmedabad,Ahmedabad,2026-08-20T13:41:42.124880
pay_dedaeb2d351f44,mer_1021,cust_20312,15560.43,INR,upi,SBI,captured,none,0,none,10.2,13,3,0,0,2.98,0,0,mobile_ios,Bengaluru,Bengaluru,2026-08-20T13:46:42.124880
pay_5176618a29434b,mer_1029,cust_20151,2593.97,INR,upi,HDFC,captured,none,0,none,14.6,13,3,0,0,1.08,0,0,desktop_safari,Delhi NCR,Delhi NCR,2026-08-20T13:50:48.124880
pay_ba2ca70de6ad42,mer_1016,cust_20427,6047.44,INR,card_credit,KOTAK,captured,none,0,none,5.8,13,3,0,0,2.44,0,0,desktop_windows,Hyderabad,Hyderabad,2026-08-20T13:51:05.124880
pay_63c947421a754c,mer_1039,cust_20497,24316.29,INR,netbanking,ICICI,captured,none,0,none,26.1,14,3,0,0,8.53,0,0,desktop_safari,Hyderabad,Hyderabad,2026-08-20T14:06:57.124880
pay_4879578ff75e46,mer_1032,cust_20276,26967.81,INR,card_credit,ICICI,captured,none,0,none,25.1,14,3,0,0,19.88,0,0,desktop_safari,Hyderabad,Hyderabad,2026-08-20T14:23:47.124880
pay_169a337ce9d447,mer_1037,cust_20250,1419.8,INR,upi,KOTAK,captured,none,0,none,26.6,14,3,0,0,4.73,0,0,mobile_android,Kolkata,Kolkata,2026-08-20T14:24:35.124880
pay_36f856a7eca349,mer_1038,cust_20280,6513.21,INR,card_credit,ICICI,failed,issuer_bank_down,0,none,5.3,14,3,0,0,1.1,0,0,mobile_ios,Mumbai,Mumbai,2026-08-20T14:33:35.124880
pay_1ef426d2e6c644,mer_1024,cust_20041,1395.14,INR,upi,SBI,captured,none,0,none,19.9,14,3,0,0,0.64,0,0,desktop_chrome,Mumbai,Mumbai,2026-08-20T14:35:31.124880
pay_0e1ed0c169494a,mer_1017,cust_20007,909.28,INR,card_credit,ICICI,captured,none,0,none,19.8,14,3,0,1,0.81,0,0,mobile_android,Kochi,Kochi,2026-08-20T14:36:12.124880
pay_a2f5428c3e144e,mer_1005,cust_20432,61363.37,INR,upi,SBI,captured,none,0,none,31.8,14,3,0,0,32.82,0,0,desktop_safari,Hyderabad,Hyderabad,2026-08-20T14:53:52.124880
pay_dbe23e48e74d41,mer_1007,cust_20566,13675.82,INR,upi,ICICI,captured,none,0,none,33.1,15,3,0,0,3.17,0,0,desktop_safari,Chennai,Chennai,2026-08-20T15:15:06.124880
pay_7780fecb67b241,mer_1030,cust_20192,6160.89,INR,card_credit,SBI,captured,none,0,none,30.7,15,3,0,0,3.5,0,0,desktop_safari,Chennai,Chennai,2026-08-20T15:21:16.124880
pay_5bea3f03fc1941,mer_1036,cust_20259,31042.65,INR,upi,AXIS,captured,none,0,none,34.8,15,3,0,0,40.06,0,0,mobile_ios,Jaipur,Jaipur,2026-08-20T15:23:17.124880
pay_cd3c56a1331243,mer_1032,cust_20177,17098.76,INR,card_credit,ICICI,captured,none,0,none,38.9,15,3,0,1,20.43,0,0,mobile_android,Delhi NCR,Delhi NCR,2026-08-20T15:26:58.124880
pay_8320a8dab4b943,mer_1039,cust_20413,27739.67,INR,upi,SBI,captured,none,0,none,26.6,15,3,0,1,55.35,0,0,mobile_ios,Jaipur,Jaipur,2026-08-20T15:36:19.124880
pay_3ca1e9d0afc043,mer_1011,cust_20174,29936.85,INR,card_credit,HDFC,captured,none,0,none,33.0,15,3,0,0,8.07,0,0,desktop_windows,Hyderabad,Hyderabad,2026-08-20T15:51:27.124880
pay_0dfcd04feafa49,mer_1028,cust_20240,2246.0,INR,wallet,ICICI,captured,none,0,none,6.3,15,3,0,1,2.8,0,0,desktop_chrome,Bengaluru,Bengaluru,2026-08-20T15:53:25.124880
pay_35c5e99aa64042,mer_1007,cust_20190,2987.34,INR,netbanking,HDFC,captured,none,0,none,7.1,15,3,0,1,1.22,0,0,desktop_windows,Ahmedabad,Ahmedabad,2026-08-20T15:56:44.124880
pay_6dc90baadc0842,mer_1006,cust_20140,38134.12,INR,upi,HDFC,captured,none,0,none,34.6,15,3,0,0,9.18,0,0,mobile_ios,Kochi,Kochi,2026-08-20T15:59:19.124880
pay_1d2972d15d344b,mer_1022,cust_20183,1481.22,INR,netbanking,HDFC,captured,none,0,none,12.6,16,3,0,0,1.15,0,0,mobile_android,Jaipur,Jaipur,2026-08-20T16:03:26.124880
pay_f9d5b307b4e047,mer_1033,cust_20381,3971.15,INR,card_credit,HDFC,captured,none,0,none,7.4,16,3,0,1,1.06,0,0,mobile_android,Delhi NCR,Delhi NCR,2026-08-20T16:05:24.124880
pay_0613815c82f746,mer_1022,cust_20062,917.5,INR,card_debit,HDFC,captured,none,0,none,5.6,16,3,0,0,0.34,0,0,mobile_android,Pune,Pune,2026-08-20T16:13:53.124880
pay_01a5d606240343,mer_1037,cust_20057,147.11,INR,card_credit,HDFC,captured,none,0,none,5.5,16,3,0,0,0.05,0,0,desktop_safari,Kochi,Kochi,2026-08-20T16:26:32.124880
pay_f48e2d91883344,mer_1024,cust_20114,5785.87,INR,upi,HDFC,captured,none,0,none,16.9,16,3,0,0,2.25,0,0,desktop_chrome,Pune,Pune,2026-08-20T16:27:06.124880
pay_0e231ef84e554b,mer_1019,cust_20553,3403.65,INR,card_credit,ICICI,captured,none,0,none,14.2,16,3,0,0,2.16,0,0,desktop_safari,Kolkata,Kolkata,2026-08-20T16:41:05.124880
pay_f5c5738f054b4f,mer_1040,cust_20058,37269.05,INR,upi,SBI,captured,none,0,none,38.4,16,3,0,0,10.91,0,0,desktop_chrome,Mumbai,Mumbai,2026-08-20T16:49:50.124880
pay_416fb886747d47,mer_1036,cust_20198,39543.21,INR,upi,ICICI,captured,none,0,none,30.6,17,3,0,1,48.37,0,0,desktop_chrome,Pune,Pune,2026-08-20T17:00:02.124880
pay_9df75ef7862445,mer_1029,cust_20487,1166.72,INR,upi,PAYTM_BANK,captured,none,0,none,17.2,17,3,0,1,0.94,0,0,desktop_safari,Kolkata,Kolkata,2026-08-20T17:00:25.124880
pay_21be49c4747d4f,mer_1025,cust_20106,54146.07,INR,netbanking,HDFC,captured,none,0,none,36.0,17,3,0,0,44.01,1591,0,mobile_ios,Chennai,Hyderabad,2026-08-20T17:14:06.124880
pay_78814791af7a4f,mer_1040,cust_20479,25893.34,INR,upi,HDFC,failed,insufficient_funds,0,none,29.8,17,3,0,0,34.52,0,0,mobile_android,Ahmedabad,Ahmedabad,2026-08-20T17:20:07.124880
pay_cb87c1104aa741,mer_1017,cust_20478,1400.75,INR,upi,HDFC,captured,none,0,none,17.6,17,3,0,0,0.52,776,0,desktop_windows,Chennai,Pune,2026-08-20T17:22:06.124880
pay_d2614db2f0844f,mer_1014,cust_20353,27077.17,INR,upi,PAYTM_BANK,captured,none,0,none,39.2,17,3,0,0,19.02,0,0,mobile_ios,Jaipur,Jaipur,2026-08-20T17:26:19.124880
pay_54883c5cee0343,mer_1021,cust_20346,75454.45,INR,netbanking,ICICI,captured,none,0,none,39.5,17,3,0,0,78.69,0,0,desktop_safari,Hyderabad,Hyderabad,2026-08-20T17:33:35.124880
pay_b9e3a49ff1b748,mer_1027,cust_20121,340.79,INR,netbanking,ICICI,captured,none,0,none,16.8,17,3,0,0,0.52,0,0,mobile_android,Ahmedabad,Ahmedabad,2026-08-20T17:45:17.124880
pay_0c039ec9268c4b,mer_1034,cust_20593,317.95,INR,upi,AXIS,captured,none,0,none,14.1,17,3,0,0,0.05,0,0,mobile_ios,Bengaluru,Bengaluru,2026-08-20T17:54:12.124880
pay_78e530d3993d4d,mer_1001,cust_20425,138.37,INR,netbanking,SBI,captured,none,1,card_testing,84.6,18,3,0,0,0.04,0,0,desktop_safari,Hyderabad,Hyderabad,2026-08-20T18:04:59.124880
pay_3648a203676a46,mer_1037,cust_20027,4485.28,INR,netbanking,AXIS,captured,none,0,none,14.6,18,3,0,1,1.87,0,0,desktop_windows,Kolkata,Kolkata,2026-08-20T18:07:04.124880
pay_e1e7d3264dcb42,mer_1017,cust_20027,2298.94,INR,upi,HDFC,captured,none,0,none,20.0,18,3,1,2,0.96,0,0,mobile_android,Kolkata,Kolkata,2026-08-20T18:24:32.124880
pay_9a368b7303624a,mer_1013,cust_20511,12965.95,INR,card_credit,ICICI,captured,none,0,none,47.7,18,3,0,0,17.48,548,0,mobile_android,Bengaluru,Hyderabad,2026-08-20T18:40:35.124880
pay_4b147787859548,mer_1028,cust_20289,6905.14,INR,upi,HDFC,captured,none,0,none,17.6,18,3,0,0,2.49,318,0,desktop_safari,Delhi NCR,Hyderabad,2026-08-20T18:41:40.124880
pay_c478801da8d048,mer_1008,cust_20353,19900.54,INR,netbanking,ICICI,captured,none,0,none,38.4,18,3,0,1,13.98,0,0,mobile_android,Jaipur,Jaipur,2026-08-20T18:41:40.124880
pay_531f86f78ec24a,mer_1010,cust_20447,906.64,INR,upi,AXIS,captured,none,0,none,5.7,18,3,0,1,0.24,0,0,mobile_android,Delhi NCR,Delhi NCR,2026-08-20T18:45:49.124880
pay_84ef8b2df38644,mer_1028,cust_20484,8459.02,INR,card_credit,SBI,failed,issuer_bank_down,0,none,47.7,18,3,0,0,6.04,1037,0,desktop_safari,Bengaluru,Jaipur,2026-08-20T18:48:01.124880
pay_9c7903372be043,mer_1030,cust_20251,50135.23,INR,upi,KOTAK,captured,none,0,none,30.2,18,3,0,0,17.83,0,0,desktop_windows,Mumbai,Mumbai,2026-08-20T18:49:18.124880
pay_b0067225bb434e,mer_1008,cust_20009,54213.08,INR,netbanking,PAYTM_BANK,captured,none,0,none,25.9,18,3,0,0,49.55,0,0,mobile_ios,Bengaluru,Bengaluru,2026-08-20T18:49:53.124880
pay_9f562898d5ca4d,mer_1013,cust_20420,41890.29,INR,upi,HDFC,captured,none,0,none,39.7,18,3,0,0,79.88,0,0,desktop_windows,Kolkata,Kolkata,2026-08-20T18:57:19.124880
pay_c9da06b80cbe4c,mer_1027,cust_20070,704.77,INR,card_credit,ICICI,captured,none,0,none,17.0,19,3,0,0,0.73,0,0,desktop_chrome,Kochi,Kochi,2026-08-20T19:15:31.124880
pay_abf342d87d5e4f,mer_1031,cust_20549,24308.91,INR,upi,AXIS,captured,none,0,none,38.3,19,3,0,0,20.82,0,0,desktop_chrome,Mumbai,Mumbai,2026-08-20T19:27:39.124880
pay_d378bb93407342,mer_1034,cust_20343,3562.16,INR,card_credit,AXIS,captured,none,0,none,39.7,19,3,0,0,10.32,1076,0,desktop_chrome,Delhi NCR,Ahmedabad,2026-08-20T19:34:55.124880
pay_a57982ed3e3b4f,mer_1038,cust_20002,24696.23,INR,card_debit,AXIS,captured,none,0,none,36.0,19,3,0,0,82.32,0,0,mobile_android,Mumbai,Mumbai,2026-08-20T19:42:39.124880
pay_10de89f3bb9643,mer_1026,cust_20337,1933.48,INR,netbanking,HDFC,captured,none,0,none,27.0,19,3,0,0,5.36,0,0,desktop_windows,Ahmedabad,Ahmedabad,2026-08-20T19:45:55.124880
pay_0842296db43c44,mer_1037,cust_20456,3479.03,INR,upi,KOTAK,failed,auth_timeout,0,none,18.8,19,3,0,1,0.97,0,0,desktop_safari,Pune,Pune,2026-08-20T19:55:02.124880
pay_a7b638ad5a0343,mer_1009,cust_20268,11323.23,INR,upi,HDFC,captured,none,0,none,35.4,19,3,0,0,7.87,0,0,mobile_ios,Ahmedabad,Ahmedabad,2026-08-20T19:58:28.124880
pay_46ce3a1647be45,mer_1026,cust_20543,72007.24,INR,upi,ICICI,captured,none,0,none,26.3,20,3,0,0,193.89,0,0,desktop_chrome,Delhi NCR,Delhi NCR,2026-08-20T20:04:58.124880
pay_b45efadaea6a4e,mer_1004,cust_20221,37323.37,INR,card_debit,HDFC,captured,none,0,none,34.1,20,3,0,0,124.41,0,0,mobile_android,Kolkata,Kolkata,2026-08-20T20:28:07.124880
pay_0acca0c544964a,mer_1029,cust_20443,896.19,INR,card_credit,HDFC,captured,none,0,none,6.0,20,3,0,0,1.33,0,0,mobile_ios,Ahmedabad,Ahmedabad,2026-08-20T20:32:08.124880
pay_c73763c1eb4a4f,mer_1040,cust_20086,22480.0,INR,upi,PAYTM_BANK,captured,none,0,none,32.3,20,3,0,0,22.95,0,0,mobile_android,Ahmedabad,Ahmedabad,2026-08-20T20:50:45.124880
pay_1626fe9da4b348,mer_1012,cust_20183,47685.6,INR,card_debit,ICICI,captured,none,0,none,31.1,20,3,0,1,36.98,0,0,desktop_chrome,Jaipur,Jaipur,2026-08-20T20:58:06.124880
pay_5402f251fe3a45,mer_1034,cust_20295,808.87,INR,card_debit,HDFC,captured,none,0,none,11.8,21,3,0,0,1.74,0,0,desktop_chrome,Delhi NCR,Delhi NCR,2026-08-20T21:27:16.124880
pay_65cd5e7780de4b,mer_1037,cust_20339,3375.72,INR,wallet,ICICI,captured,none,0,none,16.0,21,3,0,0,1.34,0,0,desktop_safari,Kolkata,Kolkata,2026-08-20T21:30:25.124880
pay_f85d59ca388148,mer_1035,cust_20095,11310.05,INR,upi,HDFC,captured,none,0,none,30.7,21,3,0,0,24.01,0,0,desktop_chrome,Kochi,Kochi,2026-08-20T21:31:41.124880
pay_1159797fe33d45,mer_1012,cust_20279,16576.29,INR,upi,KOTAK,captured,none,0,none,39.2,21,3,0,1,16.59,0,0,desktop_chrome,Mumbai,Mumbai,2026-08-20T21:53:36.124880
pay_57d7b837f64b47,mer_1011,cust_20051,41371.78,INR,upi,HDFC,captured,none,0,none,41.6,22,3,0,0,55.74,929,0,mobile_ios,Ahmedabad,Bengaluru,2026-08-20T22:09:18.124880
pay_68e242ed38d44e,mer_1031,cust_20328,27241.5,INR,upi,KOTAK,captured,none,0,none,26.8,22,3,0,1,9.69,0,0,desktop_chrome,Delhi NCR,Delhi NCR,2026-08-20T22:16:29.124880
pay_1365e817dd3a4b,mer_1020,cust_20526,17968.9,INR,upi,ICICI,captured,none,0,none,25.7,23,3,0,0,5.12,0,0,desktop_windows,Jaipur,Jaipur,2026-08-20T23:07:32.124880
pay_320a31d3536b48,mer_1002,cust_20433,22150.68,INR,upi,ICICI,refunded,customer_return,0,none,35.3,0,4,0,0,3.33,0,0,mobile_android,Ahmedabad,Ahmedabad,2026-08-21T00:03:26.124880
pay_6e1afd04010c48,mer_1011,cust_20073,8007.08,INR,card_credit,HDFC,captured,none,0,none,9.9,0,4,0,1,2.86,0,0,desktop_chrome,Mumbai,Mumbai,2026-08-21T00:08:02.124880
pay_2db0a87f101f4f,mer_1040,cust_20021,49549.38,INR,card_debit,ICICI,captured,none,0,none,31.7,0,4,0,0,67.7,297,0,desktop_chrome,Kochi,Bengaluru,2026-08-21T00:11:39.124880
pay_f00ebdd734874c,mer_1008,cust_20296,64915.84,INR,upi,KOTAK,captured,none,0,none,34.9,0,4,0,0,49.2,0,0,mobile_ios,Pune,Pune,2026-08-21T00:19:45.124880
pay_11ecd387f2c143,mer_1016,cust_20173,70417.42,INR,card_credit,KOTAK,captured,none,0,none,25.7,0,4,0,0,26.93,0,0,desktop_windows,Delhi NCR,Delhi NCR,2026-08-21T00:25:01.124880
pay_d646215e2f7248,mer_1032,cust_20259,11504.25,INR,upi,HDFC,captured,none,0,none,28.2,0,4,0,1,14.85,0,0,mobile_ios,Jaipur,Jaipur,2026-08-21T00:47:23.124880
pay_8c1ed229ec7f40,mer_1025,cust_20486,21193.78,INR,wallet,SBI,captured,none,0,none,27.2,0,4,0,0,15.68,0,0,mobile_ios,Chennai,Chennai,2026-08-21T00:55:19.124880
pay_2c972f60e29946,mer_1016,cust_20251,14428.11,INR,upi,SBI,captured,none,0,none,42.5,1,4,0,1,5.13,0,0,mobile_ios,Mumbai,Mumbai,2026-08-21T01:04:30.124880
pay_7275810bb9a344,mer_1023,cust_20541,4587.35,INR,upi,SBI,captured,none,0,none,51.3,1,4,0,0,3.13,0,1,desktop_windows,Jaipur,Jaipur,2026-08-21T01:10:28.124880
pay_3374c0e3017244,mer_1037,cust_20147,3038.46,INR,upi,KOTAK,captured,none,0,none,17.1,1,4,0,0,2.71,0,0,desktop_safari,Mumbai,Mumbai,2026-08-21T01:18:38.124880
pay_b25ce9c7361548,mer_1033,cust_20234,1175.15,INR,upi,SBI,captured,none,0,none,21.6,1,4,0,1,1.76,0,0,mobile_android,Delhi NCR,Delhi NCR,2026-08-21T01:25:23.124880
pay_7032e1dddecc48,mer_1024,cust_20085,2759.63,INR,upi,ICICI,captured,none,0,none,18.3,1,4,0,0,1.03,0,0,desktop_chrome,Ahmedabad,Ahmedabad,2026-08-21T01:28:50.124880
pay_c053360acc084d,mer_1010,cust_20439,2657.76,INR,card_credit,HDFC,captured,none,0,none,24.6,1,4,0,0,1.0,0,0,desktop_safari,Kolkata,Kolkata,2026-08-21T01:32:23.124880
pay_45c4da73014c4c,mer_1015,cust_20505,4258.91,INR,upi,HDFC,captured,none,0,none,20.2,1,4,0,0,2.09,0,0,desktop_safari,Ahmedabad,Ahmedabad,2026-08-21T01:39:15.124880
pay_68279d7cd40641,mer_1025,cust_20388,36525.3,INR,upi,ICICI,captured,none,0,none,38.5,1,4,0,0,20.33,341,0,mobile_android,Chennai,Ahmedabad,2026-08-21T01:55:41.124880
pay_89b993ac7d6348,mer_1026,cust_20171,26520.8,INR,card_debit,SBI,captured,none,0,none,38.6,1,4,0,0,24.03,0,0,desktop_chrome,Delhi NCR,Delhi NCR,2026-08-21T01:55:49.124880
pay_90fc2a32633f4c,mer_1017,cust_20086,641.53,INR,upi,HDFC,captured,none,0,none,39.5,2,4,0,1,0.65,420,1,desktop_safari,Ahmedabad,Delhi NCR,2026-08-21T02:09:54.124880
pay_26ad6f63161a43,mer_1003,cust_20407,98.06,INR,upi,SBI,captured,none,1,card_testing,93.6,2,4,0,0,0.31,0,0,mobile_ios,Mumbai,Mumbai,2026-08-21T02:39:08.124880
pay_ae8ecb6682c64d,mer_1035,cust_20553,53652.62,INR,upi,HDFC,captured,none,0,none,40.0,2,4,0,1,34.08,0,0,desktop_safari,Kolkata,Kolkata,2026-08-21T02:50:57.124880
pay_c15509fe61954f,mer_1006,cust_20089,39008.89,INR,wallet,HDFC,captured,none,0,none,49.0,3,4,0,0,18.61,0,0,mobile_ios,Ahmedabad,Ahmedabad,2026-08-21T03:06:39.124880
pay_823d7965bb7c45,mer_1024,cust_20195,5752.74,INR,upi,SBI,captured,none,0,none,26.3,3,4,0,0,2.27,0,0,mobile_ios,Chennai,Chennai,2026-08-21T03:30:11.124880
pay_34d6ff0ec98142,mer_1026,cust_20331,23341.1,INR,card_debit,HDFC,captured,none,0,none,40.7,3,4,0,0,35.66,0,0,desktop_windows,Hyderabad,Hyderabad,2026-08-21T03:53:45.124880
pay_3afc6d6e95e649,mer_1008,cust_20076,38454.66,INR,upi,PAYTM_BANK,captured,none,0,none,46.7,4,4,0,0,25.97,0,0,desktop_safari,Pune,Pune,2026-08-21T04:09:55.124880
pay_2e1be121fc7140,mer_1039,cust_20484,3830.44,INR,card_credit,ICICI,captured,none,0,none,22.6,4,4,0,1,2.74,156,0,mobile_ios,Bengaluru,Ahmedabad,2026-08-21T04:19:48.124880
pay_39df5ef18fb949,mer_1035,cust_20314,64716.55,INR,card_debit,SBI,captured,none,0,none,49.5,4,4,0,0,169.65,0,0,desktop_safari,Delhi NCR,Delhi NCR,2026-08-21T04:45:39.124880
pay_cf4a4c800dd44b,mer_1014,cust_20576,23713.63,INR,upi,SBI,captured,none,0,none,47.3,4,4,0,0,47.31,0,0,desktop_chrome,Jaipur,Jaipur,2026-08-21T04:51:53.124880
pay_39ef5d66f2164c,mer_1016,cust_20432,9687.98,INR,upi,HDFC,captured,none,0,none,26.9,5,4,0,1,5.18,0,0,desktop_windows,Hyderabad,Hyderabad,2026-08-21T05:02:10.124880
pay_d5bbb1eb25954e,mer_1007,cust_20041,11966.29,INR,upi,ICICI,captured,none,0,none,29.2,5,4,0,1,5.48,0,0,desktop_windows,Mumbai,Mumbai,2026-08-21T05:03:07.124880
pay_38292c44976e4d,mer_1010,cust_20035,8652.51,INR,card_credit,SBI,failed,auth_timeout,0,none,29.6,5,4,0,0,5.15,0,0,mobile_ios,Delhi NCR,Delhi NCR,2026-08-21T05:25:46.124880
pay_65c843d204f74d,mer_1013,cust_20079,43224.29,INR,card_credit,AXIS,captured,none,0,none,26.2,5,4,0,0,11.25,0,0,desktop_safari,Mumbai,Mumbai,2026-08-21T05:33:50.124880
pay_64373717cc1644,mer_1031,cust_20183,22103.92,INR,card_credit,ICICI,captured,none,0,none,25.6,5,4,0,2,17.14,0,0,mobile_ios,Jaipur,Jaipur,2026-08-21T05:54:04.124880
pay_4b63ae65653d4b,mer_1018,cust_20317,6835.96,INR,card_debit,KOTAK,captured,none,0,none,11.2,5,4,0,0,2.01,0,0,desktop_chrome,Jaipur,Jaipur,2026-08-21T05:59:04.124880
pay_d3a0ed2e28fa42,mer_1005,cust_20408,45440.91,INR,upi,SBI,captured,none,0,none,34.9,6,4,0,0,78.13,0,0,mobile_android,Mumbai,Mumbai,2026-08-21T06:07:01.124880
pay_49e2661f536342,mer_1031,cust_20382,20714.41,INR,upi,ICICI,refunded,customer_return,0,none,48.5,6,4,0,0,69.05,0,1,mobile_ios,Delhi NCR,Delhi NCR,2026-08-21T06:07:56.124880
pay_3a257afe1b064e,mer_1029,cust_20569,2029.5,INR,upi,HDFC,captured,none,0,none,14.8,6,4,0,0,2.63,0,0,desktop_chrome,Mumbai,Mumbai,2026-08-21T06:14:05.124880
pay_9d429ee01a1d47,mer_1015,cust_20299,1783.12,INR,netbanking,HDFC,failed,issuer_bank_down,0,none,30.9,6,4,0,0,3.4,0,0,mobile_ios,Chennai,Chennai,2026-08-21T06:34:43.124880
pay_95949ce1253847,mer_1022,cust_20449,3244.8,INR,upi,HDFC,captured,none,0,none,29.7,6,4,0,0,8.9,0,0,mobile_android,Chennai,Chennai,2026-08-21T06:51:06.124880
pay_23cfa7cafd0f4c,mer_1040,cust_20550,43282.71,INR,card_debit,KOTAK,captured,none,0,none,39.2,6,4,0,0,37.72,0,0,mobile_android,Jaipur,Jaipur,2026-08-21T06:58:15.124880
pay_0678f86fd76c4a,mer_1001,cust_20154,4432.47,INR,card_debit,ICICI,captured,none,0,none,31.4,7,4,0,0,11.39,0,0,mobile_android,Kochi,Kochi,2026-08-21T07:00:17.124880
pay_9ed315f2fa3849,mer_1028,cust_20118,13120.47,INR,upi,ICICI,captured,none,0,none,31.4,7,4,0,0,6.32,0,0,desktop_chrome,Kolkata,Kolkata,2026-08-21T07:03:22.124880
pay_eaec9f961c7142,mer_1011,cust_20444,24336.58,INR,upi,SBI,captured,none,0,none,35.7,7,4,0,0,29.68,0,0,desktop_safari,Mumbai,Mumbai,2026-08-21T07:16:30.124880
pay_0d105a4e34934a,mer_1012,cust_20341,20321.89,INR,card_credit,AXIS,captured,none,0,none,32.4,7,4,0,0,3.5,0,0,desktop_windows,Bengaluru,Bengaluru,2026-08-21T07:16:50.124880
pay_3109b81179444e,mer_1025,cust_20524,87530.26,INR,upi,KOTAK,captured,none,0,none,39.2,7,4,0,0,66.67,0,0,mobile_ios,Pune,Pune,2026-08-21T07:25:44.124880
pay_ad48e98c0eff4b,mer_1027,cust_20376,930.54,INR,upi,AXIS,captured,none,0,none,18.3,7,4,0,0,0.9,0,0,desktop_safari,Kochi,Kochi,2026-08-21T07:40:40.124880
pay_8c8b53e1a08b4b,mer_1004,cust_20149,4046.38,INR,card_credit,HDFC,captured,none,0,none,16.3,7,4,0,0,2.0,1099,0,mobile_android,Chennai,Ahmedabad,2026-08-21T07:43:32.124880
pay_b29dda35880b43,mer_1024,cust_20200,3217.24,INR,upi,ICICI,captured,none,0,none,6.9,8,4,0,0,1.9,0,0,mobile_android,Delhi NCR,Delhi NCR,2026-08-21T08:12:38.124880
pay_f55227f58be249,mer_1025,cust_20205,28168.83,INR,upi,ICICI,captured,none,0,none,45.3,8,4,0,0,31.67,1071,0,desktop_safari,Bengaluru,Kolkata,2026-08-21T08:13:27.124880
pay_c6bd5ecf785248,mer_1003,cust_20432,621.16,INR,upi,ICICI,captured,none,0,none,6.0,8,4,0,2,0.33,0,0,desktop_safari,Hyderabad,Hyderabad,2026-08-21T08:23:42.124880
pay_8c0e114ad37449,mer_1020,cust_20123,25767.34,INR,upi,HDFC,captured,none,0,none,30.2,8,4,0,0,12.14,0,0,mobile_android,Bengaluru,Bengaluru,2026-08-21T08:35:06.124880
pay_dd32d0fd876c4a,mer_1027,cust_20211,2190.68,INR,card_debit,SBI,captured,none,0,none,34.7,8,4,0,0,5.55,0,0,mobile_ios,Bengaluru,Bengaluru,2026-08-21T08:41:58.124880
pay_0c0125c0009d4e,mer_1013,cust_20220,8377.85,INR,upi,PAYTM_BANK,captured,none,0,none,30.9,8,4,0,0,4.27,0,0,mobile_android,Kochi,Kochi,2026-08-21T08:49:03.124880
pay_e0415f13d6f64f,mer_1035,cust_20045,51327.3,INR,upi,ICICI,captured,none,0,none,28.5,8,4,0,0,53.59,178,0,desktop_safari,Hyderabad,Kochi,2026-08-21T08:57:47.124880
pay_ffb3daf333474d,mer_1005,cust_20598,16022.97,INR,card_credit,ICICI,captured,none,0,none,33.4,9,4,0,0,3.7,0,0,desktop_safari,Ahmedabad,Ahmedabad,2026-08-21T09:07:16.124880
pay_4fe123164cc948,mer_1040,cust_20575,12083.77,INR,netbanking,ICICI,captured,none,0,none,35.8,9,4,0,0,15.81,0,0,desktop_chrome,Pune,Pune,2026-08-21T09:10:40.124880
pay_ad6873d002d44f,mer_1003,cust_20534,1803.04,INR,card_credit,SBI,captured,none,0,none,19.6,9,4,0,0,2.29,0,0,desktop_windows,Kolkata,Kolkata,2026-08-21T09:29:45.124880
pay_83c4ea0adcff40,mer_1027,cust_20580,3954.82,INR,upi,HDFC,captured,none,0,none,16.4,9,4,0,0,0.75,0,0,mobile_ios,Delhi NCR,Delhi NCR,2026-08-21T09:30:02.124880
pay_4319967dfa664b,mer_1017,cust_20285,1298.96,INR,upi,ICICI,captured,none,0,none,6.7,9,4,0,0,0.53,0,0,mobile_android,Hyderabad,Hyderabad,2026-08-21T09:53:04.124880
pay_3e166add7bdf48,mer_1040,cust_20112,24513.68,INR,upi,ICICI,captured,none,0,none,35.4,10,4,0,0,10.97,0,0,desktop_chrome,Pune,Pune,2026-08-21T10:04:50.124880
pay_d6761e7dc1c344,mer_1028,cust_20017,12329.26,INR,card_credit,PAYTM_BANK,captured,none,0,none,27.5,10,4,0,0,13.33,0,0,desktop_safari,Hyderabad,Hyderabad,2026-08-21T10:14:48.124880
pay_3c8b29797f4647,mer_1010,cust_20272,4754.49,INR,netbanking,SBI,captured,none,0,none,19.7,10,4,0,0,1.04,0,0,desktop_safari,Ahmedabad,Ahmedabad,2026-08-21T10:30:48.124880
pay_d22270d4921d41,mer_1002,cust_20020,48274.89,INR,upi,HDFC,failed,issuer_bank_down,0,none,33.4,10,4,0,0,17.8,0,0,desktop_safari,Pune,Pune,2026-08-21T10:34:49.124880
pay_9c627df8fe3e41,mer_1002,cust_20085,13411.72,INR,upi,ICICI,captured,none,0,none,37.0,10,4,0,1,4.98,0,0,desktop_windows,Ahmedabad,Ahmedabad,2026-08-21T10:48:10.124880
pay_e21e059febff49,mer_1009,cust_20514,28437.06,INR,card_credit,HDFC,captured,none,0,none,34.9,11,4,0,0,11.11,0,0,mobile_ios,Pune,Pune,2026-08-21T11:33:48.124880
pay_1403f1ddf7c94e,mer_1032,cust_20294,14805.67,INR,upi,ICICI,failed,issuer_bank_down,0,none,36.0,12,4,0,0,10.08,0,0,desktop_windows,Kochi,Kochi,2026-08-21T12:13:09.124880
pay_dac26a8b9ce84a,mer_1015,cust_20345,4514.62,INR,card_credit,PAYTM_BANK,captured,none,0,none,6.5,12,4,0,0,1.45,0,0,desktop_safari,Delhi NCR,Delhi NCR,2026-08-21T12:20:30.124880
pay_99dbdc20094548,mer_1008,cust_20109,62700.76,INR,upi,PAYTM_BANK,captured,none,0,none,34.5,12,4,0,0,7.57,0,0,desktop_windows,Delhi NCR,Delhi NCR,2026-08-21T12:33:13.124880
pay_62fbbafc1c9f4e,mer_1011,cust_20385,13133.8,INR,card_credit,SBI,captured,none,0,none,32.7,12,4,0,0,3.96,0,0,desktop_chrome,Hyderabad,Hyderabad,2026-08-21T12:42:13.124880
pay_4fdc14abd4924a,mer_1040,cust_20346,7826.58,INR,netbanking,KOTAK,captured,none,0,none,39.3,13,4,0,1,8.16,0,0,mobile_ios,Hyderabad,Hyderabad,2026-08-21T13:00:19.124880
pay_69cfa74794ed4e,mer_1020,cust_20190,21743.6,INR,card_debit,HDFC,refunded,customer_return,0,none,38.1,13,4,0,1,8.88,0,0,desktop_safari,Ahmedabad,Ahmedabad,2026-08-21T13:02:10.124880
pay_f68db07710494f,mer_1037,cust_20547,4124.57,INR,card_credit,KOTAK,failed,insufficient_funds,0,none,13.7,13,4,0,1,2.01,0,0,mobile_android,Bengaluru,Bengaluru,2026-08-21T13:10:12.124880
pay_82b1d1f6050c45,mer_1020,cust_20251,23096.2,INR,card_debit,HDFC,captured,none,0,none,35.4,13,4,0,2,8.21,0,0,desktop_windows,Mumbai,Mumbai,2026-08-21T13:13:56.124880
pay_658155e1f57045,mer_1033,cust_20277,1777.95,INR,upi,HDFC,refunded,customer_return,0,none,5.1,13,4,0,0,1.5,0,0,desktop_safari,Ahmedabad,Ahmedabad,2026-08-21T13:17:03.124880
pay_02c789c5fa5747,mer_1011,cust_20054,26433.56,INR,card_debit,HDFC,captured,none,0,none,33.6,13,4,0,1,5.77,0,0,desktop_windows,Hyderabad,Hyderabad,2026-08-21T13:20:56.124880
pay_e8b65a3d363f42,mer_1018,cust_20058,15004.72,INR,upi,ICICI,captured,none,0,none,42.0,13,4,0,1,4.39,1257,0,desktop_safari,Mumbai,Kolkata,2026-08-21T13:21:02.124880
pay_f5ce2b087c8b4a,mer_1024,cust_20033,4842.14,INR,upi,HDFC,captured,none,0,none,25.4,13,4,0,0,2.19,0,1,desktop_safari,Chennai,Chennai,2026-08-21T13:27:59.124880
pay_276d72a083ff46,mer_1024,cust_20239,752.61,INR,upi,AXIS,captured,none,0,none,8.5,13,4,0,0,0.75,0,0,mobile_android,Chennai,Chennai,2026-08-21T13:39:30.124880
pay_c8d236060b2c40,mer_1040,cust_20580,9900.07,INR,netbanking,HDFC,captured,none,0,none,6.7,13,4,0,1,1.87,0,0,mobile_android,Delhi NCR,Delhi NCR,2026-08-21T13:40:35.124880
pay_b8828baa6caf49,mer_1018,cust_20177,5390.37,INR,card_credit,HDFC,captured,none,0,none,27.2,13,4,0,1,6.44,0,0,mobile_android,Delhi NCR,Delhi NCR,2026-08-21T13:46:41.124880
pay_3cfd2bad3c8d47,mer_1038,cust_20273,28089.35,INR,upi,AXIS,failed,insufficient_funds,0,none,47.7,13,4,0,0,25.64,1739,0,desktop_windows,Ahmedabad,Kolkata,2026-08-21T13:52:41.124880
pay_30420ae9e8c844,mer_1011,cust_20062,12960.32,INR,netbanking,AXIS,captured,none,0,none,34.1,14,4,0,1,4.84,0,0,desktop_chrome,Pune,Pune,2026-08-21T14:06:24.124880
pay_260ecb3993df4c,mer_1022,cust_20495,1485.92,INR,upi,HDFC,captured,none,0,none,14.9,14,4,0,0,0.99,0,0,mobile_android,Kochi,Kochi,2026-08-21T14:14:48.124880
pay_0902347ed7f84c,mer_1015,cust_20489,1852.15,INR,upi,ICICI,captured,none,0,none,35.5,14,4,0,0,4.12,0,0,mobile_ios,Hyderabad,Hyderabad,2026-08-21T14:23:50.124880
pay_67c655733b0249,mer_1005,cust_20048,45326.28,INR,upi,SBI,captured,none,0,none,26.5,14,4,0,0,77.24,0,0,desktop_chrome,Bengaluru,Bengaluru,2026-08-21T14:36:47.124880
pay_751c4750870043,mer_1013,cust_20335,24231.36,INR,netbanking,HDFC,captured,none,0,none,32.7,14,4,0,0,18.29,338,0,desktop_chrome,Hyderabad,Kochi,2026-08-21T14:38:50.124880
pay_e3075ebea2d146,mer_1039,cust_20369,13268.41,INR,card_credit,KOTAK,captured,none,0,none,11.3,14,4,0,0,1.71,0,0,desktop_chrome,Kolkata,Kolkata,2026-08-21T14:48:31.124880
pay_0a4f9c31abad44,mer_1012,cust_20197,4368.07,INR,netbanking,SBI,captured,none,0,none,32.2,14,4,0,0,8.15,0,0,desktop_safari,Ahmedabad,Ahmedabad,2026-08-21T14:59:50.124880
pay_d36e5216dda049,mer_1003,cust_20531,3257.42,INR,upi,HDFC,captured,none,0,none,39.4,15,4,0,0,3.71,1163,0,desktop_windows,Mumbai,Ahmedabad,2026-08-21T15:00:45.124880
pay_3e99c3be6c4f43,mer_1020,cust_20407,16953.19,INR,upi,SBI,captured,none,0,none,39.3,15,4,0,1,53.6,0,0,mobile_android,Mumbai,Mumbai,2026-08-21T15:02:45.124880
pay_4b7c5109d8a948,mer_1039,cust_20455,22415.57,INR,upi,KOTAK,captured,none,0,none,40.2,15,4,0,0,16.61,1369,0,mobile_ios,Hyderabad,Jaipur,2026-08-21T15:35:29.124880
pay_0c9116a45b6147,mer_1039,cust_20508,11207.07,INR,card_credit,HDFC,captured,none,0,none,37.9,15,4,0,0,10.95,0,0,desktop_windows,Hyderabad,Hyderabad,2026-08-21T15:49:27.124880
pay_70093a6d82c449,mer_1019,cust_20592,796.48,INR,card_debit,ICICI,captured,none,0,none,7.2,15,4,0,0,0.33,0,0,desktop_windows,Hyderabad,Hyderabad,2026-08-21T15:52:49.124880
pay_2906c02cdb5147,mer_1002,cust_20142,73157.45,INR,upi,PAYTM_BANK,captured,none,0,none,29.7,15,4,0,0,69.36,0,0,desktop_windows,Mumbai,Mumbai,2026-08-21T15:59:26.124880
pay_f5894251298142,mer_1003,cust_20110,3489.09,INR,upi,AXIS,captured,none,0,none,42.2,16,4,0,0,3.22,1527,0,mobile_android,Kochi,Delhi NCR,2026-08-21T16:17:27.124880
pay_3b4f8f453b4048,mer_1017,cust_20100,575.01,INR,card_credit,KOTAK,captured,none,0,none,15.7,16,4,0,0,0.15,0,0,mobile_android,Kolkata,Kolkata,2026-08-21T16:18:16.124880
pay_25c9fcac305a44,mer_1002,cust_20182,7803.33,INR,netbanking,SBI,captured,none,0,none,31.9,16,4,0,0,26.01,0,0,desktop_chrome,Pune,Pune,2026-08-21T16:21:37.124880
pay_424e7193ec324e,mer_1010,cust_20484,3363.91,INR,upi,KOTAK,captured,none,0,none,19.1,16,4,0,2,2.4,450,0,desktop_safari,Bengaluru,Ahmedabad,2026-08-21T16:33:32.124880
pay_acc079b3f31946,mer_1031,cust_20029,36162.43,INR,card_credit,HDFC,captured,none,0,none,34.9,16,4,0,0,37.42,0,0,mobile_ios,Chennai,Chennai,2026-08-21T16:48:09.124880
pay_772f4a5f66fd41,mer_1025,cust_20196,71500.19,INR,card_credit,ICICI,captured,none,0,none,39.8,16,4,0,0,23.5,590,0,desktop_windows,Delhi NCR,Mumbai,2026-08-21T16:55:35.124880
pay_e6156d0188ab48,mer_1019,cust_20320,916.7,INR,wallet,HDFC,captured,none,0,none,18.2,17,4,0,0,0.5,0,0,desktop_safari,Kolkata,Kolkata,2026-08-21T17:07:57.124880
pay_16db5bcfa79f49,mer_1010,cust_20036,532.37,INR,card_credit,PAYTM_BANK,failed,issuer_bank_down,0,none,17.2,17,4,0,0,0.15,0,0,desktop_safari,Kolkata,Kolkata,2026-08-21T17:17:18.124880
pay_daef899828ca4e,mer_1034,cust_20047,2559.32,INR,card_debit,HDFC,captured,none,0,none,8.8,17,4,0,0,1.73,0,0,desktop_safari,Chennai,Chennai,2026-08-21T17:19:19.124880
pay_ae9f14336a194e,mer_1006,cust_20327,25442.82,INR,netbanking,PAYTM_BANK,captured,none,0,none,46.4,17,4,0,0,84.81,1160,0,mobile_android,Pune,Delhi NCR,2026-08-21T17:34:23.124880
pay_d8eff346fcf342,mer_1006,cust_20245,41577.64,INR,upi,HDFC,captured,none,0,none,37.6,17,4,0,0,75.0,0,0,mobile_ios,Mumbai,Mumbai,2026-08-21T17:45:01.124880
pay_4a5351e89e2349,mer_1038,cust_20468,5338.52,INR,card_credit,KOTAK,captured,none,0,none,45.6,17,4,0,0,4.21,1122,0,desktop_safari,Delhi NCR,Bengaluru,2026-08-21T17:55:06.124880
pay_10bfafe38b2f4f,mer_1030,cust_20113,91185.31,INR,card_credit,SBI,captured,none,0,none,29.1,18,4,0,0,164.14,0,0,desktop_safari,Kolkata,Kolkata,2026-08-21T18:13:42.124880
pay_d0b355a8ba194a,mer_1028,cust_20559,6072.43,INR,upi,SBI,captured,none,0,none,27.1,18,4,0,0,5.04,480,0,mobile_android,Ahmedabad,Hyderabad,2026-08-21T18:22:08.124880
pay_a18b636806cc4b,mer_1023,cust_20127,8485.65,INR,card_debit,AXIS,captured,none,0,none,28.1,18,4,0,0,7.1,0,0,mobile_ios,Kolkata,Kolkata,2026-08-21T18:42:35.124880
pay_118e0b4b1b6747,mer_1017,cust_20582,737.61,INR,card_credit,ICICI,captured,none,0,none,13.1,19,4,0,0,0.99,0,0,desktop_safari,Pune,Pune,2026-08-21T19:05:07.124880
pay_59a82970946245,mer_1008,cust_20132,63431.74,INR,upi,HDFC,captured,none,0,none,32.5,19,4,0,0,8.3,0,0,mobile_android,Ahmedabad,Ahmedabad,2026-08-21T19:07:47.124880
pay_7a192472a7fe4e,mer_1031,cust_20104,28705.9,INR,netbanking,SBI,captured,none,0,none,35.3,19,4,0,0,21.6,0,0,desktop_safari,Hyderabad,Hyderabad,2026-08-21T19:25:13.124880
pay_30c570bd580f48,mer_1039,cust_20519,27331.47,INR,upi,SBI,captured,none,0,none,26.8,19,4,0,0,18.54,0,0,desktop_windows,Bengaluru,Bengaluru,2026-08-21T19:44:48.124880
pay_33e24e4be0aa4a,mer_1005,cust_20083,56952.22,INR,netbanking,HDFC,captured,none,0,none,40.3,20,4,0,0,36.74,1632,0,mobile_ios,Chennai,Mumbai,2026-08-21T20:10:50.124880
pay_4ea067b23bff4f,mer_1039,cust_20581,42744.72,INR,card_debit,SBI,captured,none,0,none,39.7,20,4,0,0,77.47,0,0,mobile_ios,Hyderabad,Hyderabad,2026-08-21T20:39:10.124880
pay_48cbdda1028c4a,mer_1028,cust_20426,1255.21,INR,card_debit,ICICI,captured,none,0,none,9.2,20,4,0,0,0.58,0,0,mobile_ios,Jaipur,Jaipur,2026-08-21T20:51:45.124880
pay_2264bbed4cd441,mer_1030,cust_20075,39524.58,INR,card_credit,AXIS,captured,none,0,none,31.5,20,4,0,0,16.02,0,0,desktop_safari,Hyderabad,Hyderabad,2026-08-21T20:52:09.124880
pay_26262b4e10044a,mer_1021,cust_20394,22798.78,INR,upi,PAYTM_BANK,captured,none,0,none,29.6,20,4,0,0,7.42,0,0,mobile_android,Chennai,Chennai,2026-08-21T20:57:38.124880
pay_d67a17da720d4d,mer_1008,cust_20208,37541.98,INR,wallet,ICICI,captured,none,0,none,40.1,21,4,0,0,42.04,1779,0,desktop_safari,Chennai,Pune,2026-08-21T21:03:00.124880
pay_14f2885a8f0f4c,mer_1038,cust_20374,33992.75,INR,card_credit,PAYTM_BANK,captured,none,0,none,40.0,21,4,0,0,28.07,0,0,mobile_ios,Hyderabad,Hyderabad,2026-08-21T21:05:41.124880
pay_22b6b23343c243,mer_1019,cust_20215,2562.72,INR,upi,HDFC,captured,none,0,none,38.5,21,4,0,0,4.44,0,0,desktop_safari,Jaipur,Jaipur,2026-08-21T21:30:43.124880
pay_d52c78cd6fac43,mer_1034,cust_20210,3599.89,INR,wallet,AXIS,refunded,customer_return,0,none,34.6,21,4,0,0,6.79,0,0,mobile_android,Bengaluru,Bengaluru,2026-08-21T21:30:45.124880
pay_d30d9457fef44a,mer_1005,cust_20045,4403.93,INR,card_credit,ICICI,captured,none,0,none,27.0,21,4,0,1,4.6,0,0,desktop_chrome,Hyderabad,Hyderabad,2026-08-21T21:32:41.124880
pay_2f320aea756942,mer_1002,cust_20550,11315.36,INR,upi,HDFC,captured,none,0,none,28.9,21,4,0,1,9.86,0,0,desktop_chrome,Jaipur,Jaipur,2026-08-21T21:36:53.124880
pay_dcae4503384445,mer_1037,cust_20386,2434.7,INR,card_credit,AXIS,captured,none,0,none,5.9,21,4,0,0,1.61,0,0,desktop_safari,Ahmedabad,Ahmedabad,2026-08-21T21:41:48.124880
pay_17a65d9bbca24c,mer_1019,cust_20201,1745.45,INR,upi,HDFC,captured,none,0,none,18.6,21,4,0,0,1.26,253,0,mobile_ios,Mumbai,Kolkata,2026-08-21T21:46:49.124880
pay_4e0f8417449244,mer_1028,cust_20505,5872.71,INR,netbanking,SBI,captured,none,0,none,6.0,22,4,0,1,2.89,0,0,mobile_android,Ahmedabad,Ahmedabad,2026-08-21T22:21:28.124880
pay_f9aafafd1e834e,mer_1020,cust_20536,33750.58,INR,card_credit,HDFC,captured,none,0,none,34.9,22,4,0,0,25.12,0,0,desktop_windows,Bengaluru,Bengaluru,2026-08-21T22:37:03.124880
pay_aaaa484092a24b,mer_1008,cust_20079,59334.64,INR,card_debit,HDFC,captured,none,0,none,31.4,22,4,0,1,15.45,0,0,mobile_android,Mumbai,Mumbai,2026-08-21T22:37:10.124880
pay_32bb006bc4de4b,mer_1001,cust_20257,4097.33,INR,upi,KOTAK,failed,issuer_bank_down,0,none,18.7,22,4,0,0,2.45,0,0,mobile_ios,Hyderabad,Hyderabad,2026-08-21T22:40:04.124880
pay_bc919fa8168449,mer_1009,cust_20534,30619.13,INR,card_debit,SBI,captured,none,0,none,33.9,22,4,0,1,38.97,0,0,mobile_ios,Kolkata,Kolkata,2026-08-21T22:59:53.124880
pay_ba6097cc144d46,mer_1012,cust_20066,25665.32,INR,upi,AXIS,captured,none,0,none,31.0,23,4,0,0,20.6,0,0,mobile_ios,Ahmedabad,Ahmedabad,2026-08-21T23:09:52.124880
pay_75fe953589c34c,mer_1012,cust_20047,65.23,INR,upi,AXIS,captured,none,1,card_testing,76.6,23,4,0,1,0.04,0,0,desktop_windows,Chennai,Chennai,2026-08-21T23:10:53.124880
pay_ee5899e1718d45,mer_1005,cust_20122,27387.97,INR,card_credit,HDFC,captured,none,0,none,32.0,23,4,0,0,17.08,0,0,desktop_chrome,Hyderabad,Hyderabad,2026-08-21T23:15:23.124880
pay_d880f009baf745,mer_1029,cust_20094,317.08,INR,card_credit,HDFC,captured,none,0,none,12.7,23,4,0,0,0.07,0,0,desktop_safari,Chennai,Chennai,2026-08-21T23:54:06.124880
pay_1eef4a3f7e804c,mer_1040,cust_20026,27109.86,INR,card_credit,HDFC,captured,none,0,none,37.5,0,5,0,0,31.16,0,0,mobile_android,Kochi,Kochi,2026-08-22T00:01:36.124880
pay_4f494bf48cf248,mer_1025,cust_20284,47697.9,INR,wallet,AXIS,captured,none,0,none,31.1,0,5,0,0,21.99,0,0,mobile_ios,Hyderabad,Hyderabad,2026-08-22T00:19:24.124880
pay_b89b582c7f2946,mer_1015,cust_20426,2917.64,INR,upi,HDFC,captured,none,0,none,11.7,0,5,0,1,1.35,0,0,desktop_windows,Jaipur,Jaipur,2026-08-22T00:48:26.124880
pay_6d735d5a0c6543,mer_1012,cust_20422,26582.78,INR,upi,AXIS,captured,none,0,none,34.3,0,5,0,0,64.5,0,0,desktop_chrome,Hyderabad,Hyderabad,2026-08-22T00:54:13.124880
pay_87f0058d996545,mer_1003,cust_20555,354.43,INR,upi,HDFC,captured,none,0,none,11.5,0,5,0,0,0.14,0,0,mobile_ios,Mumbai,Mumbai,2026-08-22T00:57:26.124880
pay_31dfbfccdf9847,mer_1013,cust_20392,3714.49,INR,upi,AXIS,refunded,customer_return,0,none,21.3,1,5,0,0,2.9,0,0,desktop_windows,Jaipur,Jaipur,2026-08-22T01:03:46.124880
pay_b13dd09f3fc542,mer_1040,cust_20525,32081.68,INR,card_debit,HDFC,captured,none,0,none,37.1,1,5,0,0,106.94,0,0,mobile_android,Jaipur,Jaipur,2026-08-22T01:24:08.124880
pay_3589603e86c342,mer_1013,cust_20590,15380.62,INR,card_credit,ICICI,captured,none,0,none,44.3,1,5,0,0,3.63,0,0,desktop_chrome,Pune,Pune,2026-08-22T01:24:12.124880
pay_f1dacbc4efe947,mer_1001,cust_20594,3182.54,INR,upi,SBI,captured,none,0,none,27.6,1,5,0,0,2.2,0,0,mobile_android,Pune,Pune,2026-08-22T01:34:08.124880
pay_da2f92905cb342,mer_1026,cust_20138,8990.79,INR,card_credit,ICICI,failed,issuer_bank_down,0,none,47.7,1,5,0,0,5.77,0,0,desktop_windows,Delhi NCR,Delhi NCR,2026-08-22T01:40:56.124880
pay_f3358665388c4b,mer_1011,cust_20283,21618.41,INR,upi,KOTAK,captured,none,0,none,35.8,1,5,0,0,4.6,0,0,desktop_safari,Pune,Pune,2026-08-22T01:52:04.124880
pay_6b378829f69349,mer_1040,cust_20068,42525.2,INR,upi,SBI,captured,none,0,none,44.5,2,5,0,0,21.67,0,0,desktop_chrome,Chennai,Chennai,2026-08-22T02:11:05.124880
pay_21697631d6ec4d,mer_1003,cust_20208,3336.35,INR,upi,PAYTM_BANK,captured,none,0,none,49.5,2,5,0,1,3.74,0,0,mobile_android,Chennai,Chennai,2026-08-22T02:13:36.124880
pay_2771b69906ba4c,mer_1003,cust_20343,1377.81,INR,netbanking,HDFC,captured,none,0,none,35.9,2,5,0,0,3.99,0,0,desktop_chrome,Delhi NCR,Delhi NCR,2026-08-22T02:15:25.124880
pay_27c32f972c2242,mer_1014,cust_20412,12343.31,INR,netbanking,KOTAK,captured,none,0,none,44.8,2,5,0,0,21.92,0,0,desktop_windows,Mumbai,Mumbai,2026-08-22T02:35:14.124880
pay_941b6e5b40ff46,mer_1015,cust_20258,390.25,INR,wallet,HDFC,captured,none,0,none,29.2,2,5,0,0,0.54,0,0,mobile_android,Kochi,Kochi,2026-08-22T02:35:40.124880
pay_cfd0636b1d144d,mer_1019,cust_20217,207.75,INR,card_credit,AXIS,captured,none,0,none,27.8,2,5,0,0,0.23,0,0,desktop_safari,Delhi NCR,Delhi NCR,2026-08-22T02:38:30.124880
pay_1545ed7ef0d34f,mer_1036,cust_20181,41844.28,INR,upi,ICICI,captured,none,0,none,39.2,2,5,0,0,11.97,0,0,mobile_android,Ahmedabad,Ahmedabad,2026-08-22T02:51:10.124880
pay_91935ae6f22b4c,mer_1005,cust_20094,27367.63,INR,upi,HDFC,captured,none,0,none,37.0,2,5,0,1,6.09,0,0,desktop_safari,Chennai,Chennai,2026-08-22T02:56:44.124880
pay_9478e7f07b6948,mer_1038,cust_20163,38897.36,INR,card_debit,SBI,captured,none,0,none,36.5,2,5,0,0,8.78,0,0,desktop_safari,Chennai,Chennai,2026-08-22T02:59:38.124880
pay_73d970371dbc46,mer_1006,cust_20025,26106.49,INR,card_debit,SBI,captured,none,0,none,38.4,3,5,0,0,33.12,0,0,desktop_safari,Chennai,Chennai,2026-08-22T03:00:46.124880
pay_e6681ee56a4944,mer_1031,cust_20365,15910.62,INR,upi,ICICI,failed,risk_blocked,1,account_takeover,79.8,3,5,0,0,6.89,0,1,desktop_safari,Pune,Pune,2026-08-22T03:05:13.124880
pay_51ef8b9c4c6448,mer_1024,cust_20070,1090.53,INR,upi,KOTAK,captured,none,0,none,27.6,3,5,0,0,1.13,0,0,desktop_chrome,Kochi,Kochi,2026-08-22T03:37:07.124880
pay_69e3b9daca8743,mer_1004,cust_20251,6594.12,INR,upi,SBI,captured,none,0,none,17.7,3,5,0,1,2.35,0,0,desktop_chrome,Mumbai,Mumbai,2026-08-22T03:55:56.124880
pay_5ad1e4b192084f,mer_1001,cust_20482,660.13,INR,upi,HDFC,captured,none,0,none,19.3,4,5,0,0,0.35,0,0,desktop_safari,Hyderabad,Hyderabad,2026-08-22T04:21:38.124880
pay_1a81a3c7884148,mer_1013,cust_20534,22974.55,INR,upi,HDFC,captured,none,0,none,47.1,4,5,0,2,29.24,0,0,mobile_android,Kolkata,Kolkata,2026-08-22T04:24:19.124880
pay_547ae289b2ab4c,mer_1002,cust_20594,64041.29,INR,card_credit,KOTAK,captured,none,0,none,47.9,4,5,0,1,44.27,0,0,mobile_ios,Pune,Pune,2026-08-22T04:34:42.124880
pay_6e0f2659e0384f,mer_1030,cust_20290,6323.4,INR,upi,HDFC,captured,none,0,none,17.8,4,5,0,0,2.14,0,0,mobile_ios,Mumbai,Mumbai,2026-08-22T04:36:44.124880
pay_ffa624d65a7845,mer_1010,cust_20453,6675.53,INR,upi,SBI,failed,risk_blocked,1,account_takeover,84.8,4,5,0,0,6.63,0,1,mobile_ios,Kochi,Kochi,2026-08-22T04:52:46.124880
pay_c56f2c4df60542,mer_1018,cust_20599,4130.53,INR,upi,SBI,captured,none,0,none,20.7,4,5,0,0,1.25,0,0,desktop_chrome,Hyderabad,Hyderabad,2026-08-22T04:59:55.124880
pay_4f9cb025030545,mer_1036,cust_20262,17511.63,INR,upi,ICICI,captured,none,0,none,30.3,5,5,0,0,6.59,0,0,desktop_safari,Hyderabad,Hyderabad,2026-08-22T05:43:31.124880
pay_a9df23e60c304d,mer_1035,cust_20513,11780.2,INR,upi,ICICI,captured,none,0,none,29.1,6,5,0,0,13.03,0,0,mobile_android,Jaipur,Jaipur,2026-08-22T06:16:11.124880
pay_05c11ec3223744,mer_1040,cust_20592,23269.71,INR,upi,AXIS,captured,none,0,none,25.8,6,5,0,1,9.67,0,0,mobile_android,Hyderabad,Hyderabad,2026-08-22T06:21:02.124880
pay_5f71006feb8a46,mer_1035,cust_20213,7699.9,INR,upi,AXIS,captured,none,0,none,31.8,6,5,0,0,5.1,0,0,mobile_android,Bengaluru,Bengaluru,2026-08-22T06:27:40.124880
pay_1cbbef9bd94940,mer_1009,cust_20366,43870.48,INR,netbanking,SBI,captured,none,0,none,37.2,6,5,0,0,28.88,0,0,mobile_ios,Pune,Pune,2026-08-22T06:53:57.124880
pay_fbbe08bde2ec47,mer_1014,cust_20097,39147.68,INR,upi,ICICI,captured,none,0,none,35.1,6,5,0,0,22.85,1060,0,desktop_windows,Kolkata,Bengaluru,2026-08-22T06:56:07.124880
pay_c5e502f077014f,mer_1017,cust_20536,852.69,INR,upi,HDFC,captured,none,0,none,6.2,6,5,0,1,0.63,0,0,desktop_windows,Bengaluru,Bengaluru,2026-08-22T06:58:42.124880
pay_65ea940e61004a,mer_1014,cust_20255,10505.19,INR,wallet,ICICI,captured,none,0,none,29.0,7,5,0,0,3.77,0,0,mobile_ios,Bengaluru,Bengaluru,2026-08-22T07:02:34.124880
pay_7ad92a69d2584c,mer_1020,cust_20442,47505.3,INR,netbanking,SBI,captured,none,0,none,28.2,7,5,0,0,49.35,0,0,desktop_windows,Jaipur,Jaipur,2026-08-22T07:05:03.124880
pay_c428248821ed44,mer_1024,cust_20475,5719.58,INR,card_credit,ICICI,captured,none,0,none,38.8,7,5,0,0,5.11,0,0,mobile_ios,Ahmedabad,Ahmedabad,2026-08-22T07:28:39.124880
pay_b19b6d3c89cd4f,mer_1003,cust_20415,3817.36,INR,upi,ICICI,captured,none,0,none,12.1,7,5,0,0,2.33,0,0,mobile_android,Jaipur,Jaipur,2026-08-22T07:52:36.124880
pay_862de853074442,mer_1034,cust_20525,668.19,INR,upi,HDFC,captured,none,0,none,14.9,8,5,0,1,2.23,0,0,mobile_android,Jaipur,Jaipur,2026-08-22T08:02:40.124880
pay_75a2f77f102d43,mer_1031,cust_20211,12247.99,INR,upi,PAYTM_BANK,captured,none,0,none,34.4,8,5,0,1,31.01,0,0,desktop_safari,Bengaluru,Bengaluru,2026-08-22T08:30:36.124880
pay_cfc3980ba55c4b,mer_1013,cust_20453,19679.03,INR,card_credit,ICICI,captured,none,0,none,33.7,8,5,0,1,19.53,0,0,desktop_safari,Kochi,Kochi,2026-08-22T08:36:41.124880
pay_4a4ce011f5d843,mer_1017,cust_20414,313.44,INR,card_credit,AXIS,captured,none,0,none,14.2,9,5,0,0,0.09,0,0,mobile_ios,Kochi,Kochi,2026-08-22T09:01:41.124880
pay_49ef39db740148,mer_1030,cust_20038,5202.3,INR,netbanking,HDFC,captured,none,0,none,37.8,9,5,0,0,13.5,0,0,mobile_ios,Kochi,Kochi,2026-08-22T09:11:00.124880
pay_84d06e5035bb43,mer_1032,cust_20451,27656.76,INR,netbanking,HDFC,captured,none,0,none,37.3,9,5,0,0,17.38,0,0,desktop_safari,Bengaluru,Bengaluru,2026-08-22T09:29:53.124880
pay_61f6db6253c047,mer_1034,cust_20064,204.33,INR,card_credit,HDFC,captured,none,0,none,19.4,9,5,0,0,0.03,0,0,mobile_android,Pune,Pune,2026-08-22T09:40:35.124880
pay_1be2425011cb47,mer_1022,cust_20236,1178.75,INR,card_credit,HDFC,failed,insufficient_funds,0,none,5.8,9,5,0,0,2.09,0,0,desktop_chrome,Mumbai,Mumbai,2026-08-22T09:45:38.124880
pay_4c7520246c2a46,mer_1037,cust_20478,2342.57,INR,netbanking,PAYTM_BANK,captured,none,0,none,8.7,10,5,0,0,0.86,0,0,desktop_windows,Chennai,Chennai,2026-08-22T10:02:40.124880
pay_698e7c6390a14f,mer_1008,cust_20347,18637.23,INR,netbanking,ICICI,captured,none,0,none,29.1,10,5,0,0,3.44,407,0,desktop_chrome,Bengaluru,Kochi,2026-08-22T10:10:43.124880
pay_e72278643a0b4f,mer_1025,cust_20024,41175.03,INR,upi,SBI,refunded,customer_return,0,none,39.0,10,5,0,0,84.36,0,0,mobile_android,Jaipur,Jaipur,2026-08-22T10:15:25.124880
pay_dcafdacff17e41,mer_1003,cust_20301,4824.4,INR,card_credit,ICICI,captured,none,0,none,52.7,10,5,0,0,16.08,0,1,desktop_safari,Jaipur,Jaipur,2026-08-22T10:27:57.124880
pay_4832e0baca474d,mer_1015,cust_20087,1487.65,INR,card_credit,AXIS,captured,none,0,none,15.9,10,5,0,0,0.43,0,0,mobile_android,Ahmedabad,Ahmedabad,2026-08-22T10:31:45.124880
pay_da3897c83a7a43,mer_1014,cust_20552,31480.88,INR,wallet,HDFC,captured,none,0,none,34.3,10,5,0,0,27.73,0,0,mobile_android,Kochi,Kochi,2026-08-22T10:44:50.124880
pay_daf7f181b0de40,mer_1031,cust_20435,49850.75,INR,upi,AXIS,captured,none,0,none,26.5,10,5,0,0,70.46,0,0,desktop_windows,Ahmedabad,Ahmedabad,2026-08-22T10:58:49.124880
pay_a2b78f48692c4d,mer_1008,cust_20535,31100.96,INR,netbanking,AXIS,captured,none,0,none,25.5,11,5,0,0,47.09,0,0,mobile_ios,Jaipur,Jaipur,2026-08-22T11:12:09.124880
pay_c7e978d9451840,mer_1029,cust_20144,1902.27,INR,netbanking,SBI,captured,none,0,none,6.3,11,5,0,0,1.97,0,0,desktop_chrome,Pune,Pune,2026-08-22T11:44:59.124880
pay_81e40d1729284c,mer_1004,cust_20501,34507.26,INR,upi,ICICI,captured,none,0,none,47.8,11,5,0,0,5.99,1407,0,mobile_android,Delhi NCR,Chennai,2026-08-22T11:50:38.124880
pay_c8ecc4f5dd9944,mer_1013,cust_20596,8538.62,INR,card_credit,AXIS,captured,none,0,none,34.4,11,5,0,0,3.01,0,0,mobile_ios,Hyderabad,Hyderabad,2026-08-22T11:56:40.124880
pay_cd19c2d383544f,mer_1005,cust_20420,58186.72,INR,card_debit,HDFC,captured,none,0,none,35.0,12,5,0,0,110.95,0,0,desktop_chrome,Kolkata,Kolkata,2026-08-22T12:19:16.124880
pay_fa4dc5a8cb8349,mer_1008,cust_20170,11374.2,INR,upi,AXIS,captured,none,0,none,38.4,12,5,0,0,8.28,255,0,desktop_windows,Jaipur,Hyderabad,2026-08-22T12:38:05.124880
pay_7e399d04c9f84d,mer_1006,cust_20090,8497.09,INR,upi,HDFC,captured,none,0,none,11.2,13,5,0,0,1.54,0,0,desktop_windows,Mumbai,Mumbai,2026-08-22T13:22:40.124880
pay_960b9a02ce5048,mer_1030,cust_20501,82951.24,INR,upi,HDFC,captured,none,0,none,36.0,13,5,0,1,14.39,0,0,mobile_ios,Delhi NCR,Delhi NCR,2026-08-22T13:27:09.124880
pay_348202fb790f4b,mer_1006,cust_20489,36482.56,INR,card_credit,ICICI,captured,none,0,none,32.2,13,5,0,1,81.2,477,0,desktop_chrome,Hyderabad,Pune,2026-08-22T13:48:19.124880
pay_34c75fe4a7114a,mer_1010,cust_20070,4085.46,INR,card_credit,AXIS,captured,none,0,none,37.8,13,5,0,1,4.25,281,0,mobile_android,Kochi,Delhi NCR,2026-08-22T13:51:14.124880
pay_0536547a9ae849,mer_1005,cust_20048,23840.48,INR,card_credit,ICICI,captured,none,0,none,44.1,14,5,0,1,40.63,0,1,desktop_windows,Bengaluru,Bengaluru,2026-08-22T14:00:31.124880
pay_274bb3373f8740,mer_1023,cust_20128,2700.75,INR,upi,PAYTM_BANK,captured,none,0,none,32.8,14,5,0,0,4.59,0,0,desktop_windows,Delhi NCR,Delhi NCR,2026-08-22T14:38:13.124880
pay_9fa6d1f554944e,mer_1016,cust_20188,56588.49,INR,card_credit,HDFC,captured,none,0,none,38.0,14,5,0,0,28.27,0,0,mobile_android,Delhi NCR,Delhi NCR,2026-08-22T14:41:51.124880
pay_feed1a42034b47,mer_1010,cust_20363,833.08,INR,card_credit,HDFC,captured,none,0,none,16.4,14,5,0,0,0.87,0,0,mobile_android,Chennai,Chennai,2026-08-22T14:46:33.124880
pay_fdd1d1b2f7314c,mer_1023,cust_20138,1899.64,INR,upi,ICICI,captured,none,0,none,19.4,15,5,0,1,1.22,0,0,mobile_ios,Delhi NCR,Delhi NCR,2026-08-22T15:25:38.124880
pay_363dee7966a340,mer_1020,cust_20071,33261.13,INR,upi,PAYTM_BANK,captured,none,0,none,35.6,15,5,0,0,17.91,0,0,desktop_windows,Bengaluru,Bengaluru,2026-08-22T15:39:34.124880
pay_97d24d5ee36548,mer_1009,cust_20586,23410.36,INR,card_debit,ICICI,captured,none,0,none,26.6,15,5,0,0,4.28,0,0,desktop_windows,Delhi NCR,Delhi NCR,2026-08-22T15:40:20.124880
pay_ac795e58dc3e4f,mer_1015,cust_20221,1184.9,INR,card_credit,HDFC,captured,none,0,none,47.4,15,5,0,0,3.95,0,1,desktop_chrome,Kolkata,Kolkata,2026-08-22T15:40:42.124880
pay_e7cf6d585a7c42,mer_1007,cust_20328,47284.51,INR,upi,HDFC,captured,none,0,none,39.1,15,5,0,0,16.83,0,0,desktop_chrome,Delhi NCR,Delhi NCR,2026-08-22T15:48:57.124880
pay_63309f6dc27e48,mer_1007,cust_20334,38174.08,INR,netbanking,SBI,captured,none,0,none,27.2,16,5,0,0,15.46,0,0,mobile_ios,Bengaluru,Bengaluru,2026-08-22T16:10:15.124880
pay_4be9f7c17d704c,mer_1011,cust_20020,11460.05,INR,card_debit,ICICI,captured,none,0,none,34.9,16,5,0,0,4.23,0,0,desktop_safari,Pune,Pune,2026-08-22T16:17:48.124880
pay_bf819b662c4e45,mer_1040,cust_20456,26742.75,INR,upi,HDFC,captured,none,0,none,39.9,16,5,0,0,7.44,0,0,mobile_ios,Pune,Pune,2026-08-22T16:25:59.124880
pay_da2f5dcf70124d,mer_1039,cust_20409,10571.22,INR,card_debit,AXIS,captured,none,0,none,46.6,16,5,0,0,8.22,1315,0,mobile_ios,Delhi NCR,Kolkata,2026-08-22T16:37:33.124880
pay_809e44baf9ab45,mer_1024,cust_20547,5903.19,INR,upi,ICICI,captured,none,0,none,19.5,16,5,0,0,2.87,0,0,desktop_windows,Bengaluru,Bengaluru,2026-08-22T16:48:52.124880
pay_036e17fa96fd40,mer_1034,cust_20446,2900.57,INR,card_credit,ICICI,captured,none,0,none,24.9,16,5,0,0,0.74,1615,0,desktop_chrome,Kochi,Chennai,2026-08-22T16:57:50.124880
pay_8222208e4f8342,mer_1032,cust_20041,37000.31,INR,card_credit,KOTAK,captured,none,0,none,29.8,17,5,0,0,16.94,0,0,mobile_ios,Mumbai,Mumbai,2026-08-22T17:14:23.124880
pay_021c8c811e7c4b,mer_1015,cust_20425,3769.85,INR,card_debit,AXIS,captured,none,0,none,17.6,17,5,0,0,1.08,0,0,mobile_ios,Hyderabad,Hyderabad,2026-08-22T17:16:54.124880
pay_b2f14bba40894f,mer_1012,cust_20033,21945.02,INR,upi,ICICI,captured,none,0,none,30.6,17,5,0,0,9.92,0,0,desktop_chrome,Chennai,Chennai,2026-08-22T17:16:59.124880
pay_153f2b9d7f894a,mer_1001,cust_20111,367.95,INR,upi,ICICI,captured,none,0,none,12.5,17,5,0,0,0.4,0,0,mobile_android,Delhi NCR,Delhi NCR,2026-08-22T17:24:58.124880
pay_c4bb2648d38c49,mer_1017,cust_20286,1751.43,INR,upi,HDFC,captured,none,0,none,18.4,17,5,0,0,1.25,0,0,desktop_chrome,Mumbai,Mumbai,2026-08-22T17:29:42.124880
pay_6c879dcbaad24c,mer_1023,cust_20137,6116.79,INR,upi,ICICI,captured,none,0,none,37.8,17,5,0,0,19.97,0,0,desktop_safari,Bengaluru,Bengaluru,2026-08-22T17:34:20.124880
pay_2d4898e890c142,mer_1001,cust_20038,1548.49,INR,netbanking,ICICI,captured,none,0,none,34.4,17,5,0,1,4.02,0,0,desktop_chrome,Kochi,Kochi,2026-08-22T17:44:50.124880
pay_8ccd81f267494b,mer_1039,cust_20209,35204.34,INR,upi,HDFC,captured,none,0,none,29.3,18,5,0,0,43.61,0,0,desktop_windows,Hyderabad,Hyderabad,2026-08-22T18:02:23.124880
pay_d3a0783dbc844e,mer_1013,cust_20572,39964.44,INR,upi,ICICI,captured,none,0,none,39.1,18,5,0,0,14.57,0,0,mobile_android,Hyderabad,Hyderabad,2026-08-22T18:09:07.124880
pay_d84a1c52f9a74f,mer_1008,cust_20559,70411.98,INR,upi,AXIS,captured,none,0,none,32.5,18,5,0,1,58.38,0,0,desktop_chrome,Ahmedabad,Ahmedabad,2026-08-22T18:11:37.124880
pay_22e1a5ff001a4d,mer_1005,cust_20137,76278.61,INR,card_debit,HDFC,captured,none,0,none,28.8,18,5,1,1,248.99,0,0,desktop_chrome,Bengaluru,Bengaluru,2026-08-22T18:17:43.124880
pay_17feb4eca54c47,mer_1040,cust_20095,25572.43,INR,card_credit,AXIS,captured,none,0,none,31.2,18,5,0,0,54.3,0,0,desktop_chrome,Kochi,Kochi,2026-08-22T18:33:03.124880
pay_78f3ffce05be44,mer_1009,cust_20194,3920.94,INR,card_debit,HDFC,captured,none,0,none,28.5,18,5,0,0,5.61,0,0,mobile_ios,Hyderabad,Hyderabad,2026-08-22T18:55:31.124880
pay_44c3e6f3e5ee4f,mer_1013,cust_20216,12321.92,INR,upi,ICICI,captured,none,0,none,33.8,19,5,0,0,8.92,0,0,desktop_chrome,Ahmedabad,Ahmedabad,2026-08-22T19:16:55.124880
pay_bc1cca030c0b4b,mer_1034,cust_20348,1497.74,INR,card_credit,ICICI,captured,none,0,none,27.7,19,5,0,0,1.5,834,0,desktop_chrome,Kolkata,Kochi,2026-08-22T19:19:10.124880
pay_fbf258e1f50947,mer_1012,cust_20474,11984.19,INR,upi,HDFC,captured,none,0,none,43.1,19,5,0,0,19.79,1130,0,mobile_ios,Chennai,Jaipur,2026-08-22T19:37:26.124880
pay_d38b1fe086524e,mer_1040,cust_20112,37184.61,INR,card_credit,SBI,captured,none,0,none,32.7,19,5,0,0,16.64,0,0,desktop_safari,Pune,Pune,2026-08-22T19:48:29.124880
pay_a3e2069e03a446,mer_1017,cust_20460,1868.57,INR,card_debit,HDFC,captured,none,0,none,12.4,20,5,0,0,2.34,0,0,desktop_chrome,Ahmedabad,Ahmedabad,2026-08-22T20:01:29.124880
pay_c5e3f4084f3646,mer_1037,cust_20480,3345.94,INR,upi,ICICI,captured,none,0,none,19.3,20,5,0,0,1.87,0,0,desktop_windows,Chennai,Chennai,2026-08-22T20:09:46.124880
pay_0e9db7e23a9e4a,mer_1011,cust_20187,20597.18,INR,netbanking,ICICI,captured,none,0,none,32.6,20,5,0,0,34.62,0,0,mobile_ios,Chennai,Chennai,2026-08-22T20:11:21.124880
pay_8dba65ba53b84d,mer_1028,cust_20070,1406.4,INR,card_credit,ICICI,captured,none,0,none,8.8,20,5,0,2,1.46,0,0,desktop_windows,Kochi,Kochi,2026-08-22T20:17:36.124880
pay_d01b27ecc3344d,mer_1027,cust_20571,3012.96,INR,upi,ICICI,captured,none,0,none,19.6,20,5,0,0,1.47,0,0,desktop_safari,Ahmedabad,Ahmedabad,2026-08-22T20:27:35.124880
pay_81ec09d818364e,mer_1023,cust_20205,2961.36,INR,card_credit,HDFC,captured,none,0,none,32.1,20,5,0,0,3.33,0,0,mobile_ios,Bengaluru,Bengaluru,2026-08-22T20:51:33.124880
pay_57412417822e41,mer_1040,cust_20598,13813.06,INR,netbanking,AXIS,captured,none,0,none,39.5,21,5,0,0,3.19,1357,0,desktop_safari,Ahmedabad,Hyderabad,2026-08-22T21:02:39.124880
pay_20f0b687672f45,mer_1021,cust_20256,14119.33,INR,card_credit,SBI,captured,none,0,none,32.2,21,5,0,0,13.19,0,0,desktop_windows,Bengaluru,Bengaluru,2026-08-22T21:18:10.124880
pay_944051c6b46a44,mer_1021,cust_20191,48012.59,INR,netbanking,ICICI,captured,none,0,none,31.3,21,5,0,0,13.44,0,0,desktop_safari,Ahmedabad,Ahmedabad,2026-08-22T21:53:45.124880
pay_8284e8cad2d146,mer_1030,cust_20113,66067.54,INR,upi,HDFC,captured,none,0,none,39.7,22,5,0,0,118.92,0,0,desktop_safari,Kolkata,Kolkata,2026-08-22T22:04:59.124880
pay_016d206779b941,mer_1001,cust_20193,2576.98,INR,upi,KOTAK,captured,none,0,none,16.9,22,5,0,0,0.54,0,0,mobile_ios,Kolkata,Kolkata,2026-08-22T22:07:56.124880
pay_c6d1a7225f5344,mer_1006,cust_20318,5445.86,INR,wallet,HDFC,captured,none,0,none,12.3,22,5,0,0,1.18,0,0,desktop_chrome,Chennai,Chennai,2026-08-22T22:09:12.124880
pay_f9f59fbab85048,mer_1040,cust_20087,14867.73,INR,upi,SBI,captured,none,0,none,33.1,22,5,0,1,4.26,0,0,mobile_ios,Ahmedabad,Ahmedabad,2026-08-22T22:29:16.124880
pay_de260feabc8d44,mer_1026,cust_20356,5286.4,INR,card_credit,HDFC,captured,none,0,none,32.8,22,5,0,0,4.65,477,0,desktop_chrome,Mumbai,Pune,2026-08-22T22:56:07.124880
pay_f550adff0fcf48,mer_1019,cust_20514,450.94,INR,wallet,HDFC,captured,none,0,none,5.3,22,5,0,0,0.18,0,0,desktop_windows,Pune,Pune,2026-08-22T22:57:35.124880
pay_fb3a48126f7d40,mer_1021,cust_20564,23797.95,INR,card_credit,AXIS,captured,none,0,none,26.5,23,5,0,0,43.84,0,0,desktop_windows,Pune,Pune,2026-08-22T23:02:59.124880
pay_6626132014e64a,mer_1009,cust_20119,4219.97,INR,card_credit,KOTAK,captured,none,0,none,18.7,23,5,0,0,1.36,0,0,mobile_ios,Kolkata,Kolkata,2026-08-22T23:10:50.124880
pay_173c5bd0039649,mer_1031,cust_20534,25820.46,INR,card_debit,HDFC,captured,none,0,none,28.8,23,5,0,1,32.86,0,0,desktop_windows,Kolkata,Kolkata,2026-08-22T23:23:26.124880
pay_6171eb69feb542,mer_1002,cust_20505,45643.67,INR,upi,ICICI,captured,none,0,none,26.1,23,5,0,0,22.43,0,0,desktop_safari,Ahmedabad,Ahmedabad,2026-08-22T23:44:39.124880
pay_bf298e790e9142,mer_1027,cust_20528,2028.44,INR,upi,ICICI,captured,none,0,none,48.0,0,6,0,0,4.15,1661,0,mobile_android,Pune,Kochi,2026-08-23T00:07:47.124880
pay_0032f78da28e48,mer_1008,cust_20472,36271.72,INR,card_credit,SBI,captured,none,0,none,30.0,0,6,0,0,14.47,0,0,desktop_chrome,Chennai,Chennai,2026-08-23T00:15:36.124880
pay_4e2bb0297e6e4d,mer_1001,cust_20202,4726.87,INR,card_debit,HDFC,captured,none,0,none,41.1,0,6,0,0,9.02,1287,0,desktop_windows,Jaipur,Mumbai,2026-08-23T00:23:24.124880
pay_55ca3f5d18d443,mer_1019,cust_20430,2497.0,INR,upi,AXIS,captured,none,0,none,38.4,0,6,0,0,6.96,0,0,mobile_ios,Chennai,Chennai,2026-08-23T00:38:33.124880
pay_38c91582a92043,mer_1039,cust_20498,25024.52,INR,upi,ICICI,captured,none,0,none,44.1,1,6,0,0,8.63,0,0,desktop_chrome,Chennai,Chennai,2026-08-23T01:08:46.124880
pay_7241116ae4fb48,mer_1023,cust_20334,2596.63,INR,card_debit,ICICI,captured,none,0,none,38.6,1,6,0,1,1.05,0,1,desktop_chrome,Bengaluru,Bengaluru,2026-08-23T01:28:06.124880
pay_12278a481fbe41,mer_1002,cust_20483,19451.13,INR,card_credit,HDFC,captured,none,0,none,37.8,1,6,0,0,7.36,0,0,mobile_android,Mumbai,Mumbai,2026-08-23T01:31:13.124880
pay_a0b56d2703f547,mer_1010,cust_20241,5766.12,INR,card_credit,ICICI,captured,none,0,none,42.1,1,6,0,0,5.59,0,0,mobile_ios,Delhi NCR,Delhi NCR,2026-08-23T01:32:50.124880
pay_58cc68391abd40,mer_1004,cust_20186,4504.93,INR,wallet,SBI,captured,none,0,none,28.2,1,6,0,0,2.4,0,0,mobile_android,Mumbai,Mumbai,2026-08-23T01:46:56.124880
pay_8e06cdf5bf2c42,mer_1025,cust_20598,43697.17,INR,netbanking,SBI,captured,none,0,none,42.1,1,6,0,1,10.09,0,0,mobile_ios,Ahmedabad,Ahmedabad,2026-08-23T01:53:49.124880
pay_757566ef53cf4b,mer_1026,cust_20303,35599.69,INR,upi,ICICI,failed,insufficient_funds,0,none,45.6,1,6,0,0,6.55,0,0,mobile_ios,Delhi NCR,Delhi NCR,2026-08-23T01:55:53.124880
pay_8600a587ae6e44,mer_1015,cust_20406,4412.22,INR,card_credit,ICICI,captured,none,0,none,28.2,2,6,0,0,1.24,0,0,mobile_android,Kolkata,Kolkata,2026-08-23T02:00:13.124880
pay_1294391a0d8a48,mer_1038,cust_20085,29831.83,INR,upi,ICICI,captured,none,0,none,35.1,3,6,0,0,11.09,0,0,mobile_ios,Ahmedabad,Ahmedabad,2026-08-23T03:01:02.124880
pay_a23b4960828d49,mer_1002,cust_20258,14419.99,INR,netbanking,KOTAK,captured,none,0,none,48.2,3,6,0,0,19.98,0,0,desktop_windows,Kochi,Kochi,2026-08-23T03:11:52.124880
pay_07d2f3dd117d43,mer_1009,cust_20503,83565.27,INR,upi,HDFC,captured,none,0,none,43.7,3,6,0,0,39.1,0,0,mobile_ios,Mumbai,Mumbai,2026-08-23T03:18:01.124880
pay_090db04e70e241,mer_1016,cust_20443,37433.1,INR,card_credit,ICICI,failed,issuer_bank_down,0,none,36.2,3,6,0,0,55.65,0,0,mobile_ios,Ahmedabad,Ahmedabad,2026-08-23T03:47:49.124880
pay_21ad7321482940,mer_1023,cust_20362,3738.59,INR,upi,ICICI,captured,none,0,none,27.2,3,6,0,0,0.65,0,0,mobile_ios,Jaipur,Jaipur,2026-08-23T03:56:00.124880
pay_e84dcc457c124d,mer_1031,cust_20298,40376.39,INR,card_credit,KOTAK,captured,none,0,none,40.9,4,6,0,0,62.87,0,0,desktop_windows,Kochi,Kochi,2026-08-23T04:22:16.124880
pay_9f732f931cd54a,mer_1013,cust_20026,23242.5,INR,card_credit,SBI,captured,none,0,none,44.1,4,6,0,0,26.71,0,0,desktop_safari,Kochi,Kochi,2026-08-23T04:35:44.124880
pay_f9b6b22fadcd44,mer_1008,cust_20546,57575.19,INR,card_credit,AXIS,captured,none,0,none,48.9,4,6,0,0,42.76,0,0,desktop_windows,Kochi,Kochi,2026-08-23T04:36:11.124880
pay_9c9b9332bc6a4c,mer_1014,cust_20595,20690.63,INR,upi,SBI,captured,none,0,none,37.1,4,6,0,0,19.79,0,0,desktop_windows,Kochi,Kochi,2026-08-23T04:42:43.124880
pay_f23053151e7c49,mer_1038,cust_20161,14622.97,INR,upi,AXIS,captured,none,0,none,48.7,4,6,0,0,8.7,0,0,mobile_android,Pune,Pune,2026-08-23T04:55:47.124880
pay_676f23eebb4341,mer_1040,cust_20400,29635.13,INR,upi,SBI,captured,none,0,none,25.4,5,6,0,0,57.99,0,0,desktop_safari,Mumbai,Mumbai,2026-08-23T05:18:39.124880
pay_8d18adf6a34246,mer_1032,cust_20200,33730.26,INR,upi,SBI,captured,none,0,none,27.6,5,6,0,0,19.92,0,0,desktop_safari,Delhi NCR,Delhi NCR,2026-08-23T05:18:51.124880
pay_3c708e64121c40,mer_1020,cust_20488,13488.91,INR,upi,HDFC,captured,none,0,none,31.5,5,6,0,0,3.56,0,0,mobile_ios,Pune,Pune,2026-08-23T05:22:45.124880
pay_2b3b10e959bb44,mer_1026,cust_20467,17067.98,INR,upi,HDFC,captured,none,0,none,35.5,5,6,0,0,3.95,0,0,desktop_safari,Ahmedabad,Ahmedabad,2026-08-23T05:25:31.124880
pay_9e4d3c25f45a49,mer_1025,cust_20418,74587.69,INR,card_credit,ICICI,captured,none,0,none,36.6,5,6,0,0,32.11,0,0,desktop_chrome,Kochi,Kochi,2026-08-23T05:34:25.124880
pay_a616a434e84541,mer_1031,cust_20259,33650.04,INR,upi,SBI,captured,none,0,none,35.0,5,6,0,0,43.43,0,0,desktop_windows,Jaipur,Jaipur,2026-08-23T05:52:07.124880
pay_52229846916f4b,mer_1008,cust_20089,34102.23,INR,upi,ICICI,captured,none,0,none,28.9,6,6,0,0,16.27,0,0,mobile_ios,Ahmedabad,Ahmedabad,2026-08-23T06:36:57.124880
pay_229c2a40914d49,mer_1036,cust_20012,27109.14,INR,card_debit,HDFC,captured,none,0,none,34.4,6,6,0,0,62.08,0,0,mobile_ios,Kolkata,Kolkata,2026-08-23T06:50:53.124880
pay_f356d416d36d44,mer_1030,cust_20574,17458.0,INR,upi,SBI,captured,none,0,none,27.9,6,6,0,0,3.81,0,0,mobile_android,Kochi,Kochi,2026-08-23T06:53:44.124880
pay_47ce614e9d7e40,mer_1039,cust_20462,7234.56,INR,upi,AXIS,captured,none,0,none,28.5,6,6,0,0,4.42,0,0,mobile_android,Chennai,Chennai,2026-08-23T06:58:32.124880
pay_f427984ff21c4c,mer_1027,cust_20558,2579.19,INR,upi,SBI,captured,none,0,none,13.8,7,6,0,0,1.39,0,0,desktop_safari,Chennai,Chennai,2026-08-23T07:21:59.124880
pay_e6a27f7e4fcb42,mer_1031,cust_20196,2647.2,INR,upi,HDFC,captured,none,0,none,15.9,7,6,0,0,0.87,0,0,mobile_ios,Delhi NCR,Delhi NCR,2026-08-23T07:56:00.124880
pay_9957960be7e84c,mer_1031,cust_20536,27504.21,INR,upi,AXIS,captured,none,0,none,37.1,8,6,0,0,20.47,0,0,mobile_ios,Bengaluru,Bengaluru,2026-08-23T08:09:51.124880
pay_0f63c34487164d,mer_1020,cust_20449,6541.36,INR,upi,PAYTM_BANK,captured,none,0,none,26.4,8,6,0,0,17.95,0,0,mobile_ios,Chennai,Chennai,2026-08-23T08:11:12.124880
pay_0e7548ed612747,mer_1031,cust_20379,20547.49,INR,upi,AXIS,captured,none,0,none,26.1,8,6,0,0,13.17,0,0,desktop_windows,Mumbai,Mumbai,2026-08-23T08:26:43.124880
pay_ceb6fa3d76714a,mer_1001,cust_20544,2075.64,INR,upi,AXIS,captured,none,0,none,17.3,8,6,0,0,1.32,0,0,mobile_android,Kochi,Kochi,2026-08-23T08:42:07.124880
pay_60acf53f6a8549,mer_1007,cust_20136,82316.95,INR,card_debit,ICICI,captured,none,0,none,26.4,8,6,0,0,39.73,0,0,mobile_android,Hyderabad,Hyderabad,2026-08-23T08:42:47.124880
pay_79fc20a755264c,mer_1034,cust_20205,2089.14,INR,upi,ICICI,captured,none,0,none,18.4,8,6,0,1,2.35,0,0,desktop_safari,Bengaluru,Bengaluru,2026-08-23T08:43:23.124880
pay_d6885dc78f0947,mer_1033,cust_20546,5340.6,INR,upi,AXIS,captured,none,0,none,30.8,9,6,0,1,3.97,437,0,desktop_chrome,Kochi,Kolkata,2026-08-23T09:09:14.124880
pay_d23671712eeb4c,mer_1002,cust_20369,17423.33,INR,upi,HDFC,captured,none,0,none,12.9,9,6,0,0,2.25,0,0,desktop_chrome,Kolkata,Kolkata,2026-08-23T09:18:18.124880
pay_c9959bbe37404e,mer_1015,cust_20195,1471.02,INR,upi,HDFC,captured,none,0,none,26.5,9,6,0,0,0.58,972,0,desktop_windows,Chennai,Jaipur,2026-08-23T09:39:48.124880
pay_63a7e757506c4b,mer_1024,cust_20423,5503.47,INR,upi,SBI,captured,none,0,none,25.5,9,6,0,0,7.43,0,0,desktop_windows,Pune,Pune,2026-08-23T09:41:56.124880
pay_2a4f96190ebb46,mer_1034,cust_20331,4824.33,INR,card_credit,SBI,captured,none,0,none,32.1,9,6,0,0,7.37,0,0,mobile_ios,Hyderabad,Hyderabad,2026-08-23T09:46:51.124880
pay_d51884ee3e1244,mer_1025,cust_20276,38480.72,INR,wallet,KOTAK,captured,none,0,none,36.2,9,6,0,0,28.37,0,0,mobile_android,Hyderabad,Hyderabad,2026-08-23T09:53:01.124880
pay_b498f584cbb046,mer_1025,cust_20312,16328.41,INR,upi,HDFC,captured,none,0,none,25.3,10,6,0,0,3.12,0,0,desktop_windows,Bengaluru,Bengaluru,2026-08-23T10:06:32.124880
pay_233e22acb07347,mer_1035,cust_20229,19469.01,INR,upi,ICICI,captured,none,0,none,35.4,10,6,0,0,29.78,0,0,desktop_windows,Ahmedabad,Ahmedabad,2026-08-23T10:09:03.124880
pay_063606d1312d47,mer_1003,cust_20408,3875.59,INR,upi,PAYTM_BANK,captured,none,0,none,35.6,10,6,0,0,6.66,0,0,desktop_windows,Mumbai,Mumbai,2026-08-23T10:23:29.124880
pay_9618e3c931cf48,mer_1004,cust_20334,38194.95,INR,netbanking,SBI,captured,none,0,none,38.8,10,6,0,2,15.47,0,0,mobile_ios,Bengaluru,Bengaluru,2026-08-23T10:32:56.124880
pay_cf34a647cd2648,mer_1026,cust_20349,68234.17,INR,card_credit,SBI,captured,none,0,none,37.7,10,6,0,0,145.3,0,0,mobile_ios,Kochi,Kochi,2026-08-23T10:42:23.124880
pay_5d3e95ca535e4e,mer_1010,cust_20476,1914.72,INR,upi,HDFC,captured,none,0,none,14.9,10,6,0,0,1.64,0,0,mobile_android,Ahmedabad,Ahmedabad,2026-08-23T10:51:50.124880
pay_1992aa5f12744d,mer_1016,cust_20230,3586.34,INR,wallet,KOTAK,captured,none,0,none,30.8,10,6,0,0,7.81,0,0,desktop_chrome,Hyderabad,Hyderabad,2026-08-23T10:53:54.124880
pay_273757fd717346,mer_1028,cust_20143,10686.93,INR,upi,SBI,captured,none,0,none,27.0,10,6,0,0,11.42,0,0,desktop_safari,Hyderabad,Hyderabad,2026-08-23T10:57:46.124880
pay_71ad226e516646,mer_1025,cust_20434,45115.31,INR,upi,ICICI,captured,none,0,none,36.6,11,6,0,0,12.33,0,0,mobile_android,Pune,Pune,2026-08-23T11:02:39.124880
pay_90b6b8dbb1f74d,mer_1027,cust_20022,4770.96,INR,card_credit,PAYTM_BANK,captured,none,0,none,38.0,11,6,0,0,9.4,1088,0,mobile_ios,Bengaluru,Mumbai,2026-08-23T11:26:10.124880
pay_87f119772b1b4d,mer_1006,cust_20562,31509.68,INR,card_credit,ICICI,captured,none,0,none,30.0,11,6,0,0,21.44,0,0,desktop_chrome,Hyderabad,Hyderabad,2026-08-23T11:31:23.124880
pay_1df4e0dbe2954c,mer_1016,cust_20543,36131.47,INR,card_credit,ICICI,captured,none,0,none,38.0,11,6,0,0,97.29,0,0,desktop_safari,Delhi NCR,Delhi NCR,2026-08-23T11:33:59.124880
pay_ac0fb01c4d554a,mer_1015,cust_20462,4962.35,INR,card_debit,SBI,captured,none,0,none,34.1,11,6,0,1,3.03,0,0,desktop_chrome,Chennai,Chennai,2026-08-23T11:45:25.124880
pay_f799d41a988342,mer_1006,cust_20337,25484.16,INR,card_credit,HDFC,captured,none,0,none,25.6,12,6,0,0,70.65,0,0,mobile_ios,Ahmedabad,Ahmedabad,2026-08-23T12:07:50.124880
pay_5e981f5265344b,mer_1040,cust_20014,5507.14,INR,upi,PAYTM_BANK,captured,none,0,none,37.8,12,6,0,0,13.38,0,0,desktop_safari,Bengaluru,Bengaluru,2026-08-23T12:45:26.124880
pay_11c8c66574a247,mer_1004,cust_20059,43772.83,INR,upi,KOTAK,captured,none,0,none,37.2,12,6,0,0,32.28,731,0,mobile_android,Mumbai,Hyderabad,2026-08-23T12:48:41.124880
pay_a0d8c6db21fb4c,mer_1032,cust_20319,20676.31,INR,upi,PAYTM_BANK,captured,none,0,none,38.1,13,6,0,0,32.84,0,0,desktop_windows,Chennai,Chennai,2026-08-23T13:23:05.124880
pay_8c17d907d3bd40,mer_1013,cust_20562,34619.25,INR,upi,ICICI,captured,none,0,none,35.9,13,6,0,1,23.56,0,0,desktop_chrome,Hyderabad,Hyderabad,2026-08-23T13:27:30.124880
pay_7f2614023f8c49,mer_1033,cust_20210,2617.25,INR,upi,KOTAK,captured,none,0,none,35.7,13,6,0,0,4.94,0,0,desktop_safari,Bengaluru,Bengaluru,2026-08-23T13:30:22.124880
pay_e7848546d06b46,mer_1009,cust_20030,3839.3,INR,upi,ICICI,captured,none,0,none,14.3,13,6,0,0,1.21,0,0,mobile_ios,Chennai,Chennai,2026-08-23T13:55:56.124880
pay_a775190b68d74a,mer_1035,cust_20008,88505.29,INR,upi,SBI,captured,none,0,none,52.4,13,6,0,0,80.45,0,1,mobile_android,Chennai,Chennai,2026-08-23T13:59:38.124880
pay_3c43aebe149f4c,mer_1022,cust_20112,4898.08,INR,upi,HDFC,captured,none,0,none,11.7,14,6,0,1,2.19,0,0,desktop_windows,Pune,Pune,2026-08-23T14:21:37.124880
pay_e5053dd782ef49,mer_1027,cust_20467,150.67,INR,upi,HDFC,captured,none,0,none,8.5,14,6,0,1,0.03,0,0,desktop_chrome,Ahmedabad,Ahmedabad,2026-08-23T14:56:03.124880
pay_b621895c04e54a,mer_1032,cust_20267,38430.94,INR,upi,AXIS,captured,none,0,none,36.3,14,6,0,0,18.05,0,0,desktop_windows,Kochi,Kochi,2026-08-23T14:57:51.124880
pay_033ac9a879b148,mer_1028,cust_20334,7823.75,INR,upi,ICICI,captured,none,0,none,34.9,14,6,0,3,3.17,0,0,mobile_android,Bengaluru,Bengaluru,2026-08-23T14:59:01.124880
pay_4223488b15684b,mer_1033,cust_20265,2793.26,INR,card_credit,KOTAK,captured,none,0,none,10.3,15,6,0,0,1.04,0,0,desktop_safari,Kochi,Kochi,2026-08-23T15:29:48.124880
pay_2ed2174c4f984f,mer_1034,cust_20565,162.22,INR,upi,KOTAK,captured,none,0,none,7.3,16,6,0,0,0.04,0,0,desktop_chrome,Jaipur,Jaipur,2026-08-23T16:12:57.124880
pay_b704d6bd4a0148,mer_1010,cust_20041,8435.76,INR,upi,HDFC,captured,none,0,none,32.2,16,6,0,1,3.86,0,0,desktop_chrome,Mumbai,Mumbai,2026-08-23T16:27:42.124880
pay_a00ba9b1bb3246,mer_1012,cust_20324,31647.78,INR,upi,ICICI,captured,none,0,none,26.0,16,6,0,0,35.02,0,0,desktop_windows,Hyderabad,Hyderabad,2026-08-23T16:37:19.124880
pay_5e23a341ece94d,mer_1008,cust_20155,48769.58,INR,netbanking,ICICI,captured,none,0,none,31.0,16,6,0,0,10.26,0,0,mobile_android,Pune,Pune,2026-08-23T16:38:14.124880
pay_b94b01d68e4948,mer_1033,cust_20488,791.71,INR,upi,AXIS,captured,none,0,none,6.0,16,6,0,1,0.21,0,0,desktop_windows,Pune,Pune,2026-08-23T16:52:59.124880
pay_60339168c4f743,mer_1030,cust_20582,29513.42,INR,card_credit,KOTAK,captured,none,0,none,25.2,16,6,0,0,39.71,0,0,mobile_android,Pune,Pune,2026-08-23T16:57:51.124880
pay_827dc7cb64474c,mer_1040,cust_20263,28027.76,INR,card_credit,HDFC,captured,none,0,none,38.5,17,6,0,0,40.62,0,0,desktop_chrome,Kolkata,Kolkata,2026-08-23T17:26:07.124880
pay_89fdbc264c4041,mer_1035,cust_20224,16509.79,INR,upi,AXIS,captured,none,0,none,30.9,17,6,0,0,5.22,0,0,desktop_safari,Ahmedabad,Ahmedabad,2026-08-23T17:29:49.124880
pay_6a7a0f41ddae4f,mer_1007,cust_20012,10405.82,INR,wallet,KOTAK,captured,none,0,none,36.2,17,6,0,1,23.83,0,0,desktop_chrome,Kolkata,Kolkata,2026-08-23T17:34:05.124880
pay_ba539e398bab42,mer_1004,cust_20436,5268.12,INR,upi,PAYTM_BANK,captured,none,0,none,38.2,17,6,0,0,3.75,0,0,desktop_chrome,Bengaluru,Bengaluru,2026-08-23T17:55:38.124880
pay_624fb25c21b248,mer_1031,cust_20144,42493.36,INR,card_credit,AXIS,captured,none,0,none,39.0,18,6,0,0,44.06,1035,0,desktop_chrome,Pune,Kolkata,2026-08-23T18:09:00.124880
pay_c23ede8d145349,mer_1016,cust_20159,46544.85,INR,upi,SBI,captured,none,0,none,28.4,18,6,0,0,11.28,0,0,mobile_ios,Bengaluru,Bengaluru,2026-08-23T18:12:02.124880
pay_afdfa7bab4f842,mer_1024,cust_20566,3852.94,INR,upi,PAYTM_BANK,captured,none,0,none,16.7,18,6,0,0,0.89,0,0,desktop_chrome,Chennai,Chennai,2026-08-23T18:28:17.124880
pay_17d8d58216b445,mer_1009,cust_20187,29050.76,INR,upi,AXIS,captured,none,0,none,36.2,18,6,0,1,48.83,0,0,desktop_windows,Chennai,Chennai,2026-08-23T18:39:02.124880
pay_3652feef051e43,mer_1027,cust_20193,4023.41,INR,upi,SBI,captured,none,0,none,9.0,18,6,0,1,0.84,0,0,desktop_safari,Kolkata,Kolkata,2026-08-23T18:43:03.124880
pay_6d977ee8962042,mer_1012,cust_20511,29643.34,INR,upi,ICICI,captured,none,0,none,28.7,18,6,0,0,39.95,0,0,desktop_safari,Bengaluru,Bengaluru,2026-08-23T18:49:21.124880
pay_0d54ad94d13346,mer_1013,cust_20228,12111.79,INR,upi,AXIS,captured,none,0,none,36.1,18,6,0,0,13.54,0,0,mobile_android,Delhi NCR,Delhi NCR,2026-08-23T18:49:29.124880
pay_334f20a8df654b,mer_1037,cust_20470,3418.05,INR,upi,AXIS,captured,none,0,none,11.8,18,6,0,0,1.07,0,0,desktop_windows,Jaipur,Jaipur,2026-08-23T18:58:10.124880
pay_5ade3529d7dd40,mer_1020,cust_20087,32422.97,INR,netbanking,HDFC,captured,none,0,none,39.7,19,6,0,1,9.3,0,0,desktop_chrome,Ahmedabad,Ahmedabad,2026-08-23T19:17:54.124880
pay_a625120f73fc4b,mer_1015,cust_20179,2959.24,INR,upi,ICICI,captured,none,0,none,18.2,19,6,0,0,1.21,0,0,desktop_safari,Bengaluru,Bengaluru,2026-08-23T19:26:57.124880
pay_ded87058894d4e,mer_1015,cust_20133,1719.37,INR,card_credit,HDFC,captured,none,0,none,14.6,19,6,0,0,0.86,0,0,desktop_windows,Chennai,Chennai,2026-08-23T19:29:53.124880
pay_fd2f59325ef440,mer_1011,cust_20458,8070.51,INR,card_credit,SBI,captured,none,0,none,39.7,19,6,0,0,13.5,0,0,desktop_safari,Bengaluru,Bengaluru,2026-08-23T19:31:46.124880
pay_ecdf91958b7c41,mer_1036,cust_20542,34842.9,INR,upi,HDFC,captured,none,0,none,38.8,19,6,0,0,19.73,0,0,mobile_ios,Ahmedabad,Ahmedabad,2026-08-23T19:48:17.124880
pay_b1c99cf856fd46,mer_1017,cust_20050,503.21,INR,card_debit,ICICI,captured,none,0,none,16.3,20,6,0,0,0.1,0,0,mobile_ios,Delhi NCR,Delhi NCR,2026-08-23T20:06:06.124880
pay_b19ecc0e6d7a4f,mer_1027,cust_20251,2127.53,INR,upi,SBI,captured,none,0,none,17.7,20,6,0,0,0.76,0,0,desktop_chrome,Mumbai,Mumbai,2026-08-23T20:24:54.124880
pay_6aaf15087dde44,mer_1034,cust_20076,2142.36,INR,wallet,AXIS,captured,none,0,none,12.3,20,6,0,0,1.45,0,0,mobile_ios,Pune,Pune,2026-08-23T20:50:39.124880
pay_9e27f466cf0345,mer_1008,cust_20467,83969.58,INR,card_debit,HDFC,captured,none,0,none,33.2,20,6,0,2,19.42,0,0,desktop_windows,Ahmedabad,Ahmedabad,2026-08-23T20:51:06.124880
pay_de21b26341cd4d,mer_1036,cust_20482,19661.17,INR,upi,HDFC,captured,none,0,none,38.9,21,6,0,0,10.52,0,0,desktop_chrome,Hyderabad,Hyderabad,2026-08-23T21:08:45.124880
pay_7a5991d1cfa24d,mer_1024,cust_20220,3616.7,INR,upi,AXIS,captured,none,0,none,12.2,21,6,0,0,1.84,0,0,desktop_windows,Kochi,Kochi,2026-08-23T21:16:23.124880
pay_fa836b4806f14c,mer_1014,cust_20185,19118.28,INR,upi,HDFC,captured,none,0,none,37.6,21,6,0,0,3.93,0,0,mobile_ios,Chennai,Chennai,2026-08-23T21:28:46.124880
pay_058f8d2ea8df44,mer_1003,cust_20562,3550.25,INR,upi,KOTAK,captured,none,0,none,14.2,21,6,0,2,2.42,0,0,desktop_chrome,Hyderabad,Hyderabad,2026-08-23T21:29:23.124880
pay_5a9d6e8a7f5c42,mer_1016,cust_20217,21336.14,INR,upi,SBI,captured,none,0,none,26.4,21,6,0,0,23.36,0,0,desktop_windows,Delhi NCR,Delhi NCR,2026-08-23T21:32:17.124880
pay_f7a67a0eb64e49,mer_1033,cust_20145,662.66,INR,card_debit,SBI,captured,none,0,none,26.1,21,6,0,0,0.28,1612,0,desktop_safari,Jaipur,Kolkata,2026-08-23T21:34:00.124880
pay_bf9466ad96fc42,mer_1016,cust_20250,48114.39,INR,upi,ICICI,captured,none,0,none,38.3,21,6,0,0,160.38,0,0,desktop_windows,Kolkata,Kolkata,2026-08-23T21:36:17.124880
pay_02eed450796041,mer_1038,cust_20484,4945.18,INR,upi,ICICI,captured,none,0,none,27.1,21,6,0,0,3.53,0,0,desktop_windows,Bengaluru,Bengaluru,2026-08-23T21:40:12.124880
pay_058fb6b49b6c45,mer_1028,cust_20553,11820.59,INR,upi,HDFC,captured,none,0,none,29.5,21,6,0,0,7.51,0,0,mobile_ios,Kolkata,Kolkata,2026-08-23T21:45:28.124880
pay_9ef4e4b517294e,mer_1005,cust_20134,82714.14,INR,upi,SBI,captured,none,0,none,35.0,21,6,0,0,49.93,0,0,desktop_windows,Pune,Pune,2026-08-23T21:47:24.124880
pay_58a13c620cfa43,mer_1017,cust_20124,2478.73,INR,card_debit,SBI,captured,none,0,none,19.1,22,6,0,0,2.48,0,0,desktop_chrome,Kochi,Kochi,2026-08-23T22:08:19.124880
pay_66dbe61f275048,mer_1033,cust_20057,2746.65,INR,card_debit,HDFC,captured,none,0,none,13.5,22,6,0,0,1.02,0,0,mobile_android,Kochi,Kochi,2026-08-23T22:19:02.124880
pay_c168448f480e46,mer_1027,cust_20072,1011.4,INR,upi,KOTAK,captured,none,0,none,8.4,22,6,0,0,1.33,0,0,desktop_chrome,Ahmedabad,Ahmedabad,2026-08-23T22:20:48.124880
pay_f2f5fcbfaac445,mer_1040,cust_20534,10513.84,INR,upi,HDFC,captured,none,0,none,28.8,22,6,0,1,13.38,0,0,desktop_chrome,Kolkata,Kolkata,2026-08-23T22:32:01.124880
pay_f8165da297fc49,mer_1023,cust_20296,1758.21,INR,card_credit,SBI,failed,auth_timeout,0,none,19.6,22,6,0,0,1.33,0,0,desktop_chrome,Pune,Pune,2026-08-23T22:36:08.124880
pay_151715a685ec4f,mer_1024,cust_20162,2123.07,INR,upi,SBI,captured,none,0,none,12.2,23,6,0,0,1.12,0,0,desktop_windows,Mumbai,Mumbai,2026-08-23T23:04:04.124880
pay_297923fbca7046,mer_1035,cust_20309,32986.55,INR,upi,HDFC,captured,none,0,none,52.7,23,6,0,0,62.37,0,1,desktop_safari,Ahmedabad,Ahmedabad,2026-08-23T23:12:38.124880
pay_7c6061b1d93645,mer_1017,cust_20006,1608.82,INR,netbanking,HDFC,captured,none,0,none,30.5,23,6,0,0,3.56,0,0,desktop_safari,Bengaluru,Bengaluru,2026-08-23T23:19:24.124880
pay_e762536745f141,mer_1023,cust_20586,1051.4,INR,upi,ICICI,captured,none,0,none,18.2,23,6,0,0,0.19,0,0,desktop_windows,Delhi NCR,Delhi NCR,2026-08-23T23:36:00.124880
pay_cc17f958048247,mer_1023,cust_20391,5279.65,INR,upi,SBI,captured,none,0,none,26.5,23,6,0,0,6.59,0,0,mobile_android,Jaipur,Jaipur,2026-08-23T23:44:51.124880
pay_db980ee0026b46,mer_1019,cust_20325,378.43,INR,card_credit,HDFC,captured,none,0,none,26.7,0,0,0,0,0.26,1640,0,mobile_android,Ahmedabad,Bengaluru,2026-08-24T00:14:13.124880
pay_bd4b86ccc34b4b,mer_1010,cust_20165,546.41,INR,card_debit,ICICI,captured,none,0,none,15.6,0,0,0,0,0.35,0,0,desktop_windows,Delhi NCR,Delhi NCR,2026-08-24T00:17:32.124880
pay_ef0003546bb540,mer_1005,cust_20409,76833.44,INR,upi,SBI,captured,none,0,none,38.9,0,0,0,0,59.76,0,0,mobile_ios,Delhi NCR,Delhi NCR,2026-08-24T00:21:02.124880
pay_ba54e5142b3842,mer_1028,cust_20084,13570.81,INR,upi,SBI,captured,none,0,none,33.3,0,0,0,0,7.33,0,0,desktop_safari,Kochi,Kochi,2026-08-24T00:22:14.124880
pay_156034836bc54f,mer_1033,cust_20262,4085.33,INR,card_credit,SBI,captured,none,0,none,5.9,0,0,0,0,1.54,0,0,desktop_windows,Hyderabad,Hyderabad,2026-08-24T00:26:34.124880
pay_415abf3ff44a42,mer_1039,cust_20297,22269.49,INR,upi,ICICI,captured,none,0,none,38.3,0,0,0,0,7.81,0,0,desktop_chrome,Chennai,Chennai,2026-08-24T00:38:34.124880
pay_3cabbb8d7a384a,mer_1037,cust_20593,4423.56,INR,upi,SBI,captured,none,0,none,27.1,1,0,0,0,0.66,0,0,desktop_windows,Bengaluru,Bengaluru,2026-08-24T01:04:58.124880
pay_70bca8f032724e,mer_1001,cust_20075,949.02,INR,upi,HDFC,captured,none,0,none,24.4,1,0,0,0,0.38,0,0,mobile_ios,Hyderabad,Hyderabad,2026-08-24T01:13:12.124880
pay_3bd5923e3f0742,mer_1024,cust_20215,3183.6,INR,upi,ICICI,captured,none,0,none,49.1,1,0,0,0,5.51,0,0,mobile_ios,Jaipur,Jaipur,2026-08-24T01:13:48.124880
pay_8c761e166b8545,mer_1016,cust_20454,27034.37,INR,card_credit,AXIS,captured,none,0,none,35.6,1,0,0,0,19.04,0,0,mobile_ios,Kochi,Kochi,2026-08-24T01:21:54.124880
pay_36ab47daaa9f4c,mer_1007,cust_20301,36031.31,INR,upi,AXIS,captured,none,0,none,37.4,1,0,0,0,120.1,0,0,desktop_windows,Jaipur,Jaipur,2026-08-24T01:25:13.124880
pay_818d7b1cb70c48,mer_1011,cust_20304,10553.82,INR,card_credit,SBI,captured,none,0,none,50.0,1,0,0,0,4.25,0,0,desktop_chrome,Kolkata,Kolkata,2026-08-24T01:26:02.124880
pay_10d374e1174d4d,mer_1016,cust_20584,10748.81,INR,card_debit,HDFC,captured,none,0,none,40.5,1,0,0,0,5.96,0,0,desktop_chrome,Kolkata,Kolkata,2026-08-24T01:32:15.124880
pay_5458d3cb654446,mer_1020,cust_20463,25957.42,INR,card_credit,AXIS,captured,none,0,none,44.2,1,0,0,0,13.46,458,0,desktop_safari,Pune,Kochi,2026-08-24T01:35:32.124880
pay_d10eb4df6ad640,mer_1025,cust_20211,85083.73,INR,upi,HDFC,captured,none,0,none,35.8,1,0,0,0,215.42,0,0,desktop_safari,Bengaluru,Bengaluru,2026-08-24T01:59:46.124880
pay_c0a4d7ab68f249,mer_1008,cust_20479,81189.7,INR,upi,AXIS,captured,none,0,none,38.6,2,0,0,0,108.24,0,0,mobile_ios,Ahmedabad,Ahmedabad,2026-08-24T02:09:56.124880
pay_13ce630b099d47,mer_1035,cust_20266,61567.87,INR,upi,HDFC,captured,none,0,none,41.7,2,0,0,0,74.9,0,0,desktop_safari,Bengaluru,Bengaluru,2026-08-24T02:15:29.124880
pay_66cfe62e833f4f,mer_1038,cust_20137,40613.35,INR,card_credit,HDFC,captured,none,0,none,37.7,2,0,0,0,132.57,0,0,mobile_ios,Bengaluru,Bengaluru,2026-08-24T02:29:17.124880
pay_5e4d6e9c5f6a4d,mer_1037,cust_20391,1595.52,INR,upi,PAYTM_BANK,captured,none,0,none,38.7,2,0,0,1,1.99,973,0,desktop_windows,Jaipur,Mumbai,2026-08-24T02:44:05.124880
pay_54d0507d4a3d41,mer_1016,cust_20332,69727.68,INR,upi,ICICI,captured,none,0,none,54.9,3,0,0,0,45.02,1001,0,mobile_android,Delhi NCR,Bengaluru,2026-08-24T03:20:49.124880
pay_1bc10fac318843,mer_1012,cust_20108,5238.61,INR,upi,ICICI,captured,none,0,none,25.8,3,0,0,0,2.39,0,0,desktop_windows,Pune,Pune,2026-08-24T03:31:21.124880
pay_e6a992bf040c4c,mer_1039,cust_20240,38367.86,INR,upi,HDFC,captured,none,0,none,41.8,3,0,0,0,47.75,0,0,mobile_android,Bengaluru,Bengaluru,2026-08-24T03:38:44.124880
pay_e0bbb9ec119a45,mer_1005,cust_20591,61929.78,INR,upi,ICICI,captured,none,0,none,42.2,3,0,0,0,68.01,0,0,desktop_safari,Mumbai,Mumbai,2026-08-24T03:38:48.124880
pay_7b0c2873d2114f,mer_1007,cust_20335,46286.06,INR,upi,ICICI,captured,none,0,none,45.9,3,0,0,0,34.93,0,0,mobile_android,Hyderabad,Hyderabad,2026-08-24T03:45:04.124880
pay_39357b6eacf34c,mer_1021,cust_20374,62963.41,INR,upi,AXIS,failed,risk_blocked,1,account_takeover,92.6,4,0,0,0,52.0,0,1,mobile_android,Hyderabad,Hyderabad,2026-08-24T04:23:21.124880
pay_1c5d0c9c87c149,mer_1010,cust_20231,2786.93,INR,upi,ICICI,captured,none,0,none,37.6,4,0,0,0,3.24,0,0,mobile_ios,Kolkata,Kolkata,2026-08-24T04:30:06.124880
pay_14f8c9efb4d944,mer_1020,cust_20204,25987.86,INR,card_debit,HDFC,captured,none,0,none,49.7,4,0,0,0,9.01,0,0,mobile_ios,Kochi,Kochi,2026-08-24T04:38:05.124880
pay_e3cfaabb71ca49,mer_1028,cust_20594,10890.73,INR,upi,HDFC,failed,auth_timeout,0,none,42.7,4,0,0,0,7.53,0,0,desktop_safari,Pune,Pune,2026-08-24T04:52:15.124880
pay_30e86d9b25e44d,mer_1008,cust_20032,56378.48,INR,card_debit,ICICI,captured,none,0,none,30.1,5,0,0,0,34.87,0,0,desktop_safari,Kolkata,Kolkata,2026-08-24T05:03:19.124880
pay_724b603d3a5f4c,mer_1013,cust_20298,14120.57,INR,card_credit,HDFC,captured,none,0,none,36.4,6,0,0,0,21.99,0,0,desktop_safari,Kochi,Kochi,2026-08-24T06:12:53.124880
pay_5289122c775b49,mer_1003,cust_20204,3836.91,INR,upi,PAYTM_BANK,failed,issuer_bank_down,0,none,15.8,6,0,0,1,1.33,0,0,desktop_chrome,Kochi,Kochi,2026-08-24T06:49:36.124880
pay_e3cb47efb76b4d,mer_1024,cust_20100,1203.06,INR,netbanking,AXIS,captured,none,0,none,18.0,7,0,0,0,0.32,0,0,desktop_safari,Kolkata,Kolkata,2026-08-24T07:04:45.124880
pay_c02a4ecfc48742,mer_1029,cust_20241,1109.56,INR,upi,AXIS,captured,none,0,none,28.9,7,0,0,0,1.08,1506,0,desktop_safari,Delhi NCR,Pune,2026-08-24T07:17:33.124880
pay_a56d23dbbfcf4b,mer_1026,cust_20134,54049.86,INR,netbanking,ICICI,captured,none,0,none,37.7,7,0,0,1,32.63,0,0,mobile_android,Pune,Pune,2026-08-24T07:20:23.124880
pay_f64e86dc7f3f42,mer_1005,cust_20004,59530.14,INR,card_debit,ICICI,captured,none,0,none,48.4,7,0,0,0,16.35,0,1,desktop_windows,Ahmedabad,Ahmedabad,2026-08-24T07:31:47.124880
pay_b6a90ffee62c48,mer_1023,cust_20389,5399.7,INR,upi,SBI,failed,issuer_bank_down,0,none,33.9,7,0,0,0,13.92,0,0,desktop_safari,Kolkata,Kolkata,2026-08-24T07:33:29.124880
pay_2469d2efaf5c46,mer_1036,cust_20299,7642.42,INR,upi,SBI,captured,none,0,none,25.9,7,0,0,0,14.58,0,0,mobile_android,Chennai,Chennai,2026-08-24T07:42:18.124880
pay_0c0db21c69e244,mer_1004,cust_20297,13526.39,INR,card_credit,HDFC,captured,none,0,none,37.7,8,0,0,1,4.74,1371,0,mobile_android,Chennai,Delhi NCR,2026-08-24T08:17:23.124880
pay_665e1a360b854d,mer_1011,cust_20025,5800.75,INR,card_debit,ICICI,captured,none,0,none,31.5,8,0,0,0,7.36,0,0,desktop_windows,Chennai,Chennai,2026-08-24T08:27:28.124880
pay_71153111cabc47,mer_1011,cust_20229,72.8,INR,card_debit,AXIS,failed,risk_blocked,1,card_testing,84.7,8,0,0,1,0.11,0,0,mobile_ios,Ahmedabad,Ahmedabad,2026-08-24T08:31:58.124880
pay_84051d18bb804d,mer_1032,cust_20424,32719.53,INR,upi,HDFC,captured,none,0,none,30.8,8,0,0,0,14.04,0,0,mobile_ios,Ahmedabad,Ahmedabad,2026-08-24T08:33:53.124880
pay_23868dccfcb445,mer_1017,cust_20563,1372.41,INR,upi,HDFC,captured,none,0,none,9.6,8,0,0,0,2.23,0,0,desktop_safari,Kochi,Kochi,2026-08-24T08:41:58.124880
pay_140f404dc01345,mer_1005,cust_20305,45312.31,INR,upi,HDFC,captured,none,0,none,26.5,9,0,0,0,7.52,0,0,desktop_windows,Jaipur,Jaipur,2026-08-24T09:03:02.124880
pay_04e7e5fbc5284b,mer_1038,cust_20262,23274.99,INR,netbanking,SBI,captured,none,0,none,31.2,9,0,0,1,8.75,0,0,desktop_windows,Hyderabad,Hyderabad,2026-08-24T09:30:06.124880
pay_f72e6ec9517947,mer_1015,cust_20514,3361.91,INR,upi,SBI,captured,none,0,none,18.3,9,0,0,0,1.31,0,0,desktop_chrome,Pune,Pune,2026-08-24T09:30:59.124880
pay_291fe557c15240,mer_1024,cust_20096,4575.56,INR,card_debit,ICICI,captured,none,0,none,32.8,9,0,0,0,10.42,0,0,mobile_android,Ahmedabad,Ahmedabad,2026-08-24T09:32:50.124880
pay_9cdb07ac1fcd41,mer_1001,cust_20245,3729.07,INR,card_credit,SBI,captured,none,0,none,34.3,9,0,0,0,6.73,0,0,desktop_chrome,Mumbai,Mumbai,2026-08-24T09:40:14.124880
pay_c1362e5b4ba348,mer_1001,cust_20139,3145.46,INR,card_credit,HDFC,captured,none,0,none,39.6,9,0,0,0,4.61,0,0,mobile_ios,Jaipur,Jaipur,2026-08-24T09:48:08.124880
pay_d474b584312b40,mer_1010,cust_20147,7425.89,INR,upi,HDFC,captured,none,0,none,28.4,9,0,0,0,6.61,0,0,desktop_chrome,Mumbai,Mumbai,2026-08-24T09:51:18.124880
pay_f85ea701759340,mer_1023,cust_20087,2800.65,INR,wallet,HDFC,captured,none,0,none,9.0,9,0,0,1,0.8,0,0,mobile_ios,Ahmedabad,Ahmedabad,2026-08-24T09:57:44.124880
pay_7bb5416d856447,mer_1018,cust_20387,3430.15,INR,upi,HDFC,captured,none,0,none,29.6,10,0,0,0,3.52,0,0,desktop_chrome,Bengaluru,Bengaluru,2026-08-24T10:01:28.124880
pay_46a7f9b130264b,mer_1039,cust_20065,9473.89,INR,card_credit,ICICI,captured,none,0,none,29.4,11,0,0,0,12.86,0,0,desktop_safari,Mumbai,Mumbai,2026-08-24T11:03:37.124880
pay_b504425ba64b4b,mer_1004,cust_20149,19817.71,INR,card_debit,HDFC,captured,none,0,none,39.0,11,0,0,0,9.77,0,0,desktop_windows,Chennai,Chennai,2026-08-24T11:05:34.124880
pay_409777ede4b844,mer_1007,cust_20292,49791.55,INR,upi,ICICI,captured,none,0,none,27.2,11,0,0,0,32.74,0,0,mobile_android,Jaipur,Jaipur,2026-08-24T11:07:53.124880
pay_a04400468dd94f,mer_1027,cust_20061,1353.12,INR,upi,SBI,captured,none,0,none,15.3,11,0,0,0,1.33,0,0,mobile_ios,Ahmedabad,Ahmedabad,2026-08-24T11:08:07.124880
pay_528367c5a51f4b,mer_1036,cust_20422,10105.99,INR,upi,ICICI,captured,none,0,none,35.3,11,0,0,0,24.52,0,0,desktop_chrome,Hyderabad,Hyderabad,2026-08-24T11:25:51.124880
pay_874a8ad7319345,mer_1036,cust_20407,40004.36,INR,upi,ICICI,captured,none,0,none,34.3,11,0,0,0,126.48,0,0,desktop_safari,Mumbai,Mumbai,2026-08-24T11:35:15.124880
pay_dda6d4b085894f,mer_1031,cust_20135,8499.12,INR,upi,ICICI,captured,none,0,none,46.5,11,0,0,0,3.05,557,0,desktop_windows,Hyderabad,Kolkata,2026-08-24T11:56:19.124880
pay_75d8505d5ac344,mer_1029,cust_20217,1223.89,INR,upi,ICICI,captured,none,0,none,27.4,12,0,0,1,1.34,605,0,mobile_android,Delhi NCR,Kochi,2026-08-24T12:50:05.124880
pay_cb98d059d10140,mer_1035,cust_20159,44142.0,INR,netbanking,SBI,captured,none,0,none,34.6,13,0,0,1,10.69,0,0,desktop_windows,Bengaluru,Bengaluru,2026-08-24T13:23:00.124880
pay_c527070671294b,mer_1010,cust_20287,1119.29,INR,upi,KOTAK,captured,none,0,none,17.8,13,0,0,0,0.58,0,0,mobile_android,Chennai,Chennai,2026-08-24T13:33:20.124880
pay_47bd5016417149,mer_1017,cust_20351,377.62,INR,card_credit,SBI,captured,none,0,none,19.2,13,0,0,0,0.63,0,0,desktop_chrome,Kochi,Kochi,2026-08-24T13:36:44.124880
pay_ca7a16a122f947,mer_1039,cust_20130,4968.91,INR,wallet,ICICI,captured,none,0,none,16.4,13,0,0,0,2.52,0,0,desktop_chrome,Jaipur,Jaipur,2026-08-24T13:51:42.124880
pay_0d61f1331abb46,mer_1035,cust_20193,42274.44,INR,upi,HDFC,captured,none,0,none,34.7,13,0,0,1,8.82,0,0,mobile_ios,Kolkata,Kolkata,2026-08-24T13:55:46.124880
pay_27f2d541398a44,mer_1018,cust_20491,6834.72,INR,upi,HDFC,captured,none,0,none,9.2,14,0,0,0,0.7,0,0,mobile_android,Ahmedabad,Ahmedabad,2026-08-24T14:09:40.124880
pay_1d233f71d8e44f,mer_1030,cust_20469,72892.51,INR,card_credit,SBI,failed,issuer_bank_down,0,none,29.7,14,0,0,0,134.16,0,0,mobile_android,Kochi,Kochi,2026-08-24T14:35:15.124880
pay_b0a3c4d985f944,mer_1040,cust_20403,9580.88,INR,upi,HDFC,captured,none,0,none,36.6,15,0,0,0,16.31,0,0,mobile_android,Pune,Pune,2026-08-24T15:01:20.124880
pay_4ae48ed716c540,mer_1037,cust_20278,781.12,INR,upi,HDFC,captured,none,0,none,15.8,15,0,0,0,1.06,0,0,desktop_windows,Kolkata,Kolkata,2026-08-24T15:03:43.124880
pay_0b5173f7b6fb48,mer_1023,cust_20412,3446.77,INR,card_credit,HDFC,refunded,customer_return,0,none,36.4,15,0,0,0,6.12,0,0,desktop_safari,Mumbai,Mumbai,2026-08-24T15:25:50.124880
pay_faf86853915441,mer_1025,cust_20589,42994.45,INR,upi,SBI,captured,none,0,none,37.1,15,0,0,0,10.79,0,0,desktop_safari,Jaipur,Jaipur,2026-08-24T15:31:02.124880
pay_9aa1bc9b7fbe4d,mer_1034,cust_20482,497.09,INR,wallet,AXIS,captured,none,0,none,8.7,15,0,0,1,0.27,0,0,desktop_chrome,Hyderabad,Hyderabad,2026-08-24T15:35:14.124880
pay_79901132ac4140,mer_1008,cust_20095,34959.19,INR,card_credit,SBI,captured,none,0,none,28.1,15,0,0,0,74.23,0,0,desktop_chrome,Kochi,Kochi,2026-08-24T15:41:32.124880
pay_cbbda525e89149,mer_1037,cust_20581,3060.95,INR,card_debit,HDFC,captured,none,0,none,46.1,15,0,0,0,5.55,0,1,mobile_ios,Hyderabad,Hyderabad,2026-08-24T15:56:04.124880
pay_812574b5d17f44,mer_1033,cust_20343,2310.14,INR,card_credit,HDFC,captured,none,0,none,29.8,16,0,0,0,6.7,0,0,mobile_android,Delhi NCR,Delhi NCR,2026-08-24T16:31:48.124880
pay_e8079d81336648,mer_1029,cust_20436,671.17,INR,card_debit,SBI,captured,none,0,none,8.2,16,0,0,1,0.48,0,0,mobile_android,Bengaluru,Bengaluru,2026-08-24T16:42:22.124880
pay_346ed5b70f5a49,mer_1032,cust_20288,36625.45,INR,upi,ICICI,captured,none,0,none,37.6,16,0,0,0,13.47,0,0,desktop_chrome,Pune,Pune,2026-08-24T16:54:41.124880
pay_c621f0779a7641,mer_1021,cust_20554,62443.49,INR,card_credit,SBI,captured,none,0,none,30.8,17,0,0,0,29.08,0,0,mobile_ios,Pune,Pune,2026-08-24T17:02:22.124880
pay_e595742a9d4049,mer_1007,cust_20508,44555.28,INR,upi,SBI,failed,issuer_bank_down,0,none,25.0,17,0,0,0,43.52,0,0,mobile_android,Hyderabad,Hyderabad,2026-08-24T17:03:06.124880
pay_18677a61b7624f,mer_1039,cust_20361,6596.12,INR,upi,AXIS,captured,none,0,none,36.8,17,0,0,0,9.56,0,0,desktop_safari,Bengaluru,Bengaluru,2026-08-24T17:12:10.124880
pay_4c15b746bb3642,mer_1015,cust_20570,2497.61,INR,upi,HDFC,captured,none,0,none,30.2,17,0,0,0,8.33,0,0,desktop_windows,Chennai,Chennai,2026-08-24T17:35:18.124880
pay_b57236c57d6542,mer_1002,cust_20588,46282.27,INR,wallet,PAYTM_BANK,captured,none,0,none,39.6,17,0,0,0,26.31,0,0,desktop_windows,Kochi,Kochi,2026-08-24T17:59:52.124880
pay_4fb62645e2f040,mer_1026,cust_20012,11892.11,INR,card_credit,ICICI,captured,none,0,none,37.5,18,0,0,0,27.23,1214,0,mobile_ios,Kolkata,Hyderabad,2026-08-24T18:14:21.124880
pay_33167bda35074d,mer_1016,cust_20383,69613.81,INR,upi,HDFC,failed,issuer_bank_down,0,none,48.2,18,0,0,0,41.84,0,1,desktop_windows,Kochi,Kochi,2026-08-24T18:40:47.124880
pay_0a73ac5115a24b,mer_1035,cust_20455,40482.12,INR,upi,ICICI,captured,none,0,none,36.7,18,0,0,0,30.0,0,0,desktop_safari,Hyderabad,Hyderabad,2026-08-24T18:40:55.124880
pay_e2bcba7f00624f,mer_1031,cust_20126,53.94,INR,upi,HDFC,failed,risk_blocked,1,card_testing,89.2,18,0,0,0,0.01,0,0,mobile_ios,Kochi,Kochi,2026-08-24T18:50:01.124880
pay_b4ca9c85d1254c,mer_1028,cust_20521,5500.14,INR,card_credit,PAYTM_BANK,captured,none,0,none,31.5,18,0,0,0,6.47,0,0,mobile_ios,Hyderabad,Hyderabad,2026-08-24T18:56:10.124880
pay_73a1c7a1dd2b43,mer_1005,cust_20581,62809.71,INR,card_credit,SBI,captured,none,0,none,33.1,19,0,0,1,113.84,0,0,desktop_chrome,Hyderabad,Hyderabad,2026-08-24T19:08:31.124880
pay_c19b1f2d5c9441,mer_1006,cust_20363,34902.32,INR,card_debit,HDFC,captured,none,0,none,29.8,19,0,0,0,36.63,0,0,mobile_ios,Chennai,Chennai,2026-08-24T19:20:42.124880
pay_fc7502871c904c,mer_1036,cust_20301,17931.08,INR,card_debit,ICICI,captured,none,0,none,38.0,19,0,0,1,59.77,0,0,desktop_safari,Jaipur,Jaipur,2026-08-24T19:38:08.124880
pay_a51ab3716c8f4f,mer_1029,cust_20400,1670.23,INR,upi,SBI,failed,insufficient_funds,0,none,33.9,19,0,0,0,3.27,0,0,desktop_windows,Mumbai,Mumbai,2026-08-24T19:51:25.124880
pay_4919ea53240942,mer_1015,cust_20375,2368.23,INR,upi,SBI,captured,none,0,none,19.0,20,0,0,0,2.53,0,0,mobile_android,Ahmedabad,Ahmedabad,2026-08-24T20:00:06.124880
pay_0ce45495a12543,mer_1002,cust_20265,50464.26,INR,card_credit,SBI,captured,none,0,none,35.6,20,0,0,0,18.75,0,0,desktop_chrome,Kochi,Kochi,2026-08-24T20:03:32.124880
pay_2ed258237f524c,mer_1033,cust_20298,3780.76,INR,upi,HDFC,captured,none,0,none,34.5,20,0,0,1,5.89,0,0,desktop_chrome,Kochi,Kochi,2026-08-24T20:30:14.124880
pay_65228497bd1d46,mer_1011,cust_20160,17593.62,INR,card_credit,SBI,captured,none,0,none,33.1,20,0,0,0,28.01,0,0,desktop_windows,Pune,Pune,2026-08-24T20:49:38.124880
pay_7be3d07a978a4b,mer_1036,cust_20355,4585.86,INR,upi,SBI,captured,none,0,none,53.5,20,0,0,0,5.44,0,1,mobile_ios,Mumbai,Mumbai,2026-08-24T20:51:24.124880
pay_9c48a0f53c8045,mer_1002,cust_20312,68247.19,INR,upi,AXIS,captured,none,0,none,30.5,21,0,0,0,13.06,0,0,mobile_android,Bengaluru,Bengaluru,2026-08-24T21:08:10.124880
pay_2f106831676c44,mer_1021,cust_20455,47402.69,INR,upi,AXIS,captured,none,0,none,36.4,21,0,0,1,35.13,0,0,desktop_windows,Hyderabad,Hyderabad,2026-08-24T21:22:29.124880
pay_2dedfd0429b946,mer_1024,cust_20113,5584.15,INR,upi,SBI,captured,none,0,none,31.1,21,0,0,0,10.05,0,0,desktop_windows,Kolkata,Kolkata,2026-08-24T21:30:26.124880
pay_3dd1a9cb77c648,mer_1008,cust_20477,36957.18,INR,wallet,KOTAK,captured,none,0,none,28.3,21,0,0,0,4.95,0,0,desktop_windows,Kochi,Kochi,2026-08-24T21:31:29.124880
pay_756dbab217ba46,mer_1004,cust_20099,22660.56,INR,upi,SBI,failed,auth_timeout,0,none,29.1,22,0,0,0,39.82,0,0,desktop_windows,Kolkata,Kolkata,2026-08-24T22:23:28.124880
pay_0ca5aaba2fa24b,mer_1032,cust_20547,7819.87,INR,card_credit,HDFC,captured,none,0,none,37.1,22,0,0,0,3.8,0,0,desktop_windows,Bengaluru,Bengaluru,2026-08-24T22:26:09.124880
pay_7801fb1ec0ad42,mer_1034,cust_20468,2822.91,INR,upi,ICICI,captured,none,0,none,23.7,23,0,0,0,2.23,0,1,mobile_ios,Delhi NCR,Delhi NCR,2026-08-24T23:01:50.124880
pay_94ffd9b213364f,mer_1023,cust_20309,4666.83,INR,upi,AXIS,captured,none,0,none,39.8,23,0,0,0,8.82,0,0,mobile_android,Ahmedabad,Ahmedabad,2026-08-24T23:13:24.124880
pay_505775e7984d4f,mer_1030,cust_20557,67721.99,INR,card_credit,SBI,captured,none,0,none,36.1,23,0,0,0,21.83,555,0,desktop_windows,Mumbai,Hyderabad,2026-08-24T23:15:23.124880
pay_37219439e8f441,mer_1009,cust_20072,29208.68,INR,card_debit,HDFC,failed,insufficient_funds,0,none,49.0,23,0,0,0,38.47,505,0,mobile_ios,Ahmedabad,Hyderabad,2026-08-24T23:19:55.124880
pay_1003fca290964e,mer_1005,cust_20362,4646.11,INR,upi,HDFC,captured,none,0,none,25.5,23,0,0,0,0.81,1382,0,desktop_safari,Jaipur,Ahmedabad,2026-08-24T23:26:01.124880
pay_db551098398e40,mer_1001,cust_20410,3442.63,INR,upi,ICICI,captured,none,0,none,13.9,23,0,0,0,1.87,0,0,desktop_chrome,Mumbai,Mumbai,2026-08-24T23:39:33.124880
pay_4bbd03ce471e44,mer_1039,cust_20183,36085.41,INR,upi,ICICI,captured,none,0,none,35.8,0,1,0,0,27.98,1463,0,mobile_android,Jaipur,Pune,2026-08-25T00:14:41.124880
pay_6077481609604a,mer_1023,cust_20505,1288.09,INR,card_credit,AXIS,captured,none,0,none,16.0,0,1,0,0,0.63,0,0,desktop_windows,Ahmedabad,Ahmedabad,2026-08-25T00:21:13.124880
pay_c0345b7f645549,mer_1021,cust_20516,70179.4,INR,card_debit,HDFC,captured,none,0,none,35.3,0,1,0,0,28.78,0,0,mobile_android,Chennai,Chennai,2026-08-25T00:34:12.124880
pay_83931a02a72c40,mer_1018,cust_20353,5988.71,INR,upi,SBI,captured,none,0,none,29.8,0,1,0,0,4.21,210,0,desktop_chrome,Jaipur,Pune,2026-08-25T00:48:05.124880
pay_ccf499e3cf3849,mer_1003,cust_20143,2885.06,INR,wallet,SBI,captured,none,0,none,30.3,0,1,0,0,3.08,0,0,mobile_android,Hyderabad,Hyderabad,2026-08-25T00:55:53.124880
pay_3952bb6b2abc43,mer_1021,cust_20288,13582.56,INR,netbanking,HDFC,captured,none,0,none,40.9,1,1,0,1,4.99,0,0,desktop_safari,Pune,Pune,2026-08-25T01:13:06.124880
pay_bcece0d58b2c4b,mer_1029,cust_20161,1973.46,INR,upi,AXIS,failed,issuer_bank_down,0,none,23.2,1,1,0,0,1.17,0,0,mobile_ios,Pune,Pune,2026-08-25T01:17:11.124880
pay_78ce23a7db8242,mer_1010,cust_20014,7144.73,INR,upi,AXIS,captured,none,0,none,48.9,1,1,0,0,17.36,0,0,mobile_ios,Bengaluru,Bengaluru,2026-08-25T01:25:35.124880
pay_84a27e4e5de34b,mer_1010,cust_20229,6915.08,INR,upi,ICICI,captured,none,0,none,36.9,1,1,0,1,10.58,0,0,desktop_safari,Ahmedabad,Ahmedabad,2026-08-25T01:49:31.124880
pay_dc7e59725b6644,mer_1021,cust_20068,66982.37,INR,upi,AXIS,captured,none,0,none,44.2,2,1,0,0,34.14,0,0,desktop_chrome,Chennai,Chennai,2026-08-25T02:03:18.124880
pay_f2879a46ba434a,mer_1032,cust_20017,14949.05,INR,upi,HDFC,captured,none,0,none,48.9,2,1,0,0,16.16,0,0,desktop_safari,Hyderabad,Hyderabad,2026-08-25T02:25:04.124880
pay_6b4e0c3d7bd24f,mer_1038,cust_20366,30843.33,INR,card_debit,ICICI,failed,risk_blocked,1,account_takeover,85.0,2,1,0,0,20.31,1644,1,desktop_chrome,Pune,Kochi,2026-08-25T02:35:36.124880
pay_a60bd177d33940,mer_1020,cust_20509,26297.28,INR,upi,AXIS,captured,none,0,none,48.0,2,1,0,0,6.99,0,0,desktop_safari,Jaipur,Jaipur,2026-08-25T02:45:56.124880
pay_8d469a09549940,mer_1029,cust_20059,1756.67,INR,card_debit,ICICI,failed,insufficient_funds,0,none,43.7,3,1,0,0,1.3,0,1,desktop_safari,Mumbai,Mumbai,2026-08-25T03:00:43.124880
pay_4041f357447a4f,mer_1008,cust_20383,45173.0,INR,upi,KOTAK,captured,none,0,none,46.0,3,1,0,1,27.15,0,0,desktop_safari,Kochi,Kochi,2026-08-25T03:01:11.124880
pay_46c2e04eda4644,mer_1020,cust_20364,19744.52,INR,netbanking,HDFC,captured,none,0,none,44.4,3,1,0,0,32.3,0,0,desktop_windows,Delhi NCR,Delhi NCR,2026-08-25T03:17:00.124880
pay_1bba010711c24a,mer_1040,cust_20549,21545.84,INR,card_credit,ICICI,captured,none,0,none,42.5,3,1,0,0,18.45,0,0,desktop_chrome,Mumbai,Mumbai,2026-08-25T03:33:36.124880
pay_7c205824cc0e43,mer_1019,cust_20149,4695.72,INR,upi,HDFC,captured,none,0,none,17.7,3,1,0,1,2.32,0,0,desktop_safari,Chennai,Chennai,2026-08-25T03:44:01.124880
pay_28a9ef61c0cf4b,mer_1009,cust_20112,69857.54,INR,card_debit,HDFC,refunded,customer_return,0,none,52.3,4,1,0,0,31.27,584,0,desktop_chrome,Pune,Kochi,2026-08-25T04:09:21.124880
pay_97ccd7001e824d,mer_1033,cust_20312,244.22,INR,upi,HDFC,captured,none,0,none,38.3,4,1,0,1,0.05,1373,0,mobile_ios,Bengaluru,Pune,2026-08-25T04:11:24.124880
pay_fec809e0161e4e,mer_1003,cust_20365,4100.3,INR,card_credit,HDFC,captured,none,0,none,29.0,4,1,0,0,1.78,0,0,desktop_safari,Pune,Pune,2026-08-25T04:11:25.124880
pay_3d4b1b7952e84b,mer_1033,cust_20438,1011.43,INR,upi,HDFC,captured,none,0,none,23.7,4,1,0,0,0.58,308,0,mobile_ios,Pune,Kolkata,2026-08-25T04:11:44.124880
pay_3d210892bc694e,mer_1018,cust_20162,5415.97,INR,upi,SBI,captured,none,0,none,24.3,4,1,0,0,2.86,0,0,desktop_chrome,Mumbai,Mumbai,2026-08-25T04:15:01.124880
pay_a591e9b0121b41,mer_1015,cust_20161,510.2,INR,upi,AXIS,captured,none,0,none,22.0,4,1,0,1,0.3,0,0,mobile_android,Pune,Pune,2026-08-25T04:18:51.124880
pay_6012bd2781c547,mer_1002,cust_20083,17426.61,INR,card_credit,SBI,captured,none,0,none,49.3,4,1,0,0,11.24,0,0,desktop_safari,Chennai,Chennai,2026-08-25T04:29:17.124880
pay_ee3bf1c8459c49,mer_1036,cust_20449,10294.41,INR,card_debit,ICICI,captured,none,0,none,47.6,4,1,0,0,28.24,0,0,desktop_chrome,Chennai,Chennai,2026-08-25T04:29:38.124880
pay_9c7bc9f298d04a,mer_1024,cust_20461,7873.63,INR,upi,KOTAK,captured,none,0,none,48.9,4,1,0,0,7.87,0,0,desktop_windows,Kolkata,Kolkata,2026-08-25T04:40:15.124880
pay_1d1999e8623545,mer_1008,cust_20518,85515.58,INR,wallet,AXIS,captured,none,0,none,40.9,4,1,0,0,116.0,0,0,desktop_chrome,Delhi NCR,Delhi NCR,2026-08-25T04:53:55.124880
pay_62eb129925644f,mer_1003,cust_20458,1673.58,INR,upi,SBI,captured,none,0,none,22.5,4,1,0,0,2.8,0,0,mobile_android,Bengaluru,Bengaluru,2026-08-25T04:54:28.124880
pay_a1187520218646,mer_1004,cust_20269,13047.45,INR,upi,HDFC,captured,none,0,none,13.8,5,1,0,0,2.18,0,0,mobile_ios,Mumbai,Mumbai,2026-08-25T05:04:29.124880
pay_52338ee1426248,mer_1029,cust_20190,1722.19,INR,card_credit,HDFC,captured,none,0,none,28.8,5,1,0,0,0.7,1376,0,mobile_android,Ahmedabad,Bengaluru,2026-08-25T05:06:57.124880
pay_6e62747784bf42,mer_1006,cust_20189,39745.29,INR,card_debit,HDFC,captured,none,0,none,46.3,5,1,0,0,22.06,671,0,desktop_chrome,Kolkata,Jaipur,2026-08-25T05:09:51.124880
pay_96733f0fdc9e4c,mer_1031,cust_20304,7492.1,INR,netbanking,HDFC,captured,none,0,none,28.0,5,1,0,0,3.02,0,0,mobile_ios,Kolkata,Kolkata,2026-08-25T05:28:49.124880
pay_19dac94bc1ab40,mer_1002,cust_20454,61602.21,INR,card_debit,SBI,captured,none,0,none,39.3,5,1,0,0,43.38,0,0,mobile_ios,Kochi,Kochi,2026-08-25T05:49:10.124880
pay_13068a0a940240,mer_1018,cust_20534,7757.09,INR,card_debit,SBI,captured,none,0,none,37.2,6,1,0,0,9.87,0,0,desktop_chrome,Kolkata,Kolkata,2026-08-25T06:02:04.124880
pay_f2481cd0a64546,mer_1033,cust_20260,2374.69,INR,card_credit,SBI,captured,none,0,none,14.0,6,1,0,0,1.64,0,0,desktop_chrome,Kolkata,Kolkata,2026-08-25T06:03:46.124880
pay_1dd6fed6dbf14b,mer_1029,cust_20291,1723.7,INR,upi,SBI,captured,none,0,none,6.6,6,1,0,0,1.77,0,0,mobile_android,Pune,Pune,2026-08-25T06:04:51.124880
pay_9205bc3ac1b04b,mer_1007,cust_20502,60954.98,INR,upi,HDFC,captured,none,0,none,35.9,6,1,0,0,42.25,0,0,desktop_safari,Kochi,Kochi,2026-08-25T06:12:49.124880
pay_9bca511ebb9e45,mer_1030,cust_20004,25172.46,INR,upi,ICICI,captured,none,0,none,29.7,6,1,0,1,6.91,0,0,mobile_android,Ahmedabad,Ahmedabad,2026-08-25T06:35:32.124880
pay_8dd677320a494a,mer_1005,cust_20054,10814.17,INR,card_debit,ICICI,captured,none,0,none,5.8,6,1,0,0,2.36,0,0,desktop_chrome,Hyderabad,Hyderabad,2026-08-25T06:45:45.124880
pay_61ec1f9d115f48,mer_1018,cust_20562,11555.92,INR,upi,ICICI,captured,none,0,none,36.0,7,1,0,0,7.86,0,0,desktop_chrome,Hyderabad,Hyderabad,2026-08-25T07:07:12.124880
pay_7a38be9d1a7749,mer_1033,cust_20524,1151.85,INR,upi,AXIS,captured,none,0,none,11.2,7,1,0,0,0.88,0,0,desktop_chrome,Pune,Pune,2026-08-25T07:15:45.124880
pay_53b1a42820124b,mer_1029,cust_20244,628.99,INR,netbanking,ICICI,captured,none,0,none,29.3,7,1,0,0,0.25,1254,0,mobile_ios,Hyderabad,Ahmedabad,2026-08-25T07:16:22.124880
pay_694badb41ba543,mer_1036,cust_20423,39571.57,INR,upi,HDFC,captured,none,0,none,25.0,7,1,0,0,53.45,0,0,desktop_chrome,Pune,Pune,2026-08-25T07:20:05.124880
pay_24fd32b5400d42,mer_1024,cust_20386,6218.63,INR,upi,AXIS,captured,none,0,none,38.1,7,1,0,0,4.12,0,0,mobile_ios,Ahmedabad,Ahmedabad,2026-08-25T07:47:18.124880
pay_536cad06067845,mer_1031,cust_20012,19762.42,INR,netbanking,ICICI,captured,none,0,none,32.6,7,1,0,1,45.26,0,0,mobile_ios,Kolkata,Kolkata,2026-08-25T07:57:52.124880
pay_ba326b27d4a94e,mer_1007,cust_20067,56381.81,INR,card_credit,HDFC,captured,none,0,none,32.0,7,1,0,0,62.96,0,0,mobile_ios,Kochi,Kochi,2026-08-25T07:59:52.124880
pay_b22e589bc1b540,mer_1011,cust_20071,7855.74,INR,card_debit,ICICI,failed,issuer_bank_down,0,none,38.0,8,1,0,0,4.23,0,0,mobile_ios,Bengaluru,Bengaluru,2026-08-25T08:29:02.124880
pay_ef86575a4c7d43,mer_1040,cust_20229,44158.55,INR,upi,SBI,refunded,customer_return,0,none,38.0,8,1,0,1,67.54,0,0,desktop_chrome,Ahmedabad,Ahmedabad,2026-08-25T08:46:38.124880
pay_579b5474190a42,mer_1013,cust_20237,14979.38,INR,card_credit,ICICI,captured,none,0,none,35.0,8,1,0,0,7.62,0,0,desktop_windows,Pune,Pune,2026-08-25T08:53:52.124880
pay_a9c5358c11184e,mer_1034,cust_20316,2449.92,INR,upi,ICICI,captured,none,0,none,31.4,9,1,0,0,3.46,0,0,mobile_android,Kochi,Kochi,2026-08-25T09:03:53.124880
pay_3d09cfac9bf643,mer_1004,cust_20319,40091.89,INR,upi,ICICI,captured,none,0,none,43.7,9,1,0,0,63.69,700,0,desktop_chrome,Chennai,Delhi NCR,2026-08-25T09:22:05.124880
pay_ac514255982543,mer_1013,cust_20251,8053.99,INR,card_debit,ICICI,captured,none,0,none,14.2,9,1,0,0,2.86,0,0,mobile_ios,Mumbai,Mumbai,2026-08-25T09:23:08.124880
pay_214f1488ab7c46,mer_1018,cust_20023,11214.89,INR,upi,AXIS,captured,none,0,none,31.9,9,1,0,0,19.24,0,0,desktop_safari,Pune,Pune,2026-08-25T09:28:01.124880
pay_10cd56965b3d4b,mer_1005,cust_20305,66987.48,INR,upi,HDFC,captured,none,0,none,26.6,9,1,0,0,11.11,0,0,desktop_windows,Jaipur,Jaipur,2026-08-25T09:37:03.124880
pay_f243da45ed254b,mer_1034,cust_20346,1348.1,INR,upi,ICICI,captured,none,0,none,12.8,9,1,0,0,1.41,0,0,mobile_ios,Hyderabad,Hyderabad,2026-08-25T09:39:17.124880
pay_7762fcf4e68a48,mer_1034,cust_20173,2757.25,INR,card_debit,AXIS,captured,none,0,none,7.1,9,1,0,0,1.05,0,0,mobile_ios,Delhi NCR,Delhi NCR,2026-08-25T09:40:48.124880
pay_c2d0db46207742,mer_1024,cust_20591,2108.52,INR,netbanking,AXIS,captured,none,0,none,28.6,10,1,0,0,2.32,1315,0,desktop_chrome,Mumbai,Ahmedabad,2026-08-25T10:10:14.124880
pay_fb38ed7cf13341,mer_1007,cust_20479,43989.34,INR,upi,AXIS,captured,none,0,none,28.4,10,1,0,0,58.64,0,0,mobile_ios,Ahmedabad,Ahmedabad,2026-08-25T10:20:45.124880
pay_396adaa37ac147,mer_1040,cust_20536,39530.69,INR,card_debit,SBI,captured,none,0,none,35.7,10,1,0,0,29.43,0,0,mobile_ios,Bengaluru,Bengaluru,2026-08-25T10:42:08.124880
pay_387ec80cf3f642,mer_1037,cust_20057,1017.78,INR,upi,SBI,captured,none,0,none,17.6,11,1,0,0,0.38,0,0,desktop_safari,Kochi,Kochi,2026-08-25T11:13:56.124880
pay_b7fc9f51c69148,mer_1018,cust_20012,12381.08,INR,upi,ICICI,captured,none,0,none,36.2,11,1,0,2,28.35,0,0,mobile_android,Kolkata,Kolkata,2026-08-25T11:18:39.124880
pay_44c5f678662841,mer_1038,cust_20472,38645.02,INR,card_credit,HDFC,captured,none,0,none,27.3,11,1,0,0,15.42,0,0,desktop_safari,Chennai,Chennai,2026-08-25T11:30:56.124880
pay_4820dbf032c344,mer_1022,cust_20591,67.71,INR,upi,HDFC,failed,risk_blocked,1,card_testing,84.7,11,1,0,1,0.07,0,0,mobile_android,Mumbai,Mumbai,2026-08-25T11:38:00.124880
pay_e47708409e704f,mer_1025,cust_20372,46169.63,INR,upi,SBI,captured,none,0,none,29.0,11,1,0,0,132.98,0,0,desktop_windows,Kolkata,Kolkata,2026-08-25T11:59:47.124880
pay_eaa20d6d898340,mer_1014,cust_20238,34921.78,INR,upi,SBI,captured,none,0,none,30.1,12,1,0,0,25.48,0,0,mobile_ios,Kolkata,Kolkata,2026-08-25T12:01:31.124880
pay_af2d93dc87d547,mer_1026,cust_20427,21745.89,INR,upi,ICICI,captured,none,0,none,26.9,12,1,0,0,8.77,0,0,mobile_ios,Hyderabad,Hyderabad,2026-08-25T12:09:55.124880
pay_64abb299c97c48,mer_1026,cust_20407,85620.13,INR,netbanking,HDFC,captured,none,0,none,26.8,12,1,0,0,270.71,0,0,mobile_android,Mumbai,Mumbai,2026-08-25T12:20:19.124880
pay_001cf2fee66047,mer_1021,cust_20493,27383.47,INR,upi,HDFC,captured,none,0,none,32.9,12,1,0,0,15.27,0,0,desktop_safari,Bengaluru,Bengaluru,2026-08-25T12:21:35.124880
pay_81a769b036a341,mer_1023,cust_20279,543.54,INR,upi,SBI,captured,none,0,none,16.2,12,1,0,0,0.54,0,0,desktop_safari,Mumbai,Mumbai,2026-08-25T12:35:02.124880
pay_bfd1f6b2e76745,mer_1037,cust_20220,2384.43,INR,upi,PAYTM_BANK,captured,none,0,none,13.4,12,1,0,0,1.21,0,0,desktop_windows,Kochi,Kochi,2026-08-25T12:40:45.124880
pay_3a96860d2fcd45,mer_1028,cust_20348,98.68,INR,wallet,SBI,captured,none,1,card_testing,87.9,12,1,0,0,0.1,274,0,desktop_chrome,Kolkata,Delhi NCR,2026-08-25T12:58:10.124880
pay_d9904931c5124f,mer_1021,cust_20330,68518.42,INR,card_debit,HDFC,captured,none,0,none,39.8,13,1,0,0,58.2,0,0,mobile_android,Mumbai,Mumbai,2026-08-25T13:05:07.124880
pay_c99178e9921f4f,mer_1016,cust_20460,8077.48,INR,upi,AXIS,captured,none,0,none,39.7,13,1,0,0,10.11,0,0,mobile_ios,Ahmedabad,Ahmedabad,2026-08-25T13:12:58.124880
pay_4f05e0b8b98743,mer_1017,cust_20041,2704.57,INR,upi,AXIS,captured,none,0,none,17.6,13,1,0,0,1.24,1097,0,desktop_windows,Mumbai,Chennai,2026-08-25T13:14:20.124880
pay_6a7349d8f9d943,mer_1015,cust_20127,5130.79,INR,upi,HDFC,captured,none,0,none,26.4,13,1,0,0,4.29,0,0,desktop_windows,Kolkata,Kolkata,2026-08-25T13:20:31.124880
pay_9283a801d1434b,mer_1019,cust_20133,2071.61,INR,card_credit,HDFC,captured,none,0,none,7.5,13,1,0,0,1.04,0,0,desktop_safari,Chennai,Chennai,2026-08-25T13:24:36.124880
pay_4916477b427846,mer_1032,cust_20314,29630.53,INR,netbanking,KOTAK,captured,none,0,none,28.4,13,1,0,0,77.67,0,0,desktop_safari,Delhi NCR,Delhi NCR,2026-08-25T13:24:37.124880
pay_7c7d21f49b9f47,mer_1004,cust_20214,33277.28,INR,card_credit,SBI,captured,none,0,none,32.6,13,1,0,0,18.76,0,0,desktop_windows,Jaipur,Jaipur,2026-08-25T13:27:31.124880
pay_58354770877f46,mer_1019,cust_20103,4922.86,INR,upi,PAYTM_BANK,captured,none,0,none,13.9,13,1,0,0,2.71,0,0,mobile_ios,Kochi,Kochi,2026-08-25T13:36:43.124880
pay_41d1727915c843,mer_1022,cust_20504,1027.66,INR,upi,HDFC,captured,none,0,none,6.3,14,1,0,0,0.55,0,0,mobile_android,Hyderabad,Hyderabad,2026-08-25T14:06:06.124880
pay_4a260f151feb40,mer_1035,cust_20233,40530.8,INR,upi,HDFC,captured,none,0,none,36.2,14,1,0,0,41.38,0,0,mobile_ios,Chennai,Chennai,2026-08-25T14:11:30.124880
pay_23826cec801f43,mer_1039,cust_20202,4434.36,INR,upi,AXIS,captured,none,0,none,38.1,14,1,0,0,8.46,0,0,desktop_windows,Jaipur,Jaipur,2026-08-25T14:16:40.124880
pay_80f213c30d1f42,mer_1016,cust_20007,7155.76,INR,netbanking,AXIS,captured,none,0,none,26.9,14,1,0,0,6.36,202,0,desktop_windows,Kochi,Pune,2026-08-25T14:51:00.124880
pay_13aff62e0f7f4d,mer_1008,cust_20541,48160.36,INR,netbanking,HDFC,captured,none,0,none,34.1,14,1,0,0,32.9,0,0,mobile_android,Jaipur,Jaipur,2026-08-25T14:52:53.124880
pay_ac7517d7c6c043,mer_1037,cust_20115,3679.67,INR,upi,ICICI,captured,none,0,none,19.7,14,1,0,0,0.83,0,0,mobile_android,Kochi,Kochi,2026-08-25T14:54:22.124880
pay_8b3f653003624c,mer_1006,cust_20349,33815.47,INR,card_debit,HDFC,captured,none,0,none,28.8,15,1,0,0,72.01,0,0,desktop_safari,Kochi,Kochi,2026-08-25T15:00:50.124880
pay_99ca7c9e234c40,mer_1005,cust_20347,17121.52,INR,upi,HDFC,captured,none,0,none,37.7,15,1,0,0,3.16,0,0,desktop_windows,Bengaluru,Bengaluru,2026-08-25T15:13:40.124880
pay_055f3326e0e841,mer_1016,cust_20284,90794.58,INR,netbanking,ICICI,captured,none,0,none,33.6,15,1,0,0,41.85,0,0,desktop_safari,Hyderabad,Hyderabad,2026-08-25T15:18:14.124880
pay_059fbee601aa4f,mer_1027,cust_20326,97.54,INR,netbanking,HDFC,failed,risk_blocked,1,card_testing,80.8,15,1,0,0,0.04,0,0,mobile_ios,Jaipur,Jaipur,2026-08-25T15:21:15.124880
pay_21c3c9da4fee46,mer_1001,cust_20240,3639.61,INR,upi,ICICI,failed,insufficient_funds,0,none,38.5,15,1,0,0,4.53,0,0,desktop_chrome,Bengaluru,Bengaluru,2026-08-25T15:34:17.124880
pay_5bc948c7e50c49,mer_1025,cust_20465,42562.8,INR,upi,KOTAK,captured,none,0,none,29.9,15,1,0,0,7.57,0,0,mobile_ios,Bengaluru,Bengaluru,2026-08-25T15:34:24.124880
pay_2670d5ea2cad46,mer_1022,cust_20446,2384.75,INR,upi,HDFC,captured,none,0,none,32.1,15,1,0,0,0.61,1413,1,desktop_windows,Kochi,Chennai,2026-08-25T15:37:57.124880
pay_865eaccb1f0244,mer_1033,cust_20230,1317.74,INR,card_debit,HDFC,captured,none,0,none,11.4,15,1,0,0,2.87,0,0,desktop_windows,Hyderabad,Hyderabad,2026-08-25T15:42:45.124880
pay_fd105ec8a84541,mer_1021,cust_20563,60116.41,INR,upi,SBI,captured,none,0,none,31.9,15,1,0,0,97.83,0,0,desktop_chrome,Kochi,Kochi,2026-08-25T15:48:40.124880
pay_109480dfb3024b,mer_1032,cust_20592,6105.15,INR,upi,HDFC,captured,none,0,none,9.5,16,1,0,0,2.54,0,0,desktop_chrome,Hyderabad,Hyderabad,2026-08-25T16:01:40.124880
pay_e6d1b8f111ae45,mer_1021,cust_20043,78452.8,INR,upi,AXIS,captured,none,0,none,29.0,16,1,0,0,172.37,0,0,desktop_windows,Kochi,Kochi,2026-08-25T16:15:43.124880
pay_3a948f354d4a4d,mer_1004,cust_20011,17021.73,INR,upi,AXIS,captured,none,0,none,28.9,16,1,0,0,30.96,0,0,desktop_safari,Mumbai,Mumbai,2026-08-25T16:31:34.124880
pay_d8e92497cfa14f,mer_1039,cust_20386,35290.33,INR,upi,HDFC,captured,none,0,none,43.8,16,1,0,1,23.4,1342,0,desktop_windows,Ahmedabad,Kolkata,2026-08-25T16:37:00.124880
pay_8fad2d6d2a0243,mer_1030,cust_20595,68796.75,INR,upi,HDFC,captured,none,0,none,26.3,16,1,0,0,65.8,0,0,desktop_chrome,Kochi,Kochi,2026-08-25T16:40:59.124880
pay_6014869a2e6446,mer_1009,cust_20413,36560.45,INR,upi,SBI,captured,none,0,none,41.9,16,1,0,0,72.95,803,0,mobile_android,Jaipur,Ahmedabad,2026-08-25T16:43:32.124880
pay_f28fc4aa6bcc4b,mer_1005,cust_20184,23047.98,INR,upi,ICICI,failed,auth_timeout,0,none,27.5,16,1,0,0,76.83,0,0,mobile_android,Chennai,Chennai,2026-08-25T16:58:17.124880
pay_7897abaac7a845,mer_1034,cust_20507,2285.24,INR,card_debit,SBI,captured,none,0,none,37.0,17,1,0,0,4.07,0,0,mobile_android,Bengaluru,Bengaluru,2026-08-25T17:06:57.124880
pay_63942b08f58e4d,mer_1009,cust_20383,10090.0,INR,card_credit,SBI,captured,none,0,none,27.0,17,1,0,2,6.06,0,0,mobile_ios,Kochi,Kochi,2026-08-25T17:08:53.124880
pay_feba7936d99d43,mer_1003,cust_20093,844.84,INR,upi,ICICI,captured,none,0,none,6.2,17,1,0,0,0.19,0,0,mobile_ios,Hyderabad,Hyderabad,2026-08-25T17:13:04.124880
pay_57694121e5e749,mer_1018,cust_20153,10759.19,INR,upi,ICICI,captured,none,0,none,32.3,17,1,0,0,12.6,0,0,mobile_android,Kochi,Kochi,2026-08-25T17:40:52.124880
pay_845fd573e1c747,mer_1029,cust_20524,545.53,INR,upi,HDFC,captured,none,0,none,12.1,17,1,0,1,0.42,0,0,desktop_chrome,Pune,Pune,2026-08-25T17:49:11.124880
pay_538a45be48c14f,mer_1014,cust_20050,28067.48,INR,card_credit,HDFC,captured,none,0,none,39.6,17,1,0,0,5.33,0,0,desktop_safari,Delhi NCR,Delhi NCR,2026-08-25T17:51:53.124880
pay_f74639e2508a4b,mer_1028,cust_20296,10918.51,INR,card_credit,SBI,captured,none,0,none,35.1,18,1,0,0,8.28,375,0,desktop_chrome,Pune,Jaipur,2026-08-25T18:11:42.124880
pay_dda06f77150c43,mer_1024,cust_20086,1177.29,INR,upi,HDFC,captured,none,0,none,11.1,18,1,0,0,1.2,0,0,desktop_windows,Ahmedabad,Ahmedabad,2026-08-25T18:48:42.124880
pay_b63dd633da614c,mer_1016,cust_20524,53672.9,INR,upi,ICICI,captured,none,0,none,44.8,19,1,0,2,40.88,0,1,mobile_ios,Pune,Pune,2026-08-25T19:17:59.124880
pay_53448e5e2ce040,mer_1038,cust_20370,3995.85,INR,upi,ICICI,captured,none,0,none,37.7,19,1,0,0,5.9,0,0,desktop_safari,Ahmedabad,Ahmedabad,2026-08-25T19:34:06.124880
pay_243d01447e5d41,mer_1001,cust_20178,3238.68,INR,card_debit,AXIS,captured,none,0,none,5.6,19,1,0,0,0.62,0,0,mobile_android,Mumbai,Mumbai,2026-08-25T19:54:45.124880
pay_c3e6c5036e3d4f,mer_1002,cust_20103,23952.06,INR,card_credit,HDFC,captured,none,0,none,35.3,20,1,0,1,13.19,0,0,mobile_ios,Kochi,Kochi,2026-08-25T20:12:20.124880
pay_aded5cc739cc40,mer_1017,cust_20327,2052.9,INR,upi,ICICI,captured,none,0,none,39.5,20,1,0,0,6.84,0,0,desktop_chrome,Pune,Pune,2026-08-25T20:13:13.124880
pay_34b4d542e8df45,mer_1011,cust_20257,36093.76,INR,upi,KOTAK,captured,none,0,none,33.6,20,1,0,0,21.58,0,0,desktop_safari,Hyderabad,Hyderabad,2026-08-25T20:20:09.124880
pay_9f07e659e94741,mer_1004,cust_20390,28344.24,INR,card_credit,AXIS,captured,none,0,none,39.0,20,1,0,0,5.18,345,0,mobile_android,Kochi,Chennai,2026-08-25T20:39:09.124880
pay_773b868dfaa249,mer_1034,cust_20080,2061.32,INR,upi,AXIS,captured,none,0,none,8.0,20,1,0,0,2.4,0,0,desktop_windows,Jaipur,Jaipur,2026-08-25T20:42:35.124880
pay_9e73aa2ba7d54a,mer_1010,cust_20064,2099.95,INR,card_credit,HDFC,captured,none,0,none,19.5,21,1,0,0,0.27,0,0,desktop_windows,Pune,Pune,2026-08-25T21:00:44.124880
pay_43655b2b72614c,mer_1035,cust_20015,24090.98,INR,upi,AXIS,captured,none,0,none,37.8,21,1,0,0,7.82,0,0,desktop_chrome,Delhi NCR,Delhi NCR,2026-08-25T21:18:43.124880
pay_6aa15deceaa545,mer_1012,cust_20275,17955.29,INR,upi,SBI,captured,none,0,none,33.4,21,1,0,0,7.23,0,0,desktop_windows,Bengaluru,Bengaluru,2026-08-25T21:34:23.124880
pay_4f4976ce5fcc4a,mer_1027,cust_20522,2225.24,INR,upi,HDFC,captured,none,0,none,7.5,21,1,0,0,1.03,0,0,mobile_android,Kochi,Kochi,2026-08-25T21:56:35.124880
pay_5e5d0b6f57734c,mer_1019,cust_20279,989.39,INR,upi,SBI,failed,issuer_bank_down,0,none,10.9,22,1,0,1,0.99,0,0,mobile_ios,Mumbai,Mumbai,2026-08-25T22:07:38.124880
pay_d389431c02f840,mer_1039,cust_20068,33099.91,INR,upi,ICICI,captured,none,0,none,27.5,22,1,0,1,16.87,0,0,mobile_ios,Chennai,Chennai,2026-08-25T22:10:53.124880
pay_1c379b461f954c,mer_1009,cust_20412,61091.95,INR,upi,ICICI,captured,none,0,none,38.5,22,1,0,0,108.48,0,0,desktop_chrome,Mumbai,Mumbai,2026-08-25T22:28:16.124880
pay_902992afe9fa40,mer_1031,cust_20428,20686.06,INR,upi,SBI,captured,none,0,none,32.0,22,1,0,0,21.64,0,0,desktop_windows,Pune,Pune,2026-08-25T22:38:00.124880
pay_f9f86d98d7664f,mer_1002,cust_20279,66919.55,INR,card_debit,HDFC,captured,none,0,none,35.5,22,1,1,2,66.99,0,0,desktop_chrome,Mumbai,Mumbai,2026-08-25T22:52:02.124880
pay_9796597940cd44,mer_1018,cust_20256,10339.44,INR,upi,SBI,failed,issuer_bank_down,0,none,32.6,22,1,0,0,9.66,0,0,mobile_ios,Bengaluru,Bengaluru,2026-08-25T22:55:09.124880
pay_c93fb274cc914b,mer_1001,cust_20356,4777.53,INR,card_debit,SBI,captured,none,0,none,25.1,22,1,0,0,4.2,434,0,desktop_windows,Mumbai,Kolkata,2026-08-25T22:58:44.124880
pay_5d5b174dab4f48,mer_1034,cust_20302,2615.49,INR,card_credit,AXIS,captured,none,0,none,7.2,23,1,0,0,0.57,0,0,mobile_android,Ahmedabad,Ahmedabad,2026-08-25T23:06:02.124880
pay_d05ad5e8cb654a,mer_1009,cust_20523,64897.95,INR,upi,HDFC,captured,none,0,none,46.9,23,1,0,0,78.18,581,0,desktop_safari,Kolkata,Hyderabad,2026-08-25T23:10:10.124880
pay_cb95b6b1fe4140,mer_1037,cust_20106,4020.11,INR,wallet,KOTAK,captured,none,0,none,44.2,23,1,0,0,3.27,586,0,desktop_windows,Chennai,Pune,2026-08-25T23:30:50.124880
pay_a8914137c50748,mer_1033,cust_20435,698.88,INR,upi,HDFC,failed,auth_timeout,0,none,19.1,23,1,0,0,0.99,0,0,mobile_android,Ahmedabad,Ahmedabad,2026-08-25T23:40:39.124880
pay_08a8e3656ea743,mer_1013,cust_20324,36486.58,INR,upi,ICICI,captured,none,0,none,33.9,23,1,0,0,40.37,0,0,desktop_windows,Hyderabad,Hyderabad,2026-08-25T23:42:31.124880
pay_26c3a17039fd40,mer_1017,cust_20046,1038.45,INR,card_credit,KOTAK,captured,none,0,none,16.1,23,1,0,0,1.48,0,0,mobile_ios,Mumbai,Mumbai,2026-08-25T23:43:26.124880
pay_65302b0a4d744b,mer_1013,cust_20336,38308.13,INR,netbanking,ICICI,captured,none,0,none,32.5,23,1,0,0,9.9,0,0,desktop_windows,Ahmedabad,Ahmedabad,2026-08-25T23:49:38.124880
pay_631036e04c214f,mer_1006,cust_20181,36145.56,INR,upi,ICICI,captured,none,0,none,35.3,23,1,0,0,10.34,0,0,desktop_chrome,Ahmedabad,Ahmedabad,2026-08-25T23:51:25.124880
pay_58a721dd3da042,mer_1025,cust_20528,75962.85,INR,card_credit,ICICI,captured,none,0,none,31.3,0,2,0,0,155.28,0,0,mobile_android,Pune,Pune,2026-08-26T00:20:05.124880
pay_aa166b24d1a54b,mer_1026,cust_20232,50009.48,INR,card_debit,AXIS,captured,none,0,none,26.6,0,2,0,0,6.44,0,0,desktop_chrome,Kolkata,Kolkata,2026-08-26T00:20:46.124880
pay_b09f417592134e,mer_1018,cust_20092,4850.64,INR,card_debit,HDFC,captured,none,0,none,34.8,0,2,0,0,4.53,0,0,desktop_chrome,Pune,Pune,2026-08-26T00:25:15.124880
pay_61d5edb0403b47,mer_1011,cust_20160,6181.49,INR,card_debit,SBI,failed,issuer_bank_down,0,none,29.6,0,2,0,0,9.84,373,0,desktop_windows,Pune,Bengaluru,2026-08-26T00:29:04.124880
pay_8b79a717d06543,mer_1011,cust_20556,17552.08,INR,upi,HDFC,captured,none,0,none,30.0,0,2,0,0,7.98,0,0,desktop_windows,Jaipur,Jaipur,2026-08-26T00:44:50.124880
pay_05f8af436ddb40,mer_1007,cust_20593,19289.97,INR,upi,HDFC,captured,none,0,none,17.7,0,2,0,0,2.89,0,0,desktop_windows,Bengaluru,Bengaluru,2026-08-26T00:45:28.124880
pay_dca44069101046,mer_1035,cust_20260,13624.76,INR,upi,ICICI,captured,none,0,none,41.5,1,2,0,1,9.39,0,0,mobile_android,Kolkata,Kolkata,2026-08-26T01:04:46.124880
pay_d1b47066511a47,mer_1030,cust_20507,14221.79,INR,upi,HDFC,captured,none,0,none,44.3,1,2,0,1,25.35,0,0,desktop_safari,Bengaluru,Bengaluru,2026-08-26T01:05:42.124880
pay_e3f3e3bb1c724e,mer_1020,cust_20238,10443.43,INR,upi,SBI,captured,none,0,none,37.7,1,2,0,1,7.62,0,0,mobile_android,Kolkata,Kolkata,2026-08-26T01:09:17.124880
pay_da6d7aa2e45c40,mer_1039,cust_20233,11549.72,INR,wallet,ICICI,captured,none,0,none,47.3,1,2,0,1,11.79,0,0,desktop_windows,Chennai,Chennai,2026-08-26T01:21:11.124880
pay_8cd1dbf5a5c84c,mer_1022,cust_20256,699.21,INR,wallet,ICICI,captured,none,0,none,32.1,1,2,0,1,0.65,1746,0,desktop_chrome,Bengaluru,Mumbai,2026-08-26T01:25:42.124880
pay_4390ba91f8114d,mer_1014,cust_20537,36855.13,INR,card_credit,HDFC,captured,none,0,none,44.2,1,2,0,0,48.64,0,0,mobile_android,Hyderabad,Hyderabad,2026-08-26T01:30:32.124880
pay_d5899193ed0242,mer_1018,cust_20087,12248.4,INR,upi,KOTAK,captured,none,0,none,45.8,1,2,0,0,3.51,0,0,desktop_windows,Ahmedabad,Ahmedabad,2026-08-26T01:33:02.124880
pay_0a6f6ede09824b,mer_1001,cust_20407,1890.55,INR,wallet,AXIS,failed,insufficient_funds,0,none,46.0,2,2,0,1,5.98,0,0,mobile_ios,Mumbai,Mumbai,2026-08-26T02:08:35.124880
pay_80486fe7083c41,mer_1001,cust_20331,1448.91,INR,upi,SBI,captured,none,0,none,22.0,2,2,0,0,2.21,0,0,mobile_ios,Hyderabad,Hyderabad,2026-08-26T02:14:47.124880
pay_8d7ba567fe764a,mer_1016,cust_20371,43853.85,INR,upi,AXIS,captured,none,0,none,44.3,2,2,0,0,21.1,0,0,mobile_ios,Kolkata,Kolkata,2026-08-26T02:22:39.124880
pay_05cfe872f9b541,mer_1019,cust_20483,4638.08,INR,upi,SBI,captured,none,0,none,38.9,2,2,0,0,1.75,1015,0,desktop_chrome,Mumbai,Jaipur,2026-08-26T02:33:48.124880
pay_529a6bb7dffb49,mer_1022,cust_20106,148.94,INR,card_credit,ICICI,captured,none,0,none,16.6,2,2,0,1,0.12,0,0,desktop_windows,Chennai,Chennai,2026-08-26T02:40:40.124880
pay_a5f8cfd784184a,mer_1004,cust_20427,39407.58,INR,card_credit,ICICI,refunded,customer_return,0,none,59.8,2,2,0,1,15.89,0,1,desktop_chrome,Hyderabad,Hyderabad,2026-08-26T02:44:29.124880
pay_cdf089fed97c41,mer_1030,cust_20194,46128.63,INR,upi,ICICI,captured,none,0,none,39.4,3,2,0,0,65.94,0,0,mobile_ios,Hyderabad,Hyderabad,2026-08-26T03:03:55.124880
pay_08559c46beee44,mer_1034,cust_20057,439.94,INR,upi,ICICI,captured,none,0,none,21.3,3,2,0,1,0.16,0,0,mobile_ios,Kochi,Kochi,2026-08-26T03:27:50.124880
pay_c307a8565e284d,mer_1002,cust_20166,72712.66,INR,wallet,ICICI,captured,none,0,none,50.0,3,2,0,0,145.39,0,0,desktop_safari,Ahmedabad,Ahmedabad,2026-08-26T03:29:10.124880
pay_0c21f1fc8cc143,mer_1009,cust_20031,26803.95,INR,upi,AXIS,captured,none,0,none,46.7,3,2,0,0,14.85,0,0,mobile_android,Kolkata,Kolkata,2026-08-26T03:34:23.124880
pay_80d7ed1323f34a,mer_1028,cust_20357,1141.75,INR,card_debit,HDFC,captured,none,0,none,20.2,3,2,0,0,1.32,0,0,mobile_android,Mumbai,Mumbai,2026-08-26T03:43:48.124880
pay_68086ad2955344,mer_1008,cust_20401,56464.71,INR,card_debit,AXIS,captured,none,0,none,39.6,3,2,0,0,14.88,0,0,desktop_windows,Delhi NCR,Delhi NCR,2026-08-26T03:56:09.124880
pay_3474af529fe04a,mer_1035,cust_20376,58828.16,INR,card_credit,ICICI,captured,none,0,none,50.0,3,2,0,0,56.96,0,0,desktop_chrome,Kochi,Kochi,2026-08-26T03:56:26.124880
pay_5a1acb7909614d,mer_1026,cust_20377,63535.37,INR,upi,ICICI,captured,none,0,none,45.6,4,2,0,0,139.75,0,0,desktop_safari,Pune,Pune,2026-08-26T04:00:57.124880
pay_ae9b0af3305e4c,mer_1019,cust_20523,918.48,INR,netbanking,KOTAK,captured,none,0,none,18.9,4,2,0,1,1.11,0,0,desktop_windows,Kolkata,Kolkata,2026-08-26T04:03:14.124880
pay_787f040779a54e,mer_1009,cust_20432,46925.51,INR,upi,KOTAK,captured,none,0,none,43.1,4,2,0,0,25.09,0,0,desktop_chrome,Hyderabad,Hyderabad,2026-08-26T04:03:46.124880
pay_f97b18d79cff4f,mer_1038,cust_20600,8085.16,INR,card_credit,HDFC,failed,incorrect_otp,0,none,46.5,4,2,0,0,26.95,652,0,desktop_windows,Hyderabad,Kolkata,2026-08-26T04:21:29.124880
pay_b70ae3fab19044,mer_1038,cust_20031,43927.8,INR,upi,HDFC,failed,auth_timeout,0,none,47.5,4,2,1,1,24.34,0,0,mobile_ios,Kolkata,Kolkata,2026-08-26T04:24:23.124880
pay_eba93d2e62a949,mer_1005,cust_20546,71960.98,INR,netbanking,ICICI,captured,none,0,none,56.1,4,2,0,0,53.45,793,0,desktop_chrome,Kochi,Pune,2026-08-26T04:34:13.124880
pay_6faf94e9b04147,mer_1003,cust_20176,3505.15,INR,upi,KOTAK,captured,none,0,none,19.9,4,2,0,0,1.04,0,0,desktop_windows,Mumbai,Mumbai,2026-08-26T04:43:39.124880
pay_1a6078ed01e847,mer_1032,cust_20523,25281.9,INR,upi,HDFC,captured,none,0,none,37.7,5,2,0,2,30.46,0,0,mobile_ios,Kolkata,Kolkata,2026-08-26T05:09:23.124880
pay_871ac449e17d43,mer_1014,cust_20563,33003.52,INR,card_debit,AXIS,captured,none,0,none,38.1,5,2,0,1,53.71,0,0,mobile_ios,Kochi,Kochi,2026-08-26T05:13:48.124880
pay_03b857a71e814b,mer_1013,cust_20421,14330.9,INR,upi,ICICI,captured,none,0,none,33.0,5,2,0,0,37.31,0,0,mobile_ios,Kolkata,Kolkata,2026-08-26T05:22:40.124880
pay_b8549d5b6adb41,mer_1017,cust_20300,871.75,INR,netbanking,SBI,captured,none,0,none,18.9,5,2,0,0,2.66,0,0,desktop_safari,Kolkata,Kolkata,2026-08-26T05:23:04.124880
pay_a739f60876ec4b,mer_1036,cust_20540,19047.89,INR,upi,AXIS,captured,none,0,none,25.8,5,2,0,0,11.82,0,0,desktop_windows,Delhi NCR,Delhi NCR,2026-08-26T05:38:29.124880
pay_d8a3b119eeb342,mer_1013,cust_20379,7183.42,INR,upi,HDFC,captured,none,0,none,28.7,5,2,0,0,4.6,0,0,desktop_chrome,Mumbai,Mumbai,2026-08-26T05:43:10.124880
pay_c397c500a26c4b,mer_1006,cust_20196,37935.6,INR,upi,ICICI,captured,none,0,none,38.3,5,2,0,0,12.47,0,0,desktop_windows,Delhi NCR,Delhi NCR,2026-08-26T05:49:15.124880
pay_7eb0770a1d6640,mer_1003,cust_20452,4473.42,INR,upi,AXIS,captured,none,0,none,7.2,5,2,0,0,2.21,0,0,desktop_windows,Hyderabad,Hyderabad,2026-08-26T05:53:14.124880
pay_55ecb1d2ca5c4c,mer_1030,cust_20445,80577.61,INR,wallet,PAYTM_BANK,captured,none,0,none,32.9,6,2,0,0,48.33,0,0,desktop_windows,Pune,Pune,2026-08-26T06:21:56.124880
pay_ba106e620b6e4a,mer_1010,cust_20420,5009.38,INR,upi,AXIS,captured,none,0,none,38.3,6,2,0,0,9.55,0,0,desktop_windows,Kolkata,Kolkata,2026-08-26T06:35:01.124880
pay_20862e8f31024a,mer_1040,cust_20014,29427.69,INR,wallet,ICICI,captured,none,0,none,28.5,7,2,0,0,71.5,0,0,desktop_chrome,Bengaluru,Bengaluru,2026-08-26T07:14:31.124880
pay_1ecaaf4745da4f,mer_1030,cust_20022,83503.18,INR,upi,HDFC,captured,none,0,none,31.7,7,2,0,0,164.57,0,0,desktop_chrome,Bengaluru,Bengaluru,2026-08-26T07:20:39.124880
pay_d2c73e0451db48,mer_1030,cust_20446,78327.56,INR,upi,ICICI,captured,none,0,none,32.6,7,2,0,1,20.06,0,0,mobile_ios,Kochi,Kochi,2026-08-26T07:29:09.124880
pay_0e4ce79a4bcc49,mer_1017,cust_20579,1308.06,INR,upi,ICICI,captured,none,0,none,9.3,7,2,0,0,1.17,0,0,desktop_safari,Ahmedabad,Ahmedabad,2026-08-26T07:33:27.124880
pay_e3cba87c102741,mer_1035,cust_20468,44973.92,INR,upi,SBI,failed,insufficient_funds,0,none,41.6,7,2,0,0,35.48,1718,0,desktop_safari,Delhi NCR,Mumbai,2026-08-26T07:57:53.124880
pay_4704239109fd44,mer_1006,cust_20136,17253.79,INR,wallet,HDFC,refunded,customer_return,0,none,33.8,8,2,0,0,8.33,0,0,desktop_chrome,Hyderabad,Hyderabad,2026-08-26T08:02:42.124880
pay_5288512fd9084c,mer_1013,cust_20306,12189.58,INR,card_credit,HDFC,captured,none,0,none,27.2,8,2,0,0,7.37,0,0,mobile_ios,Delhi NCR,Delhi NCR,2026-08-26T08:03:41.124880
pay_2b19de72ca5848,mer_1028,cust_20371,2393.85,INR,wallet,ICICI,captured,none,0,none,15.1,8,2,0,1,1.15,0,0,desktop_windows,Kolkata,Kolkata,2026-08-26T08:12:56.124880
pay_163b87974ab54b,mer_1034,cust_20350,1946.55,INR,upi,AXIS,captured,none,0,none,6.1,8,2,0,0,2.6,0,0,mobile_ios,Kolkata,Kolkata,2026-08-26T08:30:53.124880
pay_31bd5ab61aae44,mer_1012,cust_20505,34661.39,INR,upi,HDFC,captured,none,0,none,36.0,8,2,0,0,17.03,0,0,desktop_windows,Ahmedabad,Ahmedabad,2026-08-26T08:59:27.124880
pay_cb354700e37942,mer_1011,cust_20098,34232.39,INR,card_credit,AXIS,captured,none,0,none,25.7,9,2,0,0,10.21,0,0,mobile_android,Mumbai,Mumbai,2026-08-26T09:02:08.124880
pay_9f38d1040fa74e,mer_1021,cust_20290,9050.82,INR,netbanking,HDFC,captured,none,0,none,35.6,9,2,0,0,3.06,0,0,desktop_chrome,Mumbai,Mumbai,2026-08-26T09:12:02.124880
pay_0888962952ad44,mer_1040,cust_20188,26093.61,INR,upi,PAYTM_BANK,captured,none,0,none,39.0,9,2,0,0,13.04,826,0,mobile_android,Delhi NCR,Bengaluru,2026-08-26T09:19:25.124880
pay_456cb2d0bc4243,mer_1004,cust_20554,28922.51,INR,card_credit,HDFC,captured,none,0,none,39.1,9,2,0,0,13.47,0,0,mobile_ios,Pune,Pune,2026-08-26T09:23:29.124880
pay_65d19b2743784c,mer_1030,cust_20223,61405.19,INR,upi,HDFC,captured,none,0,none,35.1,9,2,0,0,83.12,0,0,desktop_safari,Ahmedabad,Ahmedabad,2026-08-26T09:24:25.124880
pay_e927d23ef3a047,mer_1040,cust_20309,17761.49,INR,upi,ICICI,captured,none,0,none,28.4,9,2,0,0,33.58,0,0,mobile_android,Ahmedabad,Ahmedabad,2026-08-26T09:25:58.124880
pay_29a5112f5cf942,mer_1001,cust_20006,3360.7,INR,upi,HDFC,captured,none,0,none,43.1,9,2,0,0,7.43,1324,0,mobile_ios,Bengaluru,Kochi,2026-08-26T09:43:26.124880
pay_68280cc5ffbd4a,mer_1008,cust_20375,32704.86,INR,upi,ICICI,captured,none,0,none,34.5,9,2,0,0,34.93,0,0,desktop_windows,Ahmedabad,Ahmedabad,2026-08-26T09:59:45.124880
pay_0698909851ae42,mer_1020,cust_20472,27937.96,INR,upi,HDFC,captured,none,0,none,25.1,10,2,0,1,11.15,0,0,desktop_chrome,Chennai,Chennai,2026-08-26T10:01:03.124880
pay_706e84637f5848,mer_1004,cust_20106,38573.44,INR,card_debit,SBI,captured,none,0,none,27.1,10,2,0,2,31.35,0,0,desktop_chrome,Chennai,Chennai,2026-08-26T10:08:41.124880
pay_36d50b0b4aa342,mer_1011,cust_20086,7499.3,INR,card_debit,ICICI,captured,none,0,none,46.1,10,2,0,1,7.66,0,1,desktop_windows,Ahmedabad,Ahmedabad,2026-08-26T10:19:47.124880
pay_80ab9d1123d541,mer_1024,cust_20232,6687.76,INR,upi,AXIS,captured,none,0,none,21.0,10,2,0,1,0.86,767,0,mobile_ios,Kolkata,Mumbai,2026-08-26T10:36:21.124880
pay_7f7f5e2f87004d,mer_1038,cust_20160,15841.17,INR,card_debit,ICICI,captured,none,0,none,39.0,11,2,0,1,25.22,665,0,desktop_chrome,Pune,Ahmedabad,2026-08-26T11:03:22.124880
pay_86e7b3bb4d584b,mer_1039,cust_20560,10710.72,INR,card_credit,ICICI,captured,none,0,none,35.4,11,2,0,0,3.61,959,0,mobile_android,Bengaluru,Ahmedabad,2026-08-26T11:10:45.124880
pay_6e5381f0749f4f,mer_1005,cust_20357,7127.26,INR,upi,SBI,captured,none,0,none,35.7,11,2,0,1,8.23,0,0,desktop_chrome,Mumbai,Mumbai,2026-08-26T11:18:10.124880
pay_4a71637c49a145,mer_1028,cust_20455,3747.62,INR,upi,SBI,captured,none,0,none,15.2,11,2,0,0,2.78,0,0,desktop_chrome,Hyderabad,Hyderabad,2026-08-26T11:22:39.124880
pay_519ed42adc174d,mer_1005,cust_20569,18996.81,INR,netbanking,AXIS,captured,none,0,none,39.7,11,2,0,0,24.64,0,0,mobile_ios,Mumbai,Mumbai,2026-08-26T11:51:11.124880
pay_68fb0b62ec1e4b,mer_1006,cust_20118,47996.57,INR,upi,ICICI,captured,none,0,none,25.4,12,2,0,0,23.11,0,0,desktop_safari,Kolkata,Kolkata,2026-08-26T12:09:29.124880
pay_422fc95e83ef4e,mer_1028,cust_20424,9719.35,INR,upi,SBI,captured,none,0,none,39.7,12,2,0,0,4.17,0,0,mobile_android,Ahmedabad,Ahmedabad,2026-08-26T12:18:21.124880
pay_2307ff7ae55f4c,mer_1014,cust_20544,5473.22,INR,upi,ICICI,captured,none,0,none,32.6,12,2,0,0,3.48,0,0,desktop_windows,Kochi,Kochi,2026-08-26T12:23:24.124880
pay_be22ce3e940945,mer_1008,cust_20023,40175.62,INR,upi,HDFC,refunded,customer_return,0,none,36.0,12,2,0,0,68.93,0,0,desktop_windows,Pune,Pune,2026-08-26T12:45:42.124880
pay_23e9dba1baf04f,mer_1016,cust_20066,46339.85,INR,card_credit,ICICI,captured,none,0,none,34.6,13,2,0,0,37.19,0,0,desktop_chrome,Ahmedabad,Ahmedabad,2026-08-26T13:05:39.124880
pay_be27af3543f649,mer_1023,cust_20130,2721.75,INR,card_debit,ICICI,captured,none,0,none,6.4,13,2,0,0,1.38,0,0,desktop_safari,Jaipur,Jaipur,2026-08-26T13:15:51.124880
pay_bb820c5ba00e48,mer_1025,cust_20055,65434.61,INR,card_credit,ICICI,captured,none,0,none,33.3,13,2,0,0,52.11,0,0,desktop_safari,Hyderabad,Hyderabad,2026-08-26T13:58:27.124880
pay_f3897964452748,mer_1017,cust_20001,2101.24,INR,upi,HDFC,failed,issuer_bank_down,0,none,21.5,14,2,0,0,2.08,1231,0,mobile_ios,Chennai,Kochi,2026-08-26T14:01:12.124880
pay_4b8da1c5375141,mer_1011,cust_20447,34533.1,INR,upi,ICICI,captured,none,0,none,28.9,14,2,0,0,9.22,0,0,desktop_windows,Delhi NCR,Delhi NCR,2026-08-26T14:09:06.124880
pay_9cfcdd042ff142,mer_1034,cust_20552,1001.48,INR,upi,SBI,failed,auth_timeout,0,none,9.3,14,2,0,0,0.88,0,0,mobile_ios,Kochi,Kochi,2026-08-26T14:11:59.124880
pay_eebe74dd445d40,mer_1008,cust_20373,16583.64,INR,upi,ICICI,captured,none,0,none,30.2,14,2,0,0,29.67,0,0,desktop_windows,Pune,Pune,2026-08-26T14:15:46.124880
pay_df18ee949e3f46,mer_1022,cust_20068,3079.25,INR,upi,KOTAK,captured,none,0,none,17.6,14,2,0,1,1.57,266,0,desktop_windows,Chennai,Hyderabad,2026-08-26T14:18:00.124880
pay_8709c35ae27541,mer_1007,cust_20372,29281.65,INR,wallet,HDFC,captured,none,0,none,32.5,14,2,0,0,84.34,0,0,desktop_chrome,Kolkata,Kolkata,2026-08-26T14:22:15.124880
pay_92bf00fe423a45,mer_1003,cust_20436,2186.46,INR,upi,SBI,captured,none,0,none,10.7,14,2,0,0,1.56,0,0,desktop_safari,Bengaluru,Bengaluru,2026-08-26T14:30:03.124880
pay_f2943bcefc1045,mer_1031,cust_20104,35026.07,INR,card_debit,SBI,captured,none,0,none,26.6,14,2,0,0,26.35,0,0,mobile_android,Hyderabad,Hyderabad,2026-08-26T14:31:54.124880
pay_ef645d3b1f0047,mer_1016,cust_20578,25127.43,INR,upi,KOTAK,captured,none,0,none,25.8,14,2,0,0,17.19,0,0,mobile_android,Delhi NCR,Delhi NCR,2026-08-26T14:57:44.124880
pay_e8e3b0a3ab3d43,mer_1028,cust_20038,15095.43,INR,upi,PAYTM_BANK,captured,none,0,none,31.4,15,2,0,0,39.17,0,0,desktop_safari,Kochi,Kochi,2026-08-26T15:03:35.124880
pay_cc2bd31ad2e144,mer_1035,cust_20523,63568.46,INR,wallet,SBI,captured,none,0,none,49.9,15,2,0,3,76.58,1284,0,mobile_ios,Kolkata,Pune,2026-08-26T15:04:15.124880
pay_86161e08ccd041,mer_1002,cust_20454,64608.78,INR,upi,HDFC,captured,none,0,none,46.7,15,2,0,0,45.5,722,0,desktop_windows,Kochi,Mumbai,2026-08-26T15:11:56.124880
pay_279fc964a1f940,mer_1034,cust_20172,2364.52,INR,netbanking,SBI,captured,none,0,none,12.5,15,2,0,0,0.47,0,0,desktop_safari,Hyderabad,Hyderabad,2026-08-26T15:13:45.124880
pay_d9c5ecfed4ba49,mer_1020,cust_20173,4540.39,INR,upi,HDFC,captured,none,0,none,6.8,15,2,0,0,1.74,278,0,mobile_ios,Delhi NCR,Bengaluru,2026-08-26T15:15:42.124880
pay_fc3e2c2e672d47,mer_1040,cust_20009,30488.24,INR,card_debit,AXIS,captured,none,0,none,39.3,15,2,0,0,27.87,0,0,desktop_windows,Bengaluru,Bengaluru,2026-08-26T15:28:07.124880
pay_b86e91ff6b994c,mer_1027,cust_20229,1313.11,INR,card_credit,ICICI,captured,none,0,none,10.3,15,2,0,0,2.01,0,0,desktop_safari,Ahmedabad,Ahmedabad,2026-08-26T15:29:04.124880
pay_f6952a13ac1f4f,mer_1039,cust_20145,45430.92,INR,upi,HDFC,captured,none,0,none,28.7,15,2,0,0,19.39,0,0,mobile_android,Jaipur,Jaipur,2026-08-26T15:38:48.124880
pay_8540dcef0adf42,mer_1037,cust_20222,739.56,INR,upi,ICICI,captured,none,0,none,9.6,15,2,0,0,0.63,0,0,desktop_safari,Bengaluru,Bengaluru,2026-08-26T15:41:39.124880
pay_ee2ea342101944,mer_1006,cust_20432,8548.69,INR,netbanking,ICICI,captured,none,0,none,32.2,15,2,0,1,4.57,0,0,desktop_windows,Hyderabad,Hyderabad,2026-08-26T15:41:39.124880
pay_3545cb2de6ae4a,mer_1006,cust_20437,31067.59,INR,card_credit,SBI,captured,none,0,none,34.5,15,2,0,0,14.23,0,0,desktop_chrome,Pune,Pune,2026-08-26T15:46:53.124880
pay_bdd742cfbee74d,mer_1035,cust_20066,11088.53,INR,netbanking,HDFC,refunded,customer_return,0,none,35.1,16,2,0,1,8.9,0,0,desktop_chrome,Ahmedabad,Ahmedabad,2026-08-26T16:00:59.124880
pay_fc9ae0c3602440,mer_1007,cust_20497,41375.29,INR,wallet,SBI,captured,none,0,none,38.2,16,2,0,0,14.51,1229,0,mobile_android,Hyderabad,Delhi NCR,2026-08-26T16:07:46.124880
pay_84ba8340c4454a,mer_1022,cust_20338,233.3,INR,upi,HDFC,captured,none,0,none,9.9,16,2,0,0,0.13,0,0,desktop_chrome,Mumbai,Mumbai,2026-08-26T16:08:51.124880
pay_b3a4618cc21146,mer_1009,cust_20370,21870.52,INR,upi,HDFC,captured,none,0,none,25.1,16,2,0,1,32.28,0,0,desktop_windows,Ahmedabad,Ahmedabad,2026-08-26T16:14:48.124880
pay_b6bab4718c6a4f,mer_1001,cust_20600,919.02,INR,card_credit,ICICI,captured,none,0,none,39.8,16,2,0,1,3.06,0,0,desktop_chrome,Hyderabad,Hyderabad,2026-08-26T16:16:09.124880
pay_72a37fcf8cca4c,mer_1028,cust_20194,10259.53,INR,wallet,ICICI,captured,none,0,none,27.9,16,2,0,1,14.67,0,0,desktop_chrome,Hyderabad,Hyderabad,2026-08-26T16:16:59.124880
pay_9fc826adc5d543,mer_1038,cust_20344,53023.04,INR,upi,AXIS,captured,none,0,none,28.9,16,2,0,0,8.82,0,0,desktop_windows,Delhi NCR,Delhi NCR,2026-08-26T16:20:49.124880
pay_1e94fbbb1f1e43,mer_1040,cust_20498,15490.39,INR,upi,ICICI,failed,issuer_bank_down,0,none,25.5,16,2,0,0,5.34,0,0,mobile_ios,Chennai,Chennai,2026-08-26T16:32:55.124880
pay_c9d2c4e1d78e42,mer_1033,cust_20580,4557.92,INR,upi,KOTAK,captured,none,0,none,19.9,16,2,0,0,0.86,0,0,desktop_safari,Delhi NCR,Delhi NCR,2026-08-26T16:39:43.124880
pay_093e0ee8d33a4a,mer_1029,cust_20386,1659.33,INR,upi,HDFC,captured,none,0,none,8.3,16,2,0,0,1.1,399,0,mobile_android,Ahmedabad,Chennai,2026-08-26T16:46:40.124880
pay_72c8f64944a64e,mer_1033,cust_20386,1843.64,INR,card_credit,HDFC,captured,none,0,none,9.3,17,2,1,1,1.22,0,0,desktop_safari,Ahmedabad,Ahmedabad,2026-08-26T17:00:13.124880
pay_1baa2e72076048,mer_1038,cust_20558,13129.58,INR,upi,AXIS,captured,none,0,none,30.5,17,2,0,0,7.07,0,0,mobile_ios,Chennai,Chennai,2026-08-26T17:13:20.124880
pay_2ba660eaaa004d,mer_1030,cust_20309,16524.16,INR,upi,HDFC,failed,insufficient_funds,0,none,35.0,17,2,0,1,31.24,1666,0,mobile_android,Ahmedabad,Jaipur,2026-08-26T17:16:49.124880
pay_145538e8241b42,mer_1004,cust_20252,28526.2,INR,upi,HDFC,captured,none,0,none,38.2,17,2,0,0,6.99,0,0,mobile_ios,Delhi NCR,Delhi NCR,2026-08-26T17:22:30.124880
pay_16043ff9aeff4f,mer_1033,cust_20246,302.8,INR,upi,SBI,captured,none,0,none,16.0,17,2,0,0,0.13,0,0,desktop_chrome,Hyderabad,Hyderabad,2026-08-26T17:58:10.124880
pay_9d4e2affcfce4f,mer_1012,cust_20517,29015.36,INR,upi,SBI,captured,none,0,none,32.7,18,2,0,0,8.96,0,0,desktop_safari,Jaipur,Jaipur,2026-08-26T18:14:26.124880
pay_6551f9ba686646,mer_1032,cust_20129,28545.76,INR,upi,SBI,captured,none,0,none,28.8,18,2,0,0,19.74,0,0,desktop_windows,Kochi,Kochi,2026-08-26T18:22:01.124880
pay_dccc3f266e5b45,mer_1032,cust_20600,19322.11,INR,upi,HDFC,failed,incorrect_otp,0,none,53.1,18,2,0,2,64.41,0,1,mobile_ios,Hyderabad,Hyderabad,2026-08-26T18:36:37.124880
pay_c1265956c9cc4e,mer_1019,cust_20223,1933.6,INR,upi,ICICI,captured,none,0,none,8.7,18,2,0,1,2.62,0,0,desktop_windows,Ahmedabad,Ahmedabad,2026-08-26T18:54:10.124880
pay_77e59f87379d4d,mer_1019,cust_20141,3291.79,INR,netbanking,HDFC,captured,none,0,none,17.8,19,2,0,0,2.81,0,0,mobile_android,Pune,Pune,2026-08-26T19:14:45.124880
pay_fdb5bfd7ef7244,mer_1019,cust_20357,2066.87,INR,upi,AXIS,captured,none,0,none,17.4,19,2,0,2,2.39,1485,0,desktop_windows,Mumbai,Delhi NCR,2026-08-26T19:25:13.124880
pay_8f2488a67fbd45,mer_1005,cust_20484,23417.34,INR,upi,ICICI,failed,issuer_bank_down,0,none,37.9,19,2,0,0,16.73,0,0,mobile_ios,Bengaluru,Bengaluru,2026-08-26T19:31:58.124880
pay_668450ca12d04c,mer_1028,cust_20091,10582.15,INR,upi,ICICI,captured,none,0,none,34.7,19,2,0,0,8.39,0,0,desktop_windows,Hyderabad,Hyderabad,2026-08-26T19:38:25.124880
pay_e949ce4c4eb140,mer_1022,cust_20098,791.64,INR,netbanking,KOTAK,refunded,customer_return,0,none,26.7,19,2,0,1,0.24,0,1,desktop_safari,Mumbai,Mumbai,2026-08-26T19:45:14.124880
pay_743c71e0028748,mer_1026,cust_20298,76011.49,INR,upi,SBI,captured,none,0,none,38.6,20,2,0,0,118.36,360,0,desktop_chrome,Kochi,Ahmedabad,2026-08-26T20:03:19.124880
pay_359e0056999b43,mer_1006,cust_20180,13605.11,INR,upi,SBI,failed,incorrect_otp,0,none,38.2,20,2,0,0,40.27,0,0,mobile_android,Delhi NCR,Delhi NCR,2026-08-26T20:10:19.124880
pay_78daff2d80824b,mer_1011,cust_20387,25985.46,INR,netbanking,ICICI,captured,none,0,none,35.7,20,2,0,0,26.67,0,0,desktop_chrome,Bengaluru,Bengaluru,2026-08-26T20:19:22.124880
pay_7d91cd7ec98044,mer_1022,cust_20025,370.56,INR,upi,HDFC,failed,auth_timeout,0,none,16.1,20,2,0,0,0.47,0,0,desktop_windows,Chennai,Chennai,2026-08-26T20:22:10.124880
pay_c6d2f976a26040,mer_1005,cust_20082,76638.94,INR,upi,AXIS,captured,none,0,none,28.8,20,2,0,0,16.96,0,0,mobile_android,Kolkata,Kolkata,2026-08-26T20:28:36.124880
pay_54f18b2785bb4d,mer_1011,cust_20350,9333.04,INR,upi,HDFC,captured,none,0,none,48.6,20,2,0,1,12.48,1595,0,mobile_android,Kolkata,Hyderabad,2026-08-26T20:36:30.124880
pay_8bf4fb8bd8364f,mer_1036,cust_20025,23507.54,INR,card_debit,ICICI,captured,none,0,none,26.5,20,2,1,1,29.82,0,0,mobile_ios,Chennai,Chennai,2026-08-26T20:46:24.124880
pay_4c1feda60cb74f,mer_1036,cust_20466,5967.95,INR,upi,HDFC,captured,none,0,none,11.4,20,2,0,0,2.63,0,0,mobile_ios,Pune,Pune,2026-08-26T20:54:46.124880
pay_9a36af9cfc3c4f,mer_1023,cust_20250,4761.73,INR,upi,SBI,captured,none,0,none,26.6,21,2,0,0,15.87,0,0,desktop_chrome,Kolkata,Kolkata,2026-08-26T21:07:14.124880
pay_1c6839bb38e840,mer_1029,cust_20163,1263.02,INR,upi,ICICI,captured,none,0,none,18.2,21,2,0,0,0.29,0,0,desktop_chrome,Chennai,Chennai,2026-08-26T21:14:17.124880
pay_0870c322264743,mer_1016,cust_20259,6814.83,INR,upi,ICICI,captured,none,0,none,37.7,21,2,0,0,8.79,0,0,mobile_android,Jaipur,Jaipur,2026-08-26T21:18:49.124880
pay_2e72781738924a,mer_1018,cust_20441,2560.2,INR,upi,HDFC,captured,none,0,none,16.0,21,2,0,0,1.28,0,0,mobile_ios,Chennai,Chennai,2026-08-26T21:37:18.124880
pay_651b470c20d249,mer_1033,cust_20274,3749.81,INR,upi,ICICI,captured,none,0,none,6.6,21,2,0,0,0.8,0,0,mobile_ios,Delhi NCR,Delhi NCR,2026-08-26T21:46:57.124880
pay_f6676ada358943,mer_1019,cust_20503,2091.1,INR,upi,SBI,failed,issuer_bank_down,0,none,18.8,22,2,0,0,0.98,0,0,desktop_windows,Mumbai,Mumbai,2026-08-26T22:29:38.124880
pay_c729b056b2744d,mer_1029,cust_20105,147.75,INR,upi,HDFC,refunded,customer_return,0,none,13.5,22,2,0,0,0.04,0,0,mobile_android,Bengaluru,Bengaluru,2026-08-26T22:33:37.124880
pay_dc528af2f21548,mer_1005,cust_20003,91304.32,INR,card_credit,SBI,captured,none,0,none,31.6,22,2,0,0,22.03,0,0,desktop_windows,Kolkata,Kolkata,2026-08-26T22:35:48.124880
pay_5af68a8450ee4c,mer_1008,cust_20440,63282.39,INR,upi,HDFC,captured,none,0,none,36.3,22,2,0,0,77.69,0,0,desktop_windows,Kolkata,Kolkata,2026-08-26T22:38:26.124880
pay_14f247b191ff44,mer_1009,cust_20547,45345.67,INR,netbanking,SBI,captured,none,0,none,30.9,22,2,0,0,22.06,0,0,desktop_chrome,Bengaluru,Bengaluru,2026-08-26T22:46:45.124880
pay_5979d59359714e,mer_1035,cust_20576,23762.3,INR,upi,ICICI,failed,auth_timeout,0,none,31.0,23,2,0,0,47.4,0,0,mobile_android,Jaipur,Jaipur,2026-08-26T23:01:07.124880
pay_e428f5eddac148,mer_1018,cust_20416,7206.12,INR,upi,SBI,failed,auth_timeout,0,none,32.5,23,2,0,0,13.1,0,0,mobile_ios,Ahmedabad,Ahmedabad,2026-08-26T23:13:55.124880
pay_a196921328a549,mer_1023,cust_20318,2774.18,INR,netbanking,KOTAK,refunded,customer_return,0,none,9.5,23,2,0,0,0.6,0,0,desktop_chrome,Chennai,Chennai,2026-08-26T23:59:36.124880
pay_f58c37f7dbd24a,mer_1025,cust_20580,45071.86,INR,card_credit,HDFC,captured,none,0,none,35.3,0,3,0,1,8.52,0,0,desktop_chrome,Delhi NCR,Delhi NCR,2026-08-27T00:02:31.124880
pay_56f7fc7f9cc24d,mer_1026,cust_20331,25418.45,INR,card_credit,HDFC,captured,none,0,none,34.6,0,3,0,1,38.84,0,0,mobile_ios,Hyderabad,Hyderabad,2026-08-27T00:32:50.124880
pay_9878b109d20141,mer_1037,cust_20116,2123.04,INR,card_debit,AXIS,captured,none,0,none,10.0,0,3,0,0,1.26,0,0,mobile_android,Pune,Pune,2026-08-27T00:35:23.124880
pay_4f997c4ee02c47,mer_1035,cust_20155,35020.7,INR,card_debit,KOTAK,captured,none,0,none,26.8,0,3,0,0,7.37,0,0,desktop_windows,Pune,Pune,2026-08-27T00:35:30.124880
pay_90ebafc9b2d24f,mer_1021,cust_20019,6581.84,INR,upi,SBI,captured,none,0,none,34.0,1,3,0,0,2.39,0,1,desktop_windows,Pune,Pune,2026-08-27T01:01:45.124880
pay_3225ef713ae549,mer_1033,cust_20131,1353.87,INR,card_credit,KOTAK,captured,none,0,none,37.6,1,3,0,0,1.15,524,0,mobile_ios,Kolkata,Kochi,2026-08-27T01:07:41.124880
pay_b113036f05d740,mer_1021,cust_20506,86687.43,INR,upi,HDFC,captured,none,0,none,38.5,1,3,0,0,143.87,0,0,desktop_chrome,Chennai,Chennai,2026-08-27T01:08:36.124880
pay_0ae4227451c646,mer_1008,cust_20492,20368.86,INR,upi,AXIS,captured,none,0,none,38.6,1,3,0,0,6.2,0,0,mobile_android,Pune,Pune,2026-08-27T01:12:50.124880
pay_a09b5c1072034b,mer_1027,cust_20549,2297.11,INR,upi,AXIS,captured,none,0,none,15.2,1,3,0,0,1.97,0,0,desktop_windows,Mumbai,Mumbai,2026-08-27T01:34:57.124880
pay_09c7c4ec69cb49,mer_1013,cust_20029,12594.74,INR,card_credit,ICICI,captured,none,0,none,43.2,1,3,0,0,13.03,0,0,desktop_safari,Chennai,Chennai,2026-08-27T01:40:47.124880
pay_53215fcb9d604f,mer_1021,cust_20550,70378.48,INR,card_credit,KOTAK,failed,insufficient_funds,0,none,48.6,1,3,0,0,61.33,0,0,mobile_ios,Jaipur,Jaipur,2026-08-27T01:48:37.124880
pay_09942132acae48,mer_1006,cust_20335,25646.02,INR,card_credit,HDFC,captured,none,0,none,40.7,2,3,0,0,19.35,0,0,mobile_ios,Hyderabad,Hyderabad,2026-08-27T02:03:28.124880
pay_4ea6dda452374d,mer_1012,cust_20146,27204.44,INR,upi,SBI,failed,insufficient_funds,0,none,42.8,2,3,0,0,6.29,0,0,desktop_windows,Kolkata,Kolkata,2026-08-27T02:14:28.124880
pay_d36bdf3033014b,mer_1008,cust_20417,32684.27,INR,upi,HDFC,captured,none,0,none,48.2,2,3,0,0,31.48,0,0,desktop_chrome,Kochi,Kochi,2026-08-27T02:28:13.124880
pay_c54aea7df14645,mer_1027,cust_20484,857.95,INR,upi,ICICI,captured,none,0,none,15.7,2,3,0,1,0.61,0,0,mobile_ios,Bengaluru,Bengaluru,2026-08-27T02:41:19.124880
pay_c5de82956a5c4b,mer_1014,cust_20142,33328.04,INR,card_credit,ICICI,captured,none,0,none,36.0,2,3,0,0,31.6,0,0,desktop_safari,Mumbai,Mumbai,2026-08-27T02:46:09.124880
pay_fd99f3aba56544,mer_1030,cust_20289,73845.66,INR,upi,HDFC,captured,none,0,none,40.1,2,3,0,0,26.65,0,0,desktop_safari,Delhi NCR,Delhi NCR,2026-08-27T02:52:15.124880
pay_5f094e922c704d,mer_1035,cust_20180,65420.92,INR,upi,AXIS,captured,none,0,none,47.7,3,3,0,1,193.66,0,0,mobile_ios,Delhi NCR,Delhi NCR,2026-08-27T03:28:52.124880
pay_1a5fb0f0cd5643,mer_1018,cust_20523,2429.82,INR,wallet,HDFC,captured,none,0,none,28.0,3,3,0,3,2.93,0,0,desktop_chrome,Kolkata,Kolkata,2026-08-27T03:33:22.124880
pay_02a6af7faddd42,mer_1005,cust_20019,18694.44,INR,upi,SBI,captured,none,0,none,45.3,3,3,0,1,6.8,0,0,mobile_ios,Pune,Pune,2026-08-27T03:41:11.124880
pay_fb0047d2353442,mer_1040,cust_20027,40547.21,INR,card_credit,ICICI,refunded,customer_return,0,none,41.1,4,3,0,0,16.92,0,0,desktop_windows,Kolkata,Kolkata,2026-08-27T04:03:47.124880
pay_4f33d187c27e43,mer_1027,cust_20493,1286.79,INR,upi,PAYTM_BANK,captured,none,0,none,24.7,4,3,0,0,0.72,0,0,mobile_ios,Bengaluru,Bengaluru,2026-08-27T04:06:04.124880
pay_8ec21efbfba34a,mer_1004,cust_20139,5691.87,INR,wallet,ICICI,captured,none,0,none,49.5,4,3,0,0,8.34,0,0,mobile_android,Jaipur,Jaipur,2026-08-27T04:36:00.124880
pay_9c922f76d7a24c,mer_1011,cust_20249,30376.15,INR,card_credit,HDFC,captured,none,0,none,48.6,4,3,0,0,6.41,0,0,desktop_windows,Mumbai,Mumbai,2026-08-27T04:43:28.124880
pay_6e54eb93a5a94d,mer_1001,cust_20223,2195.39,INR,upi,HDFC,failed,insufficient_funds,0,none,25.5,4,3,0,2,2.97,806,0,desktop_safari,Ahmedabad,Mumbai,2026-08-27T04:45:43.124880
pay_a67148264ea24b,mer_1003,cust_20466,3281.97,INR,card_debit,ICICI,captured,none,0,none,21.2,4,3,0,1,1.44,0,0,mobile_ios,Pune,Pune,2026-08-27T04:53:04.124880
pay_2edb6a61465541,mer_1015,cust_20136,2684.61,INR,card_debit,HDFC,captured,none,0,none,19.5,5,3,0,1,1.3,0,0,desktop_chrome,Hyderabad,Hyderabad,2026-08-27T05:24:33.124880
pay_f4b54c551fa346,mer_1014,cust_20254,5310.03,INR,card_credit,SBI,captured,none,1,account_takeover,85.2,5,3,0,0,4.23,0,1,mobile_android,Hyderabad,Hyderabad,2026-08-27T05:31:00.124880
pay_05bfb67eb67245,mer_1030,cust_20064,82562.67,INR,upi,SBI,captured,none,0,none,38.2,5,3,0,0,10.75,0,0,mobile_android,Pune,Pune,2026-08-27T05:36:13.124880
pay_27fb556d7e8141,mer_1038,cust_20584,6231.84,INR,wallet,HDFC,captured,none,0,none,27.0,5,3,0,0,3.46,0,0,mobile_ios,Kolkata,Kolkata,2026-08-27T05:39:51.124880
pay_b71707adb1c846,mer_1029,cust_20525,1365.88,INR,netbanking,HDFC,captured,none,0,none,29.6,5,3,0,0,4.55,0,0,desktop_safari,Jaipur,Jaipur,2026-08-27T05:41:20.124880
pay_9a3582a00c514c,mer_1027,cust_20452,4009.58,INR,card_credit,HDFC,captured,none,0,none,18.4,5,3,0,1,1.98,0,0,mobile_ios,Hyderabad,Hyderabad,2026-08-27T05:46:44.124880
pay_737cdd5c99f74e,mer_1039,cust_20012,47235.85,INR,netbanking,ICICI,captured,none,0,none,27.6,5,3,0,0,108.18,0,0,mobile_ios,Kolkata,Kolkata,2026-08-27T05:57:02.124880
pay_5d3d9980e8d54d,mer_1008,cust_20404,69477.83,INR,upi,SBI,failed,issuer_bank_down,0,none,28.4,6,3,0,0,37.14,0,0,mobile_android,Chennai,Chennai,2026-08-27T06:03:18.124880
pay_d34b81f731084d,mer_1009,cust_20074,42452.19,INR,upi,SBI,captured,none,0,none,34.0,6,3,0,0,67.59,0,0,desktop_windows,Delhi NCR,Delhi NCR,2026-08-27T06:19:52.124880
pay_1e1d997ce27d4b,mer_1040,cust_20499,11411.34,INR,netbanking,KOTAK,failed,insufficient_funds,0,none,27.6,6,3,0,0,5.91,0,0,mobile_android,Pune,Pune,2026-08-27T06:32:35.124880
pay_f8fe6aa0eed24c,mer_1021,cust_20167,6119.14,INR,upi,HDFC,failed,issuer_bank_down,0,none,37.8,6,3,0,0,4.27,0,0,desktop_chrome,Hyderabad,Hyderabad,2026-08-27T06:42:25.124880
pay_52cceddc779b4a,mer_1033,cust_20516,3637.06,INR,card_credit,HDFC,captured,none,0,none,13.8,6,3,0,0,1.49,0,0,desktop_windows,Chennai,Chennai,2026-08-27T06:51:03.124880
pay_c640ac3325504d,mer_1039,cust_20596,13214.19,INR,upi,AXIS,captured,none,0,none,35.8,7,3,0,0,4.66,0,0,mobile_android,Hyderabad,Hyderabad,2026-08-27T07:09:04.124880
pay_019efddaf93549,mer_1040,cust_20136,31459.55,INR,upi,HDFC,captured,none,0,none,28.4,7,3,0,2,15.18,0,0,mobile_ios,Hyderabad,Hyderabad,2026-08-27T07:18:34.124880
pay_23ab23ea6bd24f,mer_1018,cust_20054,9464.58,INR,upi,HDFC,captured,none,0,none,24.3,7,3,0,0,2.07,854,0,mobile_ios,Hyderabad,Jaipur,2026-08-27T07:43:22.124880
pay_c210aab58bb546,mer_1015,cust_20121,1406.49,INR,upi,HDFC,captured,none,0,none,17.6,8,3,0,0,2.14,0,0,desktop_safari,Ahmedabad,Ahmedabad,2026-08-27T08:25:55.124880
pay_3858c4629fe140,mer_1020,cust_20346,24647.31,INR,upi,HDFC,captured,none,0,none,44.9,8,3,0,0,25.7,627,0,mobile_android,Hyderabad,Delhi NCR,2026-08-27T08:27:28.124880
pay_a02ddaaf21244a,mer_1036,cust_20070,27862.37,INR,card_credit,ICICI,captured,none,0,none,36.7,8,3,0,0,28.97,0,0,desktop_chrome,Kochi,Kochi,2026-08-27T08:42:41.124880
pay_5274e9a08f9b45,mer_1018,cust_20150,3571.24,INR,card_credit,HDFC,failed,auth_timeout,0,none,10.7,9,3,0,0,0.48,0,0,desktop_windows,Chennai,Chennai,2026-08-27T09:02:35.124880
pay_d8812be600e746,mer_1008,cust_20255,71246.09,INR,upi,SBI,captured,none,0,none,39.8,9,3,0,0,25.6,0,0,desktop_windows,Bengaluru,Bengaluru,2026-08-27T09:13:33.124880
pay_1756bed7620a45,mer_1011,cust_20141,31913.13,INR,upi,HDFC,captured,none,0,none,25.0,9,3,0,1,27.28,0,0,desktop_safari,Pune,Pune,2026-08-27T09:26:10.124880
pay_27b82b9c913941,mer_1021,cust_20501,14402.33,INR,upi,HDFC,failed,issuer_bank_down,0,none,13.8,9,3,0,0,2.5,0,0,mobile_ios,Delhi NCR,Delhi NCR,2026-08-27T09:36:40.124880
pay_8eb95f6427bd48,mer_1006,cust_20113,23324.42,INR,upi,HDFC,captured,none,0,none,32.7,9,3,0,0,41.99,0,0,mobile_android,Kolkata,Kolkata,2026-08-27T09:50:54.124880
pay_bf7c5cb40fc541,mer_1022,cust_20118,2920.32,INR,netbanking,HDFC,captured,none,0,none,7.6,9,3,0,1,1.41,0,0,mobile_android,Kolkata,Kolkata,2026-08-27T09:51:11.124880
pay_36647d70f67a4b,mer_1019,cust_20143,4257.34,INR,card_credit,KOTAK,captured,none,0,none,29.5,10,3,0,0,4.55,0,0,desktop_windows,Hyderabad,Hyderabad,2026-08-27T10:07:21.124880
pay_060816ca90e047,mer_1012,cust_20053,46288.7,INR,upi,SBI,captured,none,0,none,28.8,10,3,0,0,13.47,0,0,desktop_chrome,Bengaluru,Bengaluru,2026-08-27T10:24:34.124880
pay_f7e9cda29f104c,mer_1040,cust_20415,8544.39,INR,upi,HDFC,captured,none,0,none,38.4,10,3,0,0,5.21,0,0,desktop_chrome,Jaipur,Jaipur,2026-08-27T10:44:07.124880
pay_e8f764a9340140,mer_1040,cust_20024,14808.8,INR,upi,SBI,captured,none,0,none,36.1,10,3,0,0,30.34,0,0,desktop_safari,Jaipur,Jaipur,2026-08-27T10:50:18.124880
pay_90f3c8ef2bf048,mer_1030,cust_20047,12930.33,INR,upi,HDFC,refunded,customer_return,0,none,29.0,10,3,0,0,8.73,0,0,mobile_ios,Chennai,Chennai,2026-08-27T10:56:50.124880
pay_9ac46c5ee1f64b,mer_1012,cust_20210,14047.62,INR,upi,ICICI,captured,none,0,none,33.1,10,3,0,0,26.51,0,0,mobile_android,Bengaluru,Bengaluru,2026-08-27T10:57:08.124880
pay_81b796499e0449,mer_1033,cust_20116,2600.06,INR,upi,SBI,captured,none,0,none,15.7,11,3,0,1,1.54,0,0,mobile_android,Pune,Pune,2026-08-27T11:14:17.124880
pay_e2acce4bb91141,mer_1038,cust_20583,45873.38,INR,upi,ICICI,captured,none,0,none,31.4,11,3,0,0,57.34,0,0,desktop_safari,Chennai,Chennai,2026-08-27T11:36:29.124880
pay_27ef79614bdc47,mer_1036,cust_20192,10867.19,INR,upi,AXIS,captured,none,0,none,35.5,11,3,0,0,6.17,0,0,mobile_android,Chennai,Chennai,2026-08-27T11:47:23.124880
pay_44eeba6dd8574b,mer_1037,cust_20328,1721.19,INR,card_credit,HDFC,captured,none,0,none,8.5,11,3,0,0,0.61,0,0,desktop_chrome,Delhi NCR,Delhi NCR,2026-08-27T11:54:15.124880
pay_475cd5dec04e4a,mer_1009,cust_20089,3113.14,INR,card_credit,ICICI,captured,none,0,none,5.6,11,3,0,0,1.48,0,0,mobile_ios,Ahmedabad,Ahmedabad,2026-08-27T11:58:26.124880
pay_9aa6862f4edd43,mer_1020,cust_20305,4574.52,INR,card_debit,ICICI,captured,none,0,none,7.4,12,3,0,0,0.76,0,0,desktop_windows,Jaipur,Jaipur,2026-08-27T12:09:50.124880
pay_e561bb14dac144,mer_1027,cust_20511,1161.92,INR,netbanking,HDFC,captured,none,0,none,16.7,12,3,0,0,1.57,0,0,desktop_windows,Bengaluru,Bengaluru,2026-08-27T12:36:51.124880
pay_30a22a3d4f1342,mer_1010,cust_20328,964.93,INR,card_debit,ICICI,captured,none,0,none,5.4,12,3,1,1,0.34,0,0,mobile_ios,Delhi NCR,Delhi NCR,2026-08-27T12:42:32.124880
pay_04f4c20bd0694c,mer_1016,cust_20116,71725.47,INR,card_debit,HDFC,captured,none,0,none,32.3,12,3,0,2,42.47,301,0,mobile_ios,Pune,Hyderabad,2026-08-27T12:42:39.124880
pay_b11c91256b1146,mer_1022,cust_20078,3361.52,INR,upi,HDFC,captured,none,0,none,18.4,12,3,0,0,1.54,0,0,desktop_safari,Ahmedabad,Ahmedabad,2026-08-27T12:48:09.124880
pay_b9e186865d4549,mer_1007,cust_20306,51529.58,INR,upi,HDFC,failed,auth_timeout,0,none,39.8,13,3,0,0,31.15,0,0,desktop_safari,Delhi NCR,Delhi NCR,2026-08-27T13:20:39.124880
pay_db15422decdc44,mer_1017,cust_20411,1163.36,INR,netbanking,HDFC,captured,none,0,none,13.2,13,3,0,0,1.59,0,0,desktop_chrome,Bengaluru,Bengaluru,2026-08-27T13:35:01.124880
pay_697aa45105aa4e,mer_1026,cust_20121,70473.37,INR,card_credit,AXIS,captured,none,0,none,36.3,13,3,0,1,107.15,0,0,desktop_chrome,Ahmedabad,Ahmedabad,2026-08-27T13:36:54.124880
pay_b1a190f73e5a43,mer_1035,cust_20019,29876.05,INR,card_debit,HDFC,captured,none,0,none,28.7,13,3,0,2,10.86,0,0,desktop_chrome,Pune,Pune,2026-08-27T13:51:51.124880
pay_b0624968077c44,mer_1030,cust_20108,80131.25,INR,upi,HDFC,captured,none,0,none,31.5,13,3,0,0,36.59,0,0,desktop_safari,Pune,Pune,2026-08-27T13:51:52.124880
pay_3bac29497c1540,mer_1001,cust_20445,3947.46,INR,upi,ICICI,captured,none,0,none,16.1,13,3,0,0,2.37,0,0,desktop_windows,Pune,Pune,2026-08-27T13:59:59.124880
pay_a65c1134a16d4b,mer_1026,cust_20586,34590.13,INR,card_credit,ICICI,captured,none,0,none,35.4,14,3,0,0,6.33,0,0,desktop_chrome,Delhi NCR,Delhi NCR,2026-08-27T14:13:57.124880
pay_31f9e38f6e884d,mer_1004,cust_20032,6483.46,INR,upi,AXIS,captured,none,0,none,28.3,14,3,0,0,4.01,0,0,desktop_safari,Kolkata,Kolkata,2026-08-27T14:22:53.124880
pay_bbb9cfc9af4e44,mer_1002,cust_20255,32980.79,INR,upi,HDFC,captured,none,0,none,33.0,14,3,0,1,11.85,0,0,mobile_ios,Bengaluru,Bengaluru,2026-08-27T14:32:40.124880
pay_a186bf2947294a,mer_1033,cust_20562,390.86,INR,card_credit,AXIS,captured,none,0,none,9.0,15,3,0,0,0.27,0,0,desktop_safari,Hyderabad,Hyderabad,2026-08-27T15:00:43.124880
pay_b4de7baea83049,mer_1005,cust_20154,8344.17,INR,upi,SBI,captured,none,0,none,38.6,15,3,0,0,21.45,0,0,mobile_android,Kochi,Kochi,2026-08-27T15:24:21.124880
pay_c1d5c122b2ee41,mer_1027,cust_20004,4393.42,INR,upi,HDFC,captured,none,0,none,30.5,15,3,0,0,1.21,0,1,desktop_windows,Ahmedabad,Ahmedabad,2026-08-27T15:52:56.124880
pay_439dd07218f44f,mer_1033,cust_20254,512.58,INR,card_debit,SBI,captured,none,0,none,17.3,15,3,0,1,0.41,1159,0,mobile_android,Hyderabad,Kochi,2026-08-27T15:53:21.124880
pay_494758c3a32343,mer_1013,cust_20407,18273.32,INR,upi,HDFC,captured,none,0,none,38.2,16,3,0,0,57.78,0,0,desktop_windows,Mumbai,Mumbai,2026-08-27T16:23:20.124880
pay_727204dc05ed44,mer_1039,cust_20332,2701.26,INR,card_debit,AXIS,captured,none,0,none,6.6,16,3,0,0,1.74,0,0,desktop_windows,Delhi NCR,Delhi NCR,2026-08-27T16:32:19.124880
pay_52c7395f525649,mer_1036,cust_20057,23101.57,INR,upi,ICICI,captured,none,0,none,35.1,16,3,0,0,8.55,0,0,mobile_android,Kochi,Kochi,2026-08-27T16:32:29.124880
pay_d9ecc429058f40,mer_1021,cust_20340,45343.83,INR,upi,AXIS,captured,none,0,none,37.3,16,3,0,0,51.86,0,0,mobile_ios,Bengaluru,Bengaluru,2026-08-27T16:48:05.124880
pay_4b95c382189a4e,mer_1017,cust_20487,519.34,INR,upi,HDFC,captured,none,0,none,18.1,16,3,0,0,0.42,0,0,mobile_ios,Kolkata,Kolkata,2026-08-27T16:52:54.124880
pay_efffd77502b248,mer_1028,cust_20121,2792.33,INR,card_credit,HDFC,captured,none,0,none,27.6,16,3,0,2,4.25,0,0,desktop_safari,Ahmedabad,Ahmedabad,2026-08-27T16:56:45.124880
pay_3704feff3e6245,mer_1016,cust_20138,34773.08,INR,card_credit,SBI,captured,none,0,none,30.3,17,3,0,0,22.3,0,0,mobile_ios,Delhi NCR,Delhi NCR,2026-08-27T17:10:54.124880
pay_268372192c254e,mer_1023,cust_20012,3692.85,INR,card_debit,HDFC,captured,none,0,none,29.2,17,3,0,1,8.46,0,0,desktop_safari,Kolkata,Kolkata,2026-08-27T17:30:57.124880
pay_2f3d7d66ddc44b,mer_1039,cust_20515,5680.18,INR,card_debit,SBI,captured,none,0,none,32.5,17,3,0,0,18.93,0,0,desktop_safari,Jaipur,Jaipur,2026-08-27T17:43:18.124880
pay_834f0abc124848,mer_1040,cust_20001,10140.27,INR,netbanking,HDFC,captured,none,0,none,36.4,17,3,0,0,10.02,0,0,desktop_windows,Chennai,Chennai,2026-08-27T17:45:13.124880
pay_9cf459b58f4044,mer_1020,cust_20146,3454.59,INR,upi,HDFC,captured,none,0,none,15.8,17,3,0,1,0.8,0,0,desktop_safari,Kolkata,Kolkata,2026-08-27T17:56:47.124880
pay_d4b845adce9942,mer_1014,cust_20296,39361.36,INR,upi,SBI,captured,none,0,none,46.8,18,3,0,0,29.83,1788,0,desktop_chrome,Pune,Kolkata,2026-08-27T18:00:23.124880
pay_b60ee15b79c74c,mer_1009,cust_20123,71427.13,INR,upi,ICICI,captured,none,0,none,30.9,18,3,0,0,33.65,0,0,desktop_windows,Bengaluru,Bengaluru,2026-08-27T18:33:32.124880
pay_f7d5a7ad2e244e,mer_1012,cust_20174,42239.65,INR,card_credit,HDFC,captured,none,0,none,31.4,18,3,0,0,11.38,0,0,mobile_android,Hyderabad,Hyderabad,2026-08-27T18:33:45.124880
pay_da78b56bc46440,mer_1039,cust_20373,4463.91,INR,card_credit,ICICI,captured,none,0,none,39.1,18,3,0,0,7.99,0,0,desktop_windows,Pune,Pune,2026-08-27T18:48:00.124880
pay_c12a5cc9b7874d,mer_1040,cust_20370,51804.17,INR,card_credit,HDFC,captured,none,0,none,32.3,18,3,0,0,76.46,0,0,mobile_android,Ahmedabad,Ahmedabad,2026-08-27T18:51:46.124880
pay_059de03b4b604e,mer_1021,cust_20118,2963.67,INR,card_debit,SBI,captured,none,0,none,15.0,18,3,0,1,1.43,0,0,mobile_android,Kolkata,Kolkata,2026-08-27T18:56:06.124880
pay_c161da37d88049,mer_1034,cust_20331,3652.78,INR,card_credit,AXIS,captured,none,0,none,25.7,19,3,0,1,5.58,0,0,desktop_safari,Hyderabad,Hyderabad,2026-08-27T19:38:23.124880
pay_3f0bd437b10d4c,mer_1038,cust_20121,24207.65,INR,upi,HDFC,captured,none,0,none,28.1,20,3,0,3,36.81,0,0,desktop_chrome,Ahmedabad,Ahmedabad,2026-08-27T20:00:31.124880
pay_79d1d38838184e,mer_1034,cust_20402,586.22,INR,upi,SBI,captured,none,0,none,15.7,20,3,0,0,0.23,0,0,mobile_android,Kochi,Kochi,2026-08-27T20:03:37.124880
pay_d09a67679fec44,mer_1033,cust_20438,2935.09,INR,upi,HDFC,captured,none,0,none,13.0,20,3,0,0,1.7,0,0,mobile_android,Pune,Pune,2026-08-27T20:05:57.124880
pay_b3cf67c480054b,mer_1037,cust_20456,520.35,INR,card_credit,ICICI,captured,none,0,none,9.9,20,3,0,0,0.14,0,0,mobile_ios,Pune,Pune,2026-08-27T20:25:20.124880
pay_b135ea6d274e44,mer_1019,cust_20399,4401.99,INR,upi,ICICI,captured,none,0,none,13.9,20,3,0,0,1.48,0,0,desktop_safari,Chennai,Chennai,2026-08-27T20:36:30.124880
pay_8ec0795c2ff649,mer_1034,cust_20095,1645.21,INR,upi,HDFC,failed,insufficient_funds,0,none,30.0,20,3,0,0,3.49,0,0,desktop_chrome,Kochi,Kochi,2026-08-27T20:54:37.124880
pay_7815a38342194a,mer_1002,cust_20317,67313.11,INR,upi,HDFC,captured,none,0,none,33.8,20,3,0,0,19.8,0,0,desktop_safari,Jaipur,Jaipur,2026-08-27T20:56:37.124880
pay_39d437650bc546,mer_1040,cust_20261,47553.79,INR,upi,ICICI,captured,none,0,none,33.4,20,3,0,0,22.52,0,0,desktop_windows,Chennai,Chennai,2026-08-27T20:59:24.124880
pay_add35be7270e49,mer_1014,cust_20218,3349.52,INR,upi,HDFC,captured,none,0,none,6.5,21,3,0,0,2.58,0,0,desktop_windows,Jaipur,Jaipur,2026-08-27T21:04:47.124880
pay_0d44fc63ebe147,mer_1012,cust_20108,17253.9,INR,card_credit,SBI,captured,none,0,none,40.3,21,3,0,1,7.88,0,1,mobile_android,Pune,Pune,2026-08-27T21:05:53.124880
pay_ad4c1567c15e47,mer_1031,cust_20441,41073.46,INR,upi,HDFC,captured,none,0,none,44.3,21,3,0,1,20.56,1260,0,mobile_android,Chennai,Kolkata,2026-08-27T21:06:06.124880
pay_8588b9c81be348,mer_1037,cust_20301,4530.43,INR,card_credit,SBI,captured,none,0,none,30.8,21,3,0,0,15.1,0,0,desktop_windows,Jaipur,Jaipur,2026-08-27T21:09:51.124880
pay_04fa203484f04f,mer_1012,cust_20590,41914.53,INR,upi,SBI,captured,none,0,none,36.9,21,3,0,0,9.9,0,0,desktop_safari,Pune,Pune,2026-08-27T21:13:37.124880
pay_0b3fe233e79346,mer_1012,cust_20597,34500.07,INR,upi,SBI,captured,none,0,none,32.1,21,3,0,0,22.56,0,0,mobile_ios,Bengaluru,Bengaluru,2026-08-27T21:21:00.124880
pay_b5b6520f08674e,mer_1004,cust_20492,23415.46,INR,card_credit,SBI,captured,none,0,none,27.8,21,3,0,1,7.13,0,0,desktop_windows,Pune,Pune,2026-08-27T21:30:59.124880
pay_49f9b6f5a8ba44,mer_1038,cust_20543,12132.88,INR,upi,SBI,captured,none,0,none,27.9,21,3,0,0,32.67,0,0,desktop_chrome,Delhi NCR,Delhi NCR,2026-08-27T21:51:19.124880
pay_8c8f16c41acc43,mer_1014,cust_20310,6650.0,INR,card_credit,KOTAK,captured,none,0,none,43.9,22,3,0,0,7.98,0,1,mobile_ios,Chennai,Chennai,2026-08-27T22:03:55.124880
pay_51134378cd6d4b,mer_1010,cust_20056,864.55,INR,netbanking,HDFC,failed,auth_timeout,0,none,6.2,22,3,0,0,1.66,0,0,desktop_chrome,Delhi NCR,Delhi NCR,2026-08-27T22:11:24.124880
pay_f35baa54d6b641,mer_1009,cust_20430,26771.61,INR,card_credit,HDFC,captured,none,0,none,60.6,22,3,0,0,74.57,1086,1,mobile_ios,Chennai,Kolkata,2026-08-27T22:42:44.124880
pay_ad554cf8c61f42,mer_1034,cust_20010,5159.56,INR,upi,AXIS,captured,none,0,none,26.2,22,3,0,0,4.47,0,0,desktop_windows,Delhi NCR,Delhi NCR,2026-08-27T22:43:37.124880
pay_6095d63244a749,mer_1029,cust_20155,824.45,INR,upi,PAYTM_BANK,captured,none,0,none,6.5,23,3,0,1,0.17,0,0,mobile_android,Pune,Pune,2026-08-27T23:05:35.124880
pay_82575bbf38e44a,mer_1002,cust_20025,49413.08,INR,upi,AXIS,captured,none,0,none,40.9,23,3,0,0,62.69,0,1,mobile_ios,Chennai,Chennai,2026-08-27T23:24:40.124880
pay_c4260d6845ad45,mer_1014,cust_20543,30227.25,INR,upi,AXIS,captured,none,0,none,37.2,23,3,0,1,81.39,0,0,mobile_android,Delhi NCR,Delhi NCR,2026-08-27T23:38:06.124880
pay_2171a67da62d44,mer_1008,cust_20078,46613.47,INR,card_debit,HDFC,captured,none,0,none,39.9,23,3,0,1,21.31,0,0,desktop_windows,Ahmedabad,Ahmedabad,2026-08-27T23:55:30.124880
pay_1e044247cd0a45,mer_1007,cust_20121,68861.09,INR,upi,HDFC,captured,none,0,none,25.4,0,4,0,4,104.7,0,0,mobile_android,Ahmedabad,Ahmedabad,2026-08-28T00:02:17.124880
pay_0aec02bf249d46,mer_1013,cust_20202,21536.34,INR,netbanking,SBI,captured,none,0,none,32.4,0,4,0,0,41.07,230,0,mobile_ios,Jaipur,Ahmedabad,2026-08-28T00:02:33.124880
pay_fbc134bcc7304d,mer_1006,cust_20566,22434.66,INR,upi,ICICI,captured,none,0,none,48.7,0,4,0,0,5.2,1014,0,mobile_android,Chennai,Ahmedabad,2026-08-28T00:26:30.124880
pay_4030612e88ee42,mer_1020,cust_20380,33327.6,INR,upi,SBI,captured,none,0,none,34.1,0,4,0,0,15.59,0,0,desktop_safari,Ahmedabad,Ahmedabad,2026-08-28T00:32:32.124880
pay_675143366fef4f,mer_1036,cust_20020,30076.23,INR,upi,ICICI,failed,issuer_bank_down,0,none,30.8,0,4,0,0,11.09,0,0,mobile_android,Pune,Pune,2026-08-28T00:35:32.124880
pay_3afe3acc780b42,mer_1003,cust_20035,1348.17,INR,upi,ICICI,captured,none,0,none,17.4,0,4,0,0,0.8,0,0,desktop_safari,Delhi NCR,Delhi NCR,2026-08-28T00:48:22.124880
pay_3e06544bef454d,mer_1040,cust_20506,22037.91,INR,upi,HDFC,captured,none,0,none,35.5,1,4,0,1,36.58,0,0,mobile_ios,Chennai,Chennai,2026-08-28T01:07:07.124880
pay_30b849abfff947,mer_1019,cust_20362,1547.94,INR,card_debit,ICICI,captured,none,0,none,29.5,1,4,0,0,0.27,170,0,mobile_ios,Jaipur,Delhi NCR,2026-08-28T01:20:06.124880
pay_d17db7f180474d,mer_1033,cust_20118,221.51,INR,upi,SBI,captured,none,0,none,26.7,1,4,0,2,0.11,0,0,desktop_chrome,Kolkata,Kolkata,2026-08-28T01:21:52.124880
pay_1c0bd78887324e,mer_1028,cust_20086,12182.73,INR,card_debit,HDFC,captured,none,0,none,40.4,1,4,0,0,12.44,0,0,mobile_ios,Ahmedabad,Ahmedabad,2026-08-28T01:48:39.124880
pay_63d09ec9dbfb47,mer_1035,cust_20151,63627.2,INR,upi,HDFC,captured,none,1,account_takeover,90.2,1,4,0,0,26.44,0,1,desktop_windows,Delhi NCR,Delhi NCR,2026-08-28T01:57:33.124880
pay_efd2fdfc4cc344,mer_1014,cust_20395,17025.78,INR,upi,ICICI,captured,none,0,none,47.1,2,4,0,0,7.22,0,0,mobile_android,Delhi NCR,Delhi NCR,2026-08-28T02:24:16.124880
pay_952ded365e0647,mer_1021,cust_20181,94630.22,INR,upi,ICICI,captured,none,0,none,49.2,2,4,0,0,27.07,0,0,desktop_windows,Ahmedabad,Ahmedabad,2026-08-28T02:42:24.124880
pay_54341bd57c5b4d,mer_1010,cust_20594,3776.55,INR,upi,SBI,captured,none,0,none,23.2,2,4,0,0,2.61,0,0,desktop_safari,Pune,Pune,2026-08-28T02:43:30.124880
pay_6d88c2b2b6b246,mer_1040,cust_20099,37459.4,INR,upi,HDFC,captured,none,0,none,46.4,2,4,0,0,65.83,0,0,desktop_windows,Kolkata,Kolkata,2026-08-28T02:45:10.124880
pay_77d4736323c84f,mer_1005,cust_20438,7428.83,INR,upi,HDFC,captured,none,0,none,46.8,2,4,0,1,4.29,0,0,mobile_android,Pune,Pune,2026-08-28T02:47:16.124880
pay_b92da141f04b43,mer_1032,cust_20157,18417.28,INR,upi,ICICI,refunded,customer_return,0,none,36.9,2,4,0,0,19.69,0,0,mobile_ios,Bengaluru,Bengaluru,2026-08-28T02:49:37.124880
pay_21ca38c40f524a,mer_1022,cust_20048,3649.03,INR,card_credit,HDFC,captured,none,0,none,47.4,2,4,0,0,6.22,0,0,mobile_android,Bengaluru,Bengaluru,2026-08-28T02:49:41.124880
pay_2087f63682f546,mer_1020,cust_20081,25494.2,INR,upi,ICICI,captured,none,0,none,37.5,3,4,0,0,9.06,0,0,desktop_chrome,Pune,Pune,2026-08-28T03:06:02.124880
pay_83f236e7e3f043,mer_1008,cust_20114,30502.66,INR,upi,HDFC,captured,none,0,none,35.2,3,4,0,0,11.85,0,0,mobile_android,Pune,Pune,2026-08-28T03:06:56.124880
pay_6658d0f1bf154b,mer_1004,cust_20082,48520.14,INR,upi,SBI,captured,none,0,none,55.4,3,4,0,0,10.73,776,0,desktop_chrome,Kolkata,Kochi,2026-08-28T03:08:04.124880
pay_47fd9599dc1f4b,mer_1011,cust_20226,24045.3,INR,upi,SBI,captured,none,0,none,36.5,3,4,0,0,7.24,0,0,desktop_chrome,Pune,Pune,2026-08-28T03:15:00.124880
pay_8c96f429f8f549,mer_1034,cust_20499,1780.41,INR,card_credit,HDFC,captured,none,0,none,21.0,3,4,0,1,0.92,0,0,desktop_windows,Pune,Pune,2026-08-28T03:31:20.124880
pay_c162179c206c40,mer_1039,cust_20462,13674.03,INR,upi,SBI,captured,none,0,none,39.5,3,4,0,0,8.35,0,0,desktop_windows,Chennai,Chennai,2026-08-28T03:32:20.124880
pay_590fa0a6b76246,mer_1024,cust_20344,2643.21,INR,card_credit,HDFC,captured,none,0,none,23.1,3,4,0,0,0.44,0,0,mobile_ios,Delhi NCR,Delhi NCR,2026-08-28T03:35:06.124880
pay_af0cb415e20f44,mer_1011,cust_20555,27992.6,INR,upi,HDFC,failed,risk_blocked,1,account_takeover,97.9,3,4,0,0,11.3,0,1,mobile_android,Mumbai,Mumbai,2026-08-28T03:51:04.124880
pay_86be86f5a4dc4e,mer_1015,cust_20290,4513.84,INR,upi,KOTAK,captured,none,0,none,44.2,3,4,0,0,1.52,0,1,mobile_ios,Mumbai,Mumbai,2026-08-28T03:56:49.124880
pay_2b7a2054957e42,mer_1016,cust_20552,49623.93,INR,card_credit,ICICI,captured,none,0,none,38.6,4,4,0,0,43.71,0,0,desktop_chrome,Kochi,Kochi,2026-08-28T04:03:09.124880
pay_e7ff938d42944b,mer_1037,cust_20089,403.83,INR,upi,AXIS,captured,none,0,none,18.6,4,4,0,1,0.19,0,0,desktop_safari,Ahmedabad,Ahmedabad,2026-08-28T04:10:58.124880
pay_1e6629fa1a9841,mer_1020,cust_20261,29332.22,INR,upi,SBI,failed,issuer_bank_down,0,none,44.2,4,4,0,1,13.89,0,0,mobile_android,Chennai,Chennai,2026-08-28T04:13:51.124880
pay_0bf00214be0d43,mer_1003,cust_20369,1179.51,INR,upi,AXIS,captured,none,0,none,15.3,4,4,0,0,0.15,0,0,desktop_chrome,Kolkata,Kolkata,2026-08-28T04:17:56.124880
pay_b9793754a4e943,mer_1020,cust_20284,40459.91,INR,netbanking,HDFC,failed,issuer_bank_down,0,none,50.0,4,4,0,0,18.65,0,0,desktop_windows,Hyderabad,Hyderabad,2026-08-28T04:18:30.124880
pay_7feda817465e40,mer_1020,cust_20263,45803.42,INR,card_credit,SBI,captured,none,0,none,42.6,4,4,0,0,66.38,0,0,desktop_chrome,Kolkata,Kolkata,2026-08-28T04:18:37.124880
pay_3288209b523d45,mer_1022,cust_20276,2830.58,INR,upi,HDFC,captured,none,0,none,29.8,4,4,0,0,2.09,0,0,desktop_chrome,Hyderabad,Hyderabad,2026-08-28T04:32:39.124880
pay_a39519e4c01949,mer_1011,cust_20106,4705.69,INR,upi,SBI,captured,none,0,none,39.3,4,4,0,0,3.82,0,0,desktop_safari,Chennai,Chennai,2026-08-28T04:37:18.124880
pay_347df820cf3e41,mer_1033,cust_20127,3425.34,INR,card_debit,AXIS,captured,none,0,none,18.5,4,4,0,0,2.86,0,0,mobile_ios,Kolkata,Kolkata,2026-08-28T04:56:02.124880
pay_04776d524f2c45,mer_1023,cust_20524,427.58,INR,upi,HDFC,captured,none,0,none,16.0,4,4,0,0,0.33,0,0,desktop_windows,Pune,Pune,2026-08-28T04:58:29.124880
pay_9fccf3d94a3a40,mer_1005,cust_20212,59496.42,INR,upi,HDFC,captured,none,0,none,36.2,5,4,0,0,99.5,1311,0,desktop_windows,Mumbai,Kolkata,2026-08-28T05:18:48.124880
pay_a857ec1b024842,mer_1027,cust_20512,4156.21,INR,upi,PAYTM_BANK,captured,none,0,none,32.2,5,4,0,0,4.7,0,0,desktop_windows,Kolkata,Kolkata,2026-08-28T05:34:17.124880
pay_228f6f2a21a540,mer_1011,cust_20408,45456.63,INR,upi,ICICI,captured,none,0,none,31.1,5,4,0,0,78.16,0,0,mobile_android,Mumbai,Mumbai,2026-08-28T05:43:50.124880
pay_cef665c8118343,mer_1036,cust_20435,28669.14,INR,card_debit,HDFC,captured,none,0,none,34.2,5,4,0,0,40.52,0,0,desktop_safari,Ahmedabad,Ahmedabad,2026-08-28T05:55:52.124880
pay_c2b95a8f660548,mer_1001,cust_20330,5181.52,INR,netbanking,HDFC,failed,incorrect_otp,0,none,28.1,6,4,0,0,4.4,0,0,desktop_safari,Mumbai,Mumbai,2026-08-28T06:24:57.124880
pay_56868c2e3e8042,mer_1002,cust_20325,42341.44,INR,upi,HDFC,captured,none,0,none,31.4,6,4,0,0,29.27,0,0,desktop_windows,Ahmedabad,Ahmedabad,2026-08-28T06:28:24.124880
pay_e4040f3e008e4c,mer_1037,cust_20011,1073.1,INR,upi,ICICI,captured,none,0,none,15.6,6,4,0,0,1.95,685,0,mobile_ios,Mumbai,Bengaluru,2026-08-28T06:38:32.124880
pay_e22af1368e9c43,mer_1037,cust_20493,1277.31,INR,upi,ICICI,captured,none,0,none,5.2,6,4,0,0,0.71,298,0,desktop_safari,Bengaluru,Mumbai,2026-08-28T06:47:13.124880
pay_369a703e3b884d,mer_1031,cust_20520,26586.83,INR,upi,KOTAK,captured,none,0,none,28.0,7,4,0,0,7.57,0,0,desktop_windows,Ahmedabad,Ahmedabad,2026-08-28T07:00:46.124880
pay_7ee447cb2fcc44,mer_1003,cust_20155,749.51,INR,card_debit,AXIS,captured,none,0,none,17.8,7,4,0,1,0.16,0,0,desktop_chrome,Pune,Pune,2026-08-28T07:03:36.124880
pay_ff04f78e43db4c,mer_1036,cust_20267,9604.7,INR,wallet,HDFC,captured,none,0,none,38.5,7,4,0,0,4.51,1370,0,desktop_chrome,Kochi,Mumbai,2026-08-28T07:05:30.124880
pay_889a7cdeeb6f4d,mer_1024,cust_20088,7484.15,INR,upi,KOTAK,captured,none,0,none,29.1,7,4,0,0,5.9,0,0,desktop_safari,Kolkata,Kolkata,2026-08-28T07:07:54.124880
pay_29782ed277f94f,mer_1019,cust_20415,1193.7,INR,card_credit,AXIS,captured,none,0,none,17.5,7,4,0,1,0.73,0,0,mobile_android,Jaipur,Jaipur,2026-08-28T07:17:36.124880
pay_f59079ff256446,mer_1002,cust_20322,38298.87,INR,card_debit,HDFC,captured,none,0,none,25.9,7,4,0,0,29.35,0,0,desktop_safari,Bengaluru,Bengaluru,2026-08-28T07:18:16.124880
pay_f702a266f0bb42,mer_1029,cust_20533,296.08,INR,card_credit,AXIS,captured,none,0,none,8.5,7,4,0,0,0.17,0,0,desktop_windows,Jaipur,Jaipur,2026-08-28T07:33:40.124880
pay_3593a877354f4f,mer_1035,cust_20341,62791.88,INR,card_credit,SBI,captured,none,0,none,37.4,7,4,0,0,10.8,0,0,desktop_safari,Bengaluru,Bengaluru,2026-08-28T07:33:47.124880
pay_af7dd7f1cec148,mer_1023,cust_20094,5119.1,INR,upi,HDFC,captured,none,0,none,17.2,7,4,0,0,1.14,0,0,desktop_windows,Chennai,Chennai,2026-08-28T07:33:58.124880
pay_79962bdfae2647,mer_1040,cust_20396,48222.41,INR,card_debit,ICICI,captured,none,0,none,34.0,7,4,0,0,21.68,0,0,desktop_chrome,Jaipur,Jaipur,2026-08-28T07:39:32.124880
pay_4f8e55e301b642,mer_1013,cust_20518,24864.68,INR,upi,HDFC,captured,none,0,none,27.1,7,4,0,0,33.73,0,0,desktop_windows,Delhi NCR,Delhi NCR,2026-08-28T07:48:33.124880
pay_f2e2b9dd036b4d,mer_1040,cust_20083,40691.72,INR,card_credit,ICICI,captured,none,0,none,39.8,7,4,0,0,26.25,0,0,desktop_chrome,Chennai,Chennai,2026-08-28T07:50:37.124880
pay_0ddaa430277c4b,mer_1028,cust_20108,1148.87,INR,netbanking,ICICI,captured,none,0,none,11.7,8,4,0,2,0.52,0,0,mobile_ios,Pune,Pune,2026-08-28T08:11:53.124880
pay_e8ebae68eb1f4a,mer_1039,cust_20108,24787.16,INR,upi,HDFC,captured,none,0,none,26.9,8,4,1,3,11.32,0,0,desktop_chrome,Pune,Pune,2026-08-28T08:12:23.124880
pay_bc0f624df91a48,mer_1039,cust_20543,42016.81,INR,upi,SBI,captured,none,0,none,53.7,8,4,0,2,113.14,0,1,desktop_windows,Delhi NCR,Delhi NCR,2026-08-28T08:24:08.124880
pay_a9a40ecf326545,mer_1026,cust_20198,57948.24,INR,netbanking,ICICI,failed,issuer_bank_down,0,none,29.8,8,4,0,0,70.89,0,0,desktop_chrome,Pune,Pune,2026-08-28T08:30:09.124880
pay_c08212f6092045,mer_1006,cust_20035,26262.33,INR,card_debit,HDFC,captured,none,0,none,28.3,8,4,0,1,15.63,0,0,desktop_safari,Delhi NCR,Delhi NCR,2026-08-28T08:34:55.124880
pay_ab2e121ce5f149,mer_1037,cust_20330,5782.31,INR,upi,KOTAK,captured,none,0,none,26.7,8,4,0,1,4.91,0,0,desktop_safari,Mumbai,Mumbai,2026-08-28T08:51:57.124880
pay_2f2ed508787942,mer_1039,cust_20156,7469.75,INR,upi,AXIS,captured,none,0,none,19.5,8,4,0,0,1.5,0,0,mobile_ios,Ahmedabad,Ahmedabad,2026-08-28T08:54:38.124880
pay_9642a609251443,mer_1040,cust_20462,15295.52,INR,card_debit,HDFC,captured,none,0,none,31.5,9,4,0,1,9.34,0,0,mobile_ios,Chennai,Chennai,2026-08-28T09:03:15.124880
pay_7534357ddccb48,mer_1032,cust_20468,5794.52,INR,wallet,HDFC,captured,none,0,none,39.1,9,4,0,0,4.57,1745,0,desktop_chrome,Delhi NCR,Chennai,2026-08-28T09:13:48.124880
pay_d9d464d307c942,mer_1036,cust_20564,8036.21,INR,upi,SBI,captured,none,0,none,34.6,9,4,0,0,14.8,0,0,desktop_chrome,Pune,Pune,2026-08-28T09:14:06.124880
pay_c8917e192e8046,mer_1017,cust_20022,1568.14,INR,card_credit,ICICI,captured,none,0,none,39.2,9,4,0,0,3.09,0,0,desktop_windows,Bengaluru,Bengaluru,2026-08-28T09:19:34.124880
pay_8968b87409d644,mer_1037,cust_20071,2368.12,INR,upi,SBI,captured,none,0,none,13.1,9,4,0,0,1.28,0,0,mobile_ios,Bengaluru,Bengaluru,2026-08-28T09:38:33.124880
pay_4bb52b17a8b247,mer_1012,cust_20166,22621.44,INR,upi,ICICI,captured,none,0,none,33.6,9,4,0,0,45.23,0,0,desktop_chrome,Ahmedabad,Ahmedabad,2026-08-28T09:43:38.124880
pay_9a547a83752241,mer_1006,cust_20537,23282.43,INR,upi,HDFC,captured,none,0,none,32.0,9,4,0,0,30.73,0,0,mobile_ios,Hyderabad,Hyderabad,2026-08-28T09:58:07.124880
pay_4510d20b90984e,mer_1029,cust_20197,2591.52,INR,card_debit,AXIS,captured,none,0,none,38.0,10,4,0,0,4.84,0,0,mobile_android,Ahmedabad,Ahmedabad,2026-08-28T10:13:23.124880
pay_e5ffc7e0684248,mer_1011,cust_20228,19688.84,INR,card_debit,ICICI,captured,none,0,none,27.0,10,4,0,0,22.01,0,0,desktop_safari,Delhi NCR,Delhi NCR,2026-08-28T10:41:58.124880
pay_36f82a337a164d,mer_1006,cust_20441,39648.12,INR,upi,PAYTM_BANK,captured,none,0,none,39.9,10,4,0,1,19.85,0,0,desktop_safari,Chennai,Chennai,2026-08-28T10:46:03.124880
pay_41d63a24c6c145,mer_1029,cust_20480,1819.11,INR,card_credit,ICICI,captured,none,0,none,5.4,10,4,0,0,1.02,0,0,desktop_windows,Chennai,Chennai,2026-08-28T10:48:30.124880
pay_8565f7e14a9c48,mer_1031,cust_20037,26890.45,INR,upi,AXIS,captured,none,0,none,50.7,10,4,0,0,29.13,0,1,desktop_chrome,Jaipur,Jaipur,2026-08-28T10:49:02.124880
pay_622cccfc568747,mer_1011,cust_20338,4317.23,INR,card_debit,ICICI,captured,none,0,none,16.9,10,4,0,0,2.43,0,0,desktop_chrome,Mumbai,Mumbai,2026-08-28T10:57:24.124880
pay_983e7ba155a145,mer_1025,cust_20465,66639.26,INR,netbanking,ICICI,captured,none,0,none,27.9,11,4,0,0,11.85,0,0,mobile_ios,Bengaluru,Bengaluru,2026-08-28T11:04:23.124880
pay_a8e213ad0b2c42,mer_1011,cust_20077,27626.33,INR,netbanking,HDFC,failed,issuer_bank_down,0,none,44.1,11,4,0,0,15.88,0,1,desktop_chrome,Pune,Pune,2026-08-28T11:08:02.124880
pay_20f6be90648b44,mer_1014,cust_20308,47453.35,INR,upi,ICICI,captured,none,0,none,29.1,11,4,0,0,68.29,0,0,desktop_windows,Chennai,Chennai,2026-08-28T11:28:26.124880
pay_572955e2602646,mer_1016,cust_20203,53189.33,INR,upi,ICICI,captured,none,0,none,37.1,11,4,0,0,177.3,0,0,desktop_chrome,Jaipur,Jaipur,2026-08-28T11:42:47.124880
pay_2a315dcdaa0f44,mer_1036,cust_20155,31752.45,INR,upi,ICICI,captured,none,0,none,31.5,11,4,0,2,6.68,0,0,desktop_safari,Pune,Pune,2026-08-28T11:45:08.124880
pay_95dd9881b9774c,mer_1037,cust_20257,3755.83,INR,wallet,PAYTM_BANK,captured,none,0,none,16.5,11,4,0,0,2.25,0,0,desktop_safari,Hyderabad,Hyderabad,2026-08-28T11:59:46.124880
pay_83a3159db82f41,mer_1008,cust_20404,46918.15,INR,card_credit,SBI,captured,none,0,none,33.7,12,4,0,0,25.08,0,0,desktop_chrome,Chennai,Chennai,2026-08-28T12:07:30.124880
pay_4f686374299544,mer_1026,cust_20393,34155.88,INR,card_credit,PAYTM_BANK,captured,none,0,none,41.2,12,4,0,0,18.38,0,1,desktop_safari,Chennai,Chennai,2026-08-28T12:54:48.124880
pay_d45a86cd679849,mer_1016,cust_20062,63504.59,INR,card_credit,HDFC,captured,none,0,none,29.6,13,4,0,0,23.72,0,0,desktop_chrome,Pune,Pune,2026-08-28T13:35:58.124880
pay_1843e0ad26094c,mer_1040,cust_20306,27645.02,INR,upi,ICICI,captured,none,0,none,30.3,13,4,0,0,16.71,0,0,desktop_chrome,Delhi NCR,Delhi NCR,2026-08-28T13:37:57.124880
pay_5568348f85694b,mer_1040,cust_20303,16512.47,INR,upi,ICICI,captured,none,0,none,45.6,13,4,0,0,3.04,0,1,mobile_ios,Delhi NCR,Delhi NCR,2026-08-28T13:58:25.124880
pay_730fbcf1ad314f,mer_1036,cust_20450,6638.32,INR,netbanking,ICICI,captured,none,0,none,32.9,14,4,0,0,3.23,0,0,desktop_windows,Delhi NCR,Delhi NCR,2026-08-28T14:04:11.124880
pay_c31cd9fdc9894a,mer_1028,cust_20578,5401.21,INR,upi,ICICI,captured,none,0,none,48.0,14,4,0,0,3.7,1645,0,desktop_safari,Delhi NCR,Pune,2026-08-28T14:14:17.124880
pay_ccc023afc78541,mer_1010,cust_20386,1425.65,INR,card_debit,SBI,captured,none,0,none,24.0,14,4,0,0,0.95,1742,0,desktop_chrome,Ahmedabad,Kochi,2026-08-28T14:39:03.124880
pay_901bb66bd82349,mer_1033,cust_20303,2121.94,INR,upi,HDFC,captured,none,0,none,7.1,14,4,1,1,0.39,0,0,mobile_ios,Delhi NCR,Delhi NCR,2026-08-28T14:42:54.124880
pay_5886d7000aae4e,mer_1039,cust_20324,47951.83,INR,card_debit,SBI,captured,none,0,none,52.5,14,4,0,0,53.06,0,1,mobile_ios,Hyderabad,Hyderabad,2026-08-28T14:47:21.124880
pay_e231a4872c7e46,mer_1015,cust_20507,3818.18,INR,upi,SBI,captured,none,0,none,32.6,14,4,0,0,6.81,0,0,desktop_windows,Bengaluru,Bengaluru,2026-08-28T14:49:41.124880
pay_f10be960e75d43,mer_1022,cust_20469,219.23,INR,upi,HDFC,captured,none,0,none,14.3,15,4,0,0,0.4,0,0,desktop_windows,Kochi,Kochi,2026-08-28T15:10:10.124880
pay_75baa15c71da43,mer_1011,cust_20583,26457.15,INR,card_credit,HDFC,captured,none,0,none,28.8,15,4,0,0,33.07,0,0,desktop_chrome,Chennai,Chennai,2026-08-28T15:13:28.124880
pay_23b7a94f568841,mer_1023,cust_20177,7006.13,INR,card_credit,HDFC,captured,none,0,none,37.2,15,4,0,0,8.37,0,0,desktop_chrome,Delhi NCR,Delhi NCR,2026-08-28T15:17:16.124880
pay_9bbe3dce6fb946,mer_1009,cust_20002,10740.3,INR,netbanking,HDFC,captured,none,0,none,32.5,15,4,0,0,35.8,0,0,mobile_android,Mumbai,Mumbai,2026-08-28T15:25:14.124880
pay_047b5b0534d349,mer_1040,cust_20395,15090.41,INR,upi,ICICI,failed,issuer_bank_down,0,none,35.5,15,4,0,1,6.4,0,0,desktop_chrome,Delhi NCR,Delhi NCR,2026-08-28T15:25:24.124880
pay_7b133ec41d9844,mer_1009,cust_20179,58182.7,INR,upi,SBI,captured,none,0,none,37.4,15,4,0,0,23.74,0,0,desktop_chrome,Bengaluru,Bengaluru,2026-08-28T15:46:07.124880
pay_2a1defe4446c42,mer_1028,cust_20133,1169.27,INR,upi,AXIS,captured,none,0,none,18.6,15,4,0,0,0.59,0,0,desktop_chrome,Chennai,Chennai,2026-08-28T15:54:10.124880
pay_8a1ac169ad334d,mer_1003,cust_20299,664.28,INR,card_credit,ICICI,captured,none,0,none,35.9,16,4,0,0,1.27,1554,1,mobile_android,Chennai,Delhi NCR,2026-08-28T16:03:12.124880
pay_6571ee7a295f4c,mer_1032,cust_20144,20056.71,INR,upi,SBI,captured,none,0,none,38.3,16,4,0,0,20.79,0,0,desktop_chrome,Pune,Pune,2026-08-28T16:09:41.124880
pay_77dcef4eac3349,mer_1001,cust_20258,2918.83,INR,upi,ICICI,captured,none,0,none,52.5,16,4,0,0,4.04,0,1,mobile_android,Kochi,Kochi,2026-08-28T16:16:39.124880
pay_b7ecff71769c48,mer_1010,cust_20351,618.21,INR,netbanking,HDFC,captured,none,0,none,16.7,16,4,0,0,1.03,0,0,mobile_android,Kochi,Kochi,2026-08-28T16:27:50.124880
pay_1b54f0e2639241,mer_1040,cust_20218,21707.73,INR,upi,HDFC,captured,none,0,none,35.9,16,4,0,1,16.73,0,0,desktop_windows,Jaipur,Jaipur,2026-08-28T16:40:39.124880
pay_7fe94fa3170b43,mer_1005,cust_20086,60454.74,INR,upi,SBI,failed,issuer_bank_down,0,none,28.3,16,4,0,1,61.72,0,0,desktop_safari,Ahmedabad,Ahmedabad,2026-08-28T16:45:27.124880
pay_9bce91d4401242,mer_1006,cust_20526,24247.6,INR,upi,SBI,failed,issuer_bank_down,0,none,34.6,16,4,0,0,6.9,0,0,desktop_windows,Jaipur,Jaipur,2026-08-28T16:46:39.124880
pay_5435a4d9647343,mer_1033,cust_20327,1190.91,INR,upi,ICICI,captured,none,0,none,25.5,16,4,0,0,3.97,0,0,desktop_chrome,Pune,Pune,2026-08-28T16:48:17.124880
pay_9c4984608e5147,mer_1023,cust_20273,5008.67,INR,card_debit,ICICI,captured,none,0,none,34.8,17,4,0,0,4.57,0,0,mobile_android,Ahmedabad,Ahmedabad,2026-08-28T17:07:13.124880
pay_07de27cd18554e,mer_1034,cust_20034,318.68,INR,card_debit,HDFC,captured,none,0,none,34.0,17,4,0,0,0.52,0,1,desktop_safari,Kolkata,Kolkata,2026-08-28T17:08:47.124880
pay_765ae8078fa640,mer_1012,cust_20257,47385.89,INR,upi,PAYTM_BANK,captured,none,0,none,34.7,17,4,0,1,28.33,0,0,mobile_android,Hyderabad,Hyderabad,2026-08-28T17:29:58.124880
pay_aeef592334594c,mer_1025,cust_20447,33047.99,INR,upi,SBI,captured,none,0,none,39.3,17,4,0,0,8.83,0,0,desktop_windows,Delhi NCR,Delhi NCR,2026-08-28T17:38:32.124880
pay_2c13e602c3b746,mer_1039,cust_20323,27032.31,INR,card_debit,HDFC,captured,none,0,none,30.1,17,4,0,0,13.08,0,0,mobile_ios,Kolkata,Kolkata,2026-08-28T17:43:29.124880
pay_a30dd30b2b8846,mer_1037,cust_20415,3691.01,INR,upi,HDFC,captured,none,0,none,13.5,17,4,0,1,2.25,0,0,mobile_android,Jaipur,Jaipur,2026-08-28T17:45:18.124880
pay_7cdb80a0295849,mer_1014,cust_20022,17492.2,INR,card_debit,HDFC,captured,none,0,none,37.1,18,4,0,1,34.47,0,0,mobile_android,Bengaluru,Bengaluru,2026-08-28T18:07:08.124880
pay_2bdf9ce63fe841,mer_1040,cust_20057,8725.17,INR,card_debit,ICICI,captured,none,0,none,49.0,18,4,0,0,3.23,1521,0,mobile_android,Kochi,Ahmedabad,2026-08-28T18:19:43.124880
pay_84208c13df0f49,mer_1038,cust_20223,3065.15,INR,upi,ICICI,captured,none,0,none,37.4,18,4,0,0,4.15,0,0,desktop_windows,Ahmedabad,Ahmedabad,2026-08-28T18:29:16.124880
pay_51f32fa2c4744a,mer_1006,cust_20121,23010.46,INR,upi,KOTAK,captured,none,0,none,27.8,18,4,0,2,34.99,0,0,mobile_ios,Ahmedabad,Ahmedabad,2026-08-28T18:30:47.124880
pay_66b1c8d7d6e24d,mer_1013,cust_20119,19811.91,INR,upi,SBI,captured,none,0,none,31.9,18,4,0,0,6.41,0,0,desktop_chrome,Kolkata,Kolkata,2026-08-28T18:48:43.124880
pay_dc3e0f2a85e54f,mer_1004,cust_20560,21233.38,INR,card_credit,KOTAK,captured,none,0,none,25.4,19,4,0,0,7.15,0,0,mobile_ios,Bengaluru,Bengaluru,2026-08-28T19:02:03.124880
pay_2688fcba2da449,mer_1012,cust_20215,35583.94,INR,upi,ICICI,captured,none,0,none,37.0,19,4,0,0,61.62,0,0,desktop_safari,Jaipur,Jaipur,2026-08-28T19:05:50.124880
pay_caf0ea81f63447,mer_1028,cust_20022,8818.98,INR,card_credit,SBI,captured,none,0,none,32.1,19,4,0,2,17.38,0,0,desktop_chrome,Bengaluru,Bengaluru,2026-08-28T19:15:32.124880
pay_baa2b2148f124a,mer_1002,cust_20133,70163.63,INR,upi,KOTAK,captured,none,0,none,27.3,19,4,0,1,35.25,0,0,desktop_safari,Chennai,Chennai,2026-08-28T19:17:30.124880
pay_1a78e4ee2b8b4d,mer_1030,cust_20521,24768.03,INR,wallet,SBI,captured,none,0,none,39.8,19,4,0,0,29.15,0,0,mobile_ios,Hyderabad,Hyderabad,2026-08-28T19:32:32.124880
pay_d84b8aae57c643,mer_1015,cust_20446,3114.66,INR,upi,HDFC,captured,none,0,none,10.1,19,4,0,0,0.8,0,0,mobile_ios,Kochi,Kochi,2026-08-28T19:42:13.124880
pay_f313f368380941,mer_1037,cust_20357,5067.81,INR,upi,HDFC,captured,none,0,none,25.5,19,4,0,0,5.85,0,0,mobile_android,Mumbai,Mumbai,2026-08-28T19:50:52.124880
pay_8d6960ff74714e,mer_1006,cust_20558,36158.94,INR,card_credit,ICICI,captured,none,0,none,33.7,19,4,0,0,19.48,0,0,mobile_ios,Chennai,Chennai,2026-08-28T19:55:15.124880
pay_56f18b68a4d246,mer_1036,cust_20517,26325.45,INR,upi,AXIS,captured,none,0,none,38.5,19,4,0,0,8.13,601,0,desktop_windows,Jaipur,Bengaluru,2026-08-28T19:59:16.124880
pay_51f6694d5a5a4b,mer_1002,cust_20577,44024.02,INR,upi,HDFC,captured,none,0,none,32.5,20,4,0,0,22.36,0,0,mobile_ios,Ahmedabad,Ahmedabad,2026-08-28T20:10:18.124880
pay_91c20de2099a46,mer_1031,cust_20256,35252.62,INR,card_credit,AXIS,captured,none,0,none,51.4,20,4,0,0,32.93,0,1,desktop_windows,Bengaluru,Bengaluru,2026-08-28T20:14:00.124880
pay_b89d1827799747,mer_1029,cust_20596,99.39,INR,card_credit,SBI,failed,risk_blocked,1,card_testing,76.9,20,4,0,0,0.04,0,0,desktop_safari,Hyderabad,Hyderabad,2026-08-28T20:27:20.124880
pay_cd5fb1082cca4f,mer_1039,cust_20259,31537.2,INR,card_credit,HDFC,captured,none,0,none,29.6,20,4,0,0,40.7,0,0,mobile_ios,Jaipur,Jaipur,2026-08-28T20:52:34.124880
pay_549fe2281bd541,mer_1037,cust_20581,1891.81,INR,upi,AXIS,captured,none,0,none,55.2,21,4,0,0,3.43,598,1,mobile_android,Hyderabad,Pune,2026-08-28T21:07:40.124880
pay_c1fb518f46724f,mer_1007,cust_20141,33007.91,INR,card_credit,HDFC,captured,none,0,none,30.6,21,4,0,0,28.22,0,0,desktop_chrome,Pune,Pune,2026-08-28T21:17:22.124880
pay_d20af7d0c3ea47,mer_1014,cust_20491,24230.72,INR,upi,ICICI,captured,none,0,none,17.8,21,4,0,0,2.49,0,0,desktop_chrome,Ahmedabad,Ahmedabad,2026-08-28T21:28:59.124880
pay_84c214d92c224a,mer_1026,cust_20118,37841.59,INR,upi,HDFC,captured,none,0,none,28.6,21,4,0,1,18.22,0,0,desktop_safari,Kolkata,Kolkata,2026-08-28T21:56:37.124880
pay_6a3dce430ba64d,mer_1001,cust_20086,963.02,INR,wallet,HDFC,captured,none,0,none,17.4,22,4,0,2,0.98,0,0,desktop_safari,Ahmedabad,Ahmedabad,2026-08-28T22:03:04.124880
pay_9c52b4c38c4e46,mer_1002,cust_20460,83314.03,INR,upi,ICICI,captured,none,0,none,28.1,22,4,0,0,104.29,0,0,desktop_safari,Ahmedabad,Ahmedabad,2026-08-28T22:03:26.124880
pay_b9ed8da59ddd4a,mer_1003,cust_20094,355.85,INR,netbanking,SBI,captured,none,0,none,16.5,22,4,0,1,0.08,0,0,desktop_chrome,Chennai,Chennai,2026-08-28T22:15:33.124880
pay_781adcee31764a,mer_1026,cust_20464,52745.17,INR,card_credit,SBI,captured,none,0,none,33.0,22,4,0,0,18.5,0,0,desktop_chrome,Bengaluru,Bengaluru,2026-08-28T22:36:33.124880
pay_f5a331e9ede741,mer_1009,cust_20260,47354.28,INR,upi,HDFC,captured,none,0,none,40.9,22,4,0,0,32.62,1791,0,mobile_ios,Kolkata,Jaipur,2026-08-28T22:39:59.124880
pay_5b934e8a0d8d4e,mer_1009,cust_20421,16458.3,INR,upi,HDFC,captured,none,0,none,38.2,22,4,0,0,42.84,0,0,mobile_ios,Kolkata,Kolkata,2026-08-28T22:51:18.124880
pay_df11e3bcd4e64b,mer_1020,cust_20014,22663.46,INR,card_credit,ICICI,captured,none,0,none,26.9,22,4,0,0,55.07,0,0,desktop_safari,Bengaluru,Bengaluru,2026-08-28T22:56:24.124880
pay_d7da97ea79724c,mer_1027,cust_20226,3471.79,INR,netbanking,HDFC,captured,none,0,none,5.8,22,4,0,1,1.05,0,0,desktop_windows,Pune,Pune,2026-08-28T22:58:50.124880
pay_21d7d2361e614c,mer_1038,cust_20339,44028.24,INR,card_credit,AXIS,captured,none,0,none,38.7,23,4,0,0,17.52,0,0,desktop_safari,Kolkata,Kolkata,2026-08-28T23:07:31.124880
pay_eeed0d89686f4f,mer_1030,cust_20083,6985.99,INR,netbanking,HDFC,failed,insufficient_funds,0,none,31.1,23,4,0,1,4.51,0,0,desktop_chrome,Chennai,Chennai,2026-08-28T23:09:08.124880
pay_2354aa039b574e,mer_1017,cust_20232,539.11,INR,upi,AXIS,captured,none,0,none,9.8,23,4,0,0,0.07,0,0,desktop_windows,Kolkata,Kolkata,2026-08-28T23:23:12.124880
pay_f83f27813f8b4d,mer_1013,cust_20108,51130.69,INR,upi,ICICI,captured,none,0,none,39.4,23,4,0,2,23.35,0,0,desktop_chrome,Pune,Pune,2026-08-28T23:24:57.124880
pay_a0121a44c5f74a,mer_1007,cust_20339,21004.95,INR,upi,SBI,captured,none,0,none,29.1,23,4,1,1,8.36,0,0,desktop_chrome,Kolkata,Kolkata,2026-08-28T23:43:04.124880
pay_78acc1be8d8442,mer_1036,cust_20174,28871.49,INR,upi,ICICI,captured,none,0,none,28.3,23,4,0,0,7.78,0,0,desktop_chrome,Hyderabad,Hyderabad,2026-08-28T23:46:53.124880
pay_18ec7ffdc9e643,mer_1010,cust_20571,6065.37,INR,upi,ICICI,captured,none,0,none,13.7,23,4,0,0,2.96,0,0,desktop_windows,Ahmedabad,Ahmedabad,2026-08-28T23:52:02.124880
pay_9ca38bb6258c40,mer_1016,cust_20289,63332.76,INR,upi,ICICI,captured,none,0,none,28.8,0,5,0,0,22.86,0,0,mobile_ios,Delhi NCR,Delhi NCR,2026-08-29T00:17:28.124880
pay_32563aab2f5b4a,mer_1001,cust_20290,3239.25,INR,upi,ICICI,captured,none,0,none,5.8,0,5,0,1,1.09,0,0,desktop_chrome,Mumbai,Mumbai,2026-08-29T00:35:26.124880
pay_facbc2096aae43,mer_1016,cust_20395,56323.3,INR,upi,HDFC,captured,none,0,none,37.6,0,5,0,2,23.87,0,0,desktop_safari,Delhi NCR,Delhi NCR,2026-08-29T00:46:47.124880
pay_73538638e4c04e,mer_1021,cust_20584,76857.55,INR,upi,ICICI,captured,none,0,none,29.2,0,5,0,0,42.64,449,0,desktop_windows,Kolkata,Ahmedabad,2026-08-29T00:57:46.124880
pay_34c94127e65046,mer_1039,cust_20523,23602.12,INR,netbanking,ICICI,captured,none,0,none,37.6,0,5,0,0,28.43,159,0,desktop_chrome,Kolkata,Ahmedabad,2026-08-29T00:59:05.124880
pay_3c930c7b097142,mer_1024,cust_20168,6805.31,INR,upi,KOTAK,failed,issuer_bank_down,0,none,40.9,1,5,0,0,5.47,0,0,desktop_safari,Ahmedabad,Ahmedabad,2026-08-29T01:06:31.124880
pay_e28c0217949a46,mer_1002,cust_20577,9477.38,INR,wallet,SBI,captured,none,0,none,49.9,1,5,0,1,4.81,0,0,mobile_android,Ahmedabad,Ahmedabad,2026-08-29T01:07:51.124880
pay_dcc2b75360da49,mer_1039,cust_20110,10613.22,INR,card_credit,HDFC,captured,none,0,none,43.0,1,5,0,0,9.81,0,0,mobile_android,Kochi,Kochi,2026-08-29T01:08:35.124880
pay_08887a16f0a246,mer_1026,cust_20502,22860.92,INR,netbanking,ICICI,failed,risk_blocked,1,account_takeover,82.3,1,5,0,0,15.85,0,1,desktop_chrome,Kochi,Kochi,2026-08-29T01:19:30.124880
pay_1aec4a655f9746,mer_1016,cust_20189,39924.32,INR,upi,HDFC,captured,none,0,none,39.8,1,5,0,0,22.16,0,0,desktop_windows,Kolkata,Kolkata,2026-08-29T01:28:48.124880
pay_40ea004b1e0844,mer_1028,cust_20558,9846.94,INR,card_debit,ICICI,captured,none,0,none,46.0,1,5,0,1,5.3,0,0,desktop_safari,Chennai,Chennai,2026-08-29T01:33:04.124880
pay_9488dd7d309549,mer_1009,cust_20345,44467.48,INR,upi,HDFC,captured,none,0,none,43.5,1,5,0,0,14.27,0,0,mobile_android,Delhi NCR,Delhi NCR,2026-08-29T01:56:00.124880
pay_739356cae5bb4f,mer_1011,cust_20388,16576.68,INR,upi,KOTAK,captured,none,0,none,40.5,2,5,0,0,9.23,0,0,desktop_windows,Chennai,Chennai,2026-08-29T02:00:32.124880
pay_a823a6d2286942,mer_1018,cust_20577,10653.22,INR,card_credit,HDFC,captured,none,0,none,46.0,2,5,0,2,5.41,0,0,mobile_android,Ahmedabad,Ahmedabad,2026-08-29T02:16:10.124880
pay_81e48ff1c97741,mer_1030,cust_20172,32603.5,INR,upi,SBI,failed,issuer_bank_down,0,none,45.4,2,5,0,0,6.44,0,0,desktop_safari,Hyderabad,Hyderabad,2026-08-29T02:42:53.124880
pay_2aef9dcdc1664c,mer_1028,cust_20383,11112.36,INR,card_debit,SBI,captured,none,0,none,46.1,3,5,0,0,6.68,0,0,desktop_safari,Kochi,Kochi,2026-08-29T03:08:40.124880
pay_c24eb54a60be45,mer_1007,cust_20190,74067.97,INR,card_debit,SBI,captured,none,0,none,42.4,3,5,0,0,30.25,0,0,mobile_android,Ahmedabad,Ahmedabad,2026-08-29T03:15:36.124880
pay_f83ac8e0767749,mer_1004,cust_20059,25552.59,INR,netbanking,ICICI,failed,risk_blocked,1,account_takeover,96.2,3,5,0,0,18.84,0,1,desktop_safari,Mumbai,Mumbai,2026-08-29T03:18:59.124880
pay_7f96e34076014f,mer_1034,cust_20369,4707.06,INR,upi,HDFC,captured,none,0,none,17.5,3,5,0,1,0.61,0,0,desktop_safari,Kolkata,Kolkata,2026-08-29T03:41:49.124880
pay_aac83f1858cd4a,mer_1020,cust_20051,35686.66,INR,card_debit,HDFC,failed,issuer_bank_down,0,none,47.2,3,5,0,0,48.08,0,0,desktop_chrome,Ahmedabad,Ahmedabad,2026-08-29T03:47:31.124880
pay_54784b71e3994f,mer_1003,cust_20546,5064.19,INR,upi,HDFC,captured,none,0,none,48.7,3,5,0,0,3.76,0,0,desktop_safari,Kochi,Kochi,2026-08-29T03:55:09.124880
pay_4e518cbf806f40,mer_1035,cust_20509,64263.34,INR,card_credit,AXIS,captured,none,0,none,40.0,4,5,0,0,17.09,212,0,desktop_windows,Jaipur,Bengaluru,2026-08-29T04:03:53.124880
pay_60db145ff73a4b,mer_1028,cust_20002,5530.62,INR,card_debit,ICICI,captured,none,0,none,41.2,4,5,0,1,18.44,0,0,mobile_ios,Mumbai,Mumbai,2026-08-29T04:05:17.124880
pay_9cd4e987f57548,mer_1038,cust_20257,9231.91,INR,upi,HDFC,captured,none,0,none,40.4,4,5,0,2,5.52,0,0,mobile_ios,Hyderabad,Hyderabad,2026-08-29T04:12:37.124880
pay_dd31ed3d66ee4f,mer_1026,cust_20081,4936.54,INR,card_credit,ICICI,captured,none,0,none,27.0,4,5,0,0,1.75,0,0,mobile_android,Pune,Pune,2026-08-29T04:15:11.124880
pay_5ee88667e68d4e,mer_1001,cust_20257,4426.35,INR,upi,HDFC,captured,none,0,none,27.5,4,5,1,3,2.65,0,0,mobile_android,Hyderabad,Hyderabad,2026-08-29T04:27:56.124880
pay_a465159f12794f,mer_1038,cust_20282,37827.36,INR,upi,ICICI,captured,none,0,none,45.3,4,5,0,0,13.38,0,0,desktop_safari,Jaipur,Jaipur,2026-08-29T04:34:04.124880
pay_f7cc763753654d,mer_1007,cust_20594,73883.87,INR,card_credit,HDFC,captured,none,0,none,36.9,4,5,0,0,51.07,0,0,desktop_safari,Pune,Pune,2026-08-29T04:50:15.124880
pay_170c86d28b924d,mer_1002,cust_20515,55814.32,INR,upi,HDFC,failed,issuer_bank_down,0,none,40.1,4,5,0,0,186.05,0,0,mobile_ios,Jaipur,Jaipur,2026-08-29T04:55:13.124880
pay_48f3f0f9b7ff42,mer_1024,cust_20076,7147.26,INR,upi,ICICI,captured,none,0,none,26.1,5,5,0,0,4.83,0,0,mobile_ios,Pune,Pune,2026-08-29T05:19:32.124880
pay_4637cb95436140,mer_1009,cust_20558,4879.0,INR,wallet,HDFC,captured,none,0,none,12.1,5,5,0,2,2.63,0,0,desktop_chrome,Chennai,Chennai,2026-08-29T05:20:35.124880
pay_2aff3b86d9c043,mer_1040,cust_20364,16504.25,INR,upi,HDFC,captured,none,0,none,27.7,5,5,0,0,27.0,0,0,desktop_safari,Delhi NCR,Delhi NCR,2026-08-29T05:52:15.124880
pay_979cd8353ae34b,mer_1039,cust_20357,35969.09,INR,upi,KOTAK,captured,none,0,none,27.2,5,5,0,1,41.52,0,0,desktop_safari,Mumbai,Mumbai,2026-08-29T05:53:55.124880
pay_2bd46b2903dc41,mer_1014,cust_20577,10982.58,INR,upi,SBI,captured,none,0,none,39.6,6,5,0,3,5.58,0,0,desktop_windows,Ahmedabad,Ahmedabad,2026-08-29T06:04:42.124880
pay_c9bce375704b46,mer_1022,cust_20088,1521.33,INR,card_credit,HDFC,captured,none,0,none,17.6,6,5,0,1,1.2,0,0,mobile_android,Kolkata,Kolkata,2026-08-29T06:22:36.124880
pay_62f72609a12449,mer_1035,cust_20101,20986.29,INR,upi,HDFC,captured,none,0,none,34.7,6,5,0,0,17.32,0,0,mobile_ios,Pune,Pune,2026-08-29T06:24:09.124880
pay_36f4b0f4b7cd44,mer_1016,cust_20183,24559.24,INR,upi,AXIS,captured,none,0,none,38.3,6,5,0,0,19.04,0,0,desktop_safari,Jaipur,Jaipur,2026-08-29T06:38:29.124880
pay_843ab1fdbe604d,mer_1006,cust_20317,25997.04,INR,upi,ICICI,captured,none,0,none,30.1,6,5,0,0,7.65,0,0,mobile_android,Jaipur,Jaipur,2026-08-29T06:56:17.124880
pay_1535739eb69148,mer_1013,cust_20140,32522.89,INR,card_debit,ICICI,captured,none,0,none,25.7,6,5,0,0,7.83,0,0,desktop_safari,Kochi,Kochi,2026-08-29T06:59:48.124880
pay_d70464bdc75e46,mer_1035,cust_20551,6346.75,INR,card_credit,HDFC,captured,none,0,none,12.9,7,5,0,0,2.4,0,0,mobile_ios,Kolkata,Kolkata,2026-08-29T07:14:41.124880
pay_00a339d9cf6843,mer_1008,cust_20007,26729.86,INR,upi,AXIS,captured,none,0,none,28.5,7,5,0,0,23.75,0,0,desktop_chrome,Kochi,Kochi,2026-08-29T07:19:03.124880
pay_2fda6d8f0d404a,mer_1011,cust_20340,18441.56,INR,upi,HDFC,captured,none,0,none,28.3,7,5,0,0,21.09,0,0,mobile_android,Bengaluru,Bengaluru,2026-08-29T07:20:02.124880
pay_799f97c1177247,mer_1001,cust_20492,1651.8,INR,netbanking,HDFC,captured,none,0,none,24.0,8,5,0,0,0.5,0,1,mobile_ios,Pune,Pune,2026-08-29T08:00:05.124880
pay_200b1cf4ea4f4a,mer_1018,cust_20383,14304.17,INR,upi,SBI,captured,none,0,none,35.1,8,5,0,1,8.6,0,0,mobile_ios,Kochi,Kochi,2026-08-29T08:25:31.124880
pay_ae4b40b13bf74a,mer_1040,cust_20177,11823.99,INR,card_credit,AXIS,captured,none,0,none,25.5,8,5,0,1,14.13,0,0,desktop_windows,Delhi NCR,Delhi NCR,2026-08-29T08:26:53.124880
pay_196e32e90c774b,mer_1028,cust_20449,9031.92,INR,upi,AXIS,captured,none,0,none,37.8,8,5,0,0,24.78,0,0,desktop_windows,Chennai,Chennai,2026-08-29T08:27:43.124880
pay_6a3ef34c326b4e,mer_1039,cust_20504,32857.02,INR,card_debit,HDFC,captured,none,0,none,30.9,8,5,0,0,17.55,0,0,desktop_chrome,Hyderabad,Hyderabad,2026-08-29T08:36:37.124880
pay_846bb2622df140,mer_1004,cust_20368,33694.6,INR,upi,SBI,captured,none,0,none,29.7,8,5,0,0,21.51,0,0,desktop_safari,Hyderabad,Hyderabad,2026-08-29T08:39:20.124880
pay_9aec326e905744,mer_1035,cust_20529,41505.36,INR,upi,ICICI,captured,none,0,none,25.6,8,5,0,0,25.69,0,0,mobile_android,Hyderabad,Hyderabad,2026-08-29T08:44:18.124880
pay_309d27ea11804e,mer_1007,cust_20193,37403.57,INR,upi,AXIS,captured,none,0,none,36.9,8,5,0,0,7.8,0,0,mobile_ios,Kolkata,Kolkata,2026-08-29T08:53:18.124880
pay_004a938ebf2e4d,mer_1010,cust_20543,6893.38,INR,upi,AXIS,captured,none,0,none,33.3,9,5,0,0,18.56,0,0,mobile_android,Delhi NCR,Delhi NCR,2026-08-29T09:23:30.124880
pay_fe9b293cd29b42,mer_1033,cust_20600,722.14,INR,upi,PAYTM_BANK,captured,none,0,none,20.5,9,5,0,0,2.41,1012,0,mobile_android,Hyderabad,Kochi,2026-08-29T09:23:58.124880
pay_fde9db5c78dd47,mer_1006,cust_20547,17400.47,INR,wallet,ICICI,captured,none,0,none,36.1,9,5,0,0,8.46,0,0,desktop_chrome,Bengaluru,Bengaluru,2026-08-29T09:38:59.124880
pay_42ff28d2ec1b4c,mer_1011,cust_20113,6773.78,INR,upi,AXIS,captured,none,0,none,49.3,9,5,0,0,12.19,860,0,desktop_safari,Kolkata,Chennai,2026-08-29T09:42:40.124880
pay_43791794f0c84d,mer_1016,cust_20283,16577.47,INR,upi,HDFC,captured,none,0,none,31.2,10,5,0,0,3.53,0,0,desktop_windows,Pune,Pune,2026-08-29T10:09:20.124880
pay_a32d3215dc374d,mer_1018,cust_20366,1031.37,INR,card_credit,ICICI,captured,none,0,none,8.9,10,5,0,0,0.68,0,0,mobile_ios,Pune,Pune,2026-08-29T10:12:54.124880
pay_480fa9c774084e,mer_1031,cust_20405,20466.61,INR,card_credit,SBI,refunded,customer_return,0,none,27.9,10,5,0,0,11.78,0,0,desktop_windows,Delhi NCR,Delhi NCR,2026-08-29T10:18:58.124880
pay_4be38b6e586e4f,mer_1024,cust_20525,3594.68,INR,card_credit,ICICI,captured,none,0,none,27.3,10,5,0,0,11.98,0,0,desktop_windows,Jaipur,Jaipur,2026-08-29T10:22:22.124880
pay_9ad2fbac9b5340,mer_1028,cust_20428,12565.71,INR,card_credit,HDFC,captured,none,0,none,36.7,10,5,0,0,13.14,0,0,desktop_windows,Pune,Pune,2026-08-29T10:28:30.124880
pay_2f649820e2bf4b,mer_1011,cust_20494,14266.58,INR,upi,ICICI,captured,none,0,none,28.7,10,5,0,0,7.35,0,0,mobile_android,Bengaluru,Bengaluru,2026-08-29T10:30:38.124880
pay_45f4a60dcda34a,mer_1025,cust_20184,6508.01,INR,upi,HDFC,captured,none,0,none,39.9,10,5,0,0,21.69,358,0,mobile_ios,Chennai,Delhi NCR,2026-08-29T10:32:53.124880
pay_30451c90d84f47,mer_1030,cust_20419,24174.53,INR,card_debit,ICICI,captured,none,0,none,29.5,10,5,0,0,4.76,0,0,desktop_safari,Kochi,Kochi,2026-08-29T10:34:57.124880
pay_0ce712f2160948,mer_1033,cust_20482,645.55,INR,card_credit,HDFC,captured,none,0,none,16.2,10,5,0,0,0.35,0,0,desktop_safari,Hyderabad,Hyderabad,2026-08-29T10:46:56.124880
pay_c831afc98f6947,mer_1002,cust_20389,40913.98,INR,upi,PAYTM_BANK,captured,none,0,none,29.3,10,5,0,0,105.49,0,0,desktop_safari,Kolkata,Kolkata,2026-08-29T10:51:59.124880
pay_e976c5bbf9a84a,mer_1040,cust_20543,21163.77,INR,upi,AXIS,captured,none,0,none,30.9,11,5,0,1,56.99,0,0,desktop_safari,Delhi NCR,Delhi NCR,2026-08-29T11:07:54.124880
pay_4fc5176d29464e,mer_1022,cust_20182,2517.58,INR,upi,ICICI,captured,none,0,none,34.5,11,5,0,0,8.39,400,0,mobile_android,Pune,Kochi,2026-08-29T11:27:56.124880
pay_a51ff844a8d24c,mer_1039,cust_20144,14672.09,INR,netbanking,ICICI,captured,none,0,none,26.3,11,5,0,1,15.21,0,0,mobile_android,Pune,Pune,2026-08-29T11:44:31.124880
pay_4d05e3b1429645,mer_1006,cust_20327,41460.87,INR,upi,ICICI,refunded,customer_return,0,none,32.0,11,5,0,1,138.2,0,0,mobile_android,Pune,Pune,2026-08-29T11:51:30.124880
pay_133a425a88474d,mer_1033,cust_20070,2470.18,INR,upi,HDFC,captured,none,0,none,13.2,11,5,0,0,2.57,0,0,desktop_windows,Kochi,Kochi,2026-08-29T11:55:58.124880
pay_0091ec64a18d41,mer_1020,cust_20063,7932.98,INR,upi,PAYTM_BANK,captured,none,0,none,36.2,11,5,0,0,5.99,0,0,desktop_windows,Bengaluru,Bengaluru,2026-08-29T11:59:57.124880
pay_5aabb4f5dfcb4d,mer_1038,cust_20183,21822.44,INR,card_credit,ICICI,failed,issuer_bank_down,0,none,26.4,12,5,0,1,16.92,0,0,desktop_chrome,Jaipur,Jaipur,2026-08-29T12:03:58.124880
pay_55591854d08a47,mer_1016,cust_20046,20352.5,INR,upi,SBI,captured,none,0,none,38.1,12,5,0,0,28.98,0,0,desktop_safari,Mumbai,Mumbai,2026-08-29T12:07:09.124880
pay_c7fa11b02a494a,mer_1012,cust_20358,34527.17,INR,card_debit,ICICI,captured,none,0,none,25.9,12,5,0,0,14.45,0,0,desktop_windows,Mumbai,Mumbai,2026-08-29T12:09:59.124880
pay_ce9ef97ad6cf4b,mer_1018,cust_20135,10319.29,INR,upi,ICICI,captured,none,0,none,36.6,12,5,0,0,3.7,0,0,desktop_safari,Hyderabad,Hyderabad,2026-08-29T12:14:17.124880
pay_0f59b3239df948,mer_1023,cust_20510,2343.74,INR,wallet,SBI,captured,none,0,none,9.6,12,5,0,0,1.17,0,0,mobile_ios,Mumbai,Mumbai,2026-08-29T12:32:16.124880
pay_a9dbc088bf4c40,mer_1013,cust_20153,28938.47,INR,upi,HDFC,captured,none,0,none,28.0,12,5,0,0,33.9,0,0,desktop_windows,Kochi,Kochi,2026-08-29T12:53:40.124880
pay_67dc396f735046,mer_1030,cust_20142,41853.02,INR,upi,SBI,captured,none,0,none,29.1,13,5,0,0,39.68,0,0,desktop_chrome,Mumbai,Mumbai,2026-08-29T13:16:34.124880
pay_c25e1d4ee17744,mer_1028,cust_20252,6134.7,INR,upi,ICICI,captured,none,0,none,8.2,13,5,0,0,1.5,0,0,desktop_safari,Delhi NCR,Delhi NCR,2026-08-29T13:21:10.124880
pay_aa4bed710de546,mer_1033,cust_20111,2662.84,INR,upi,HDFC,captured,none,0,none,26.8,13,5,0,0,2.88,1280,0,desktop_windows,Delhi NCR,Chennai,2026-08-29T13:37:11.124880
pay_0c62f576a1fd4e,mer_1020,cust_20141,5465.74,INR,upi,SBI,captured,none,0,none,33.4,13,5,0,1,4.67,0,0,desktop_chrome,Pune,Pune,2026-08-29T13:46:45.124880
pay_4a37874e4f0f46,mer_1029,cust_20200,1256.13,INR,card_debit,ICICI,captured,none,0,none,14.1,13,5,0,0,0.74,0,0,desktop_windows,Delhi NCR,Delhi NCR,2026-08-29T13:52:36.124880
pay_33938e57f1b84d,mer_1037,cust_20006,688.53,INR,upi,HDFC,captured,none,0,none,7.3,14,5,0,0,1.52,0,0,desktop_windows,Bengaluru,Bengaluru,2026-08-29T14:07:25.124880
pay_d1db947e216b4e,mer_1036,cust_20469,20362.36,INR,upi,ICICI,captured,none,0,none,31.8,14,5,0,1,37.48,0,0,desktop_chrome,Kochi,Kochi,2026-08-29T14:18:20.124880
pay_9e75dd82f55f4a,mer_1030,cust_20567,8751.7,INR,card_debit,HDFC,captured,none,0,none,38.5,14,5,0,0,11.19,0,0,mobile_ios,Mumbai,Mumbai,2026-08-29T14:30:09.124880
pay_74cd3fd8aeb345,mer_1034,cust_20206,368.76,INR,upi,AXIS,captured,none,0,none,15.2,14,5,0,0,0.31,0,0,desktop_chrome,Jaipur,Jaipur,2026-08-29T14:30:47.124880
pay_c22c7d86e83e4a,mer_1010,cust_20451,8731.72,INR,upi,SBI,captured,none,0,none,44.0,14,5,0,0,5.49,777,0,desktop_safari,Bengaluru,Mumbai,2026-08-29T14:36:04.124880
pay_4205dbeb2a2544,mer_1034,cust_20134,695.48,INR,upi,AXIS,captured,none,0,none,11.6,14,5,0,0,0.42,0,0,desktop_chrome,Pune,Pune,2026-08-29T14:37:23.124880
pay_3ab95293a99b42,mer_1012,cust_20149,8977.81,INR,wallet,HDFC,captured,none,0,none,37.8,14,5,0,0,4.43,0,0,desktop_safari,Chennai,Chennai,2026-08-29T14:44:48.124880
pay_cdb218de8fd642,mer_1018,cust_20276,11545.59,INR,netbanking,HDFC,captured,none,0,none,30.1,14,5,0,0,8.51,0,0,desktop_chrome,Hyderabad,Hyderabad,2026-08-29T14:57:24.124880
pay_e091bfa21c584f,mer_1034,cust_20013,913.86,INR,upi,ICICI,captured,none,0,none,12.8,14,5,0,0,1.34,0,0,desktop_chrome,Ahmedabad,Ahmedabad,2026-08-29T14:58:48.124880
pay_c0a87d55c2c14f,mer_1011,cust_20204,38924.19,INR,upi,PAYTM_BANK,captured,none,0,none,27.3,15,5,0,0,13.5,0,0,mobile_ios,Kochi,Kochi,2026-08-29T15:07:44.124880
pay_a372d348c50a41,mer_1004,cust_20087,48818.65,INR,upi,SBI,captured,none,0,none,25.6,15,5,0,0,14.0,0,0,desktop_chrome,Ahmedabad,Ahmedabad,2026-08-29T15:07:49.124880
pay_27b7a0447d504c,mer_1034,cust_20452,439.08,INR,upi,HDFC,captured,none,0,none,7.5,15,5,0,0,0.22,0,0,desktop_safari,Hyderabad,Hyderabad,2026-08-29T15:17:04.124880
pay_7bbb7791543945,mer_1017,cust_20202,301.81,INR,upi,AXIS,captured,none,0,none,8.4,15,5,0,0,0.58,0,0,desktop_windows,Jaipur,Jaipur,2026-08-29T15:29:54.124880
pay_930e13f478fe48,mer_1015,cust_20082,4171.72,INR,upi,SBI,captured,none,0,none,6.9,15,5,0,0,0.92,0,0,mobile_ios,Kolkata,Kolkata,2026-08-29T15:36:17.124880
pay_c35ff428cc4547,mer_1027,cust_20004,4675.44,INR,card_debit,HDFC,captured,none,0,none,27.9,15,5,0,0,1.28,856,0,desktop_windows,Ahmedabad,Hyderabad,2026-08-29T15:43:03.124880
pay_16d723b761764a,mer_1009,cust_20226,53790.61,INR,card_credit,AXIS,captured,none,0,none,54.4,15,5,0,1,16.2,0,1,mobile_ios,Pune,Pune,2026-08-29T15:46:17.124880
pay_229d486ab4074e,mer_1012,cust_20132,7373.36,INR,netbanking,ICICI,captured,none,0,none,6.3,15,5,0,0,0.97,0,0,desktop_windows,Ahmedabad,Ahmedabad,2026-08-29T15:57:17.124880
pay_369f7c28fdf143,mer_1015,cust_20285,3282.12,INR,upi,HDFC,captured,none,0,none,19.9,16,5,0,0,1.33,0,0,desktop_safari,Hyderabad,Hyderabad,2026-08-29T16:25:55.124880
pay_efd4a7be669642,mer_1005,cust_20212,64343.19,INR,card_credit,HDFC,captured,none,0,none,25.5,16,5,0,0,107.6,0,0,desktop_safari,Mumbai,Mumbai,2026-08-29T16:27:34.124880
pay_1e84ad6e66234f,mer_1038,cust_20046,12459.99,INR,card_credit,HDFC,captured,none,0,none,32.2,16,5,0,1,17.74,0,0,desktop_safari,Mumbai,Mumbai,2026-08-29T16:30:27.124880
pay_ccbf1784326948,mer_1006,cust_20396,40740.26,INR,card_credit,ICICI,captured,none,0,none,27.3,16,5,0,0,18.32,0,0,desktop_safari,Jaipur,Jaipur,2026-08-29T16:32:39.124880
pay_da48d1cce2d84c,mer_1002,cust_20095,66558.07,INR,upi,HDFC,captured,none,0,none,32.3,16,5,0,0,141.32,0,0,desktop_windows,Kochi,Kochi,2026-08-29T16:32:49.124880
pay_0e790fdaf5e24c,mer_1039,cust_20462,45171.35,INR,card_debit,KOTAK,captured,none,0,none,32.1,16,5,0,0,27.58,0,0,desktop_windows,Chennai,Chennai,2026-08-29T16:44:16.124880
pay_436ed1abb9034a,mer_1034,cust_20345,2718.06,INR,upi,ICICI,captured,none,0,none,15.5,16,5,0,1,0.87,0,0,desktop_safari,Delhi NCR,Delhi NCR,2026-08-29T16:52:09.124880
pay_8056639cdddb4b,mer_1010,cust_20195,2489.84,INR,upi,HDFC,captured,none,0,none,19.6,16,5,0,0,0.98,0,0,mobile_android,Chennai,Chennai,2026-08-29T16:59:37.124880
pay_68c401f5f86c47,mer_1027,cust_20191,4510.2,INR,netbanking,HDFC,failed,issuer_bank_down,0,none,14.1,17,5,0,0,1.26,0,0,desktop_windows,Ahmedabad,Ahmedabad,2026-08-29T17:27:08.124880
pay_2b0adc65340b40,mer_1030,cust_20172,37067.39,INR,upi,HDFC,refunded,customer_return,0,none,26.1,17,5,0,1,7.32,0,0,desktop_windows,Hyderabad,Hyderabad,2026-08-29T17:30:00.124880
pay_f3618448749548,mer_1002,cust_20231,8637.05,INR,netbanking,AXIS,captured,none,0,none,28.0,17,5,0,0,10.03,0,0,desktop_chrome,Kolkata,Kolkata,2026-08-29T17:32:05.124880
pay_cc46384c9d8e4a,mer_1011,cust_20586,34043.02,INR,upi,AXIS,captured,none,0,none,27.4,17,5,0,0,6.23,0,0,desktop_safari,Delhi NCR,Delhi NCR,2026-08-29T17:43:09.124880
pay_d112d69af4d74c,mer_1005,cust_20239,56087.75,INR,upi,HDFC,failed,issuer_bank_down,0,none,29.9,17,5,0,0,55.89,0,0,desktop_windows,Chennai,Chennai,2026-08-29T17:51:05.124880
pay_3691937f1fc749,mer_1014,cust_20585,10354.03,INR,upi,HDFC,captured,none,0,none,36.5,18,5,0,0,8.25,0,0,desktop_windows,Jaipur,Jaipur,2026-08-29T18:28:22.124880
pay_ad8279c9f07b47,mer_1004,cust_20210,10427.6,INR,card_debit,HDFC,captured,none,0,none,26.9,18,5,0,0,19.68,0,0,desktop_windows,Bengaluru,Bengaluru,2026-08-29T18:35:54.124880
pay_624a912fc61543,mer_1025,cust_20348,55345.2,INR,upi,ICICI,captured,none,0,none,27.9,19,5,0,0,55.6,0,0,desktop_chrome,Kolkata,Kolkata,2026-08-29T19:06:26.124880
pay_d50350bc483d4e,mer_1023,cust_20287,2826.04,INR,upi,HDFC,captured,none,0,none,7.3,19,5,0,0,1.45,0,0,desktop_chrome,Chennai,Chennai,2026-08-29T19:18:33.124880
pay_d6c37804d86044,mer_1038,cust_20389,10857.09,INR,upi,AXIS,captured,none,0,none,36.4,19,5,0,1,27.99,464,0,desktop_safari,Kolkata,Mumbai,2026-08-29T19:19:19.124880
pay_4636b32b0c8149,mer_1002,cust_20572,34408.61,INR,upi,HDFC,captured,none,0,none,27.4,19,5,0,0,12.54,0,0,desktop_safari,Hyderabad,Hyderabad,2026-08-29T19:28:56.124880
pay_311101104bf446,mer_1027,cust_20558,5169.65,INR,upi,ICICI,captured,none,0,none,15.1,19,5,0,3,2.78,0,0,desktop_safari,Chennai,Chennai,2026-08-29T19:38:56.124880
pay_73fc21504dbe41,mer_1031,cust_20503,42016.91,INR,upi,HDFC,captured,none,0,none,38.2,19,5,0,0,19.66,331,0,desktop_windows,Mumbai,Jaipur,2026-08-29T19:39:58.124880
pay_a125d990236e4b,mer_1031,cust_20267,25036.31,INR,card_credit,AXIS,captured,none,0,none,37.9,19,5,0,0,11.76,0,0,desktop_safari,Kochi,Kochi,2026-08-29T19:53:39.124880
pay_94e7436e61fb4f,mer_1040,cust_20379,13485.05,INR,upi,ICICI,captured,none,0,none,31.1,19,5,0,0,8.64,0,0,mobile_ios,Mumbai,Mumbai,2026-08-29T19:53:49.124880
pay_5974896492eb45,mer_1027,cust_20416,1055.83,INR,card_credit,KOTAK,captured,none,0,none,6.1,19,5,0,0,1.92,0,0,desktop_chrome,Ahmedabad,Ahmedabad,2026-08-29T19:56:00.124880
pay_d04b6698788448,mer_1008,cust_20499,50616.3,INR,card_debit,HDFC,captured,none,0,none,33.9,20,5,0,0,26.2,0,0,desktop_windows,Pune,Pune,2026-08-29T20:02:55.124880
pay_020373b3310842,mer_1024,cust_20432,5454.04,INR,upi,KOTAK,captured,none,0,none,16.0,20,5,0,0,2.92,0,0,mobile_android,Hyderabad,Hyderabad,2026-08-29T20:22:21.124880
pay_5416c0667c3b41,mer_1020,cust_20288,49496.01,INR,card_credit,ICICI,captured,none,0,none,53.5,20,5,0,0,18.2,0,1,desktop_windows,Pune,Pune,2026-08-29T20:22:25.124880
pay_2166974d6aec48,mer_1028,cust_20554,12401.94,INR,upi,HDFC,captured,none,0,none,35.5,20,5,0,0,5.78,0,0,desktop_windows,Pune,Pune,2026-08-29T20:49:24.124880
pay_8e50b9d79a4c4f,mer_1026,cust_20148,21995.1,INR,netbanking,PAYTM_BANK,captured,none,0,none,38.7,20,5,0,0,12.71,0,0,desktop_chrome,Kolkata,Kolkata,2026-08-29T20:49:55.124880
pay_fd39a05e81eb4b,mer_1034,cust_20431,1534.76,INR,upi,ICICI,captured,none,0,none,11.8,21,5,0,0,1.38,0,0,mobile_android,Bengaluru,Bengaluru,2026-08-29T21:04:06.124880
pay_60a6c3117b324d,mer_1027,cust_20107,2576.6,INR,upi,HDFC,captured,none,0,none,6.4,21,5,0,0,2.53,0,0,mobile_android,Kochi,Kochi,2026-08-29T21:06:24.124880
pay_41708ad5950c48,mer_1018,cust_20324,6442.54,INR,upi,AXIS,failed,auth_timeout,0,none,38.2,21,5,0,0,7.13,0,0,mobile_android,Hyderabad,Hyderabad,2026-08-29T21:09:18.124880
pay_28c88687326740,mer_1020,cust_20470,12933.15,INR,upi,HDFC,captured,none,0,none,38.9,21,5,0,0,4.06,0,0,mobile_android,Jaipur,Jaipur,2026-08-29T21:12:12.124880
pay_8b9a905e98ec46,mer_1002,cust_20409,53547.0,INR,upi,SBI,failed,issuer_bank_down,0,none,30.9,21,5,0,0,41.65,0,0,desktop_chrome,Delhi NCR,Delhi NCR,2026-08-29T21:23:50.124880
pay_51939a7e158147,mer_1035,cust_20118,34118.02,INR,netbanking,ICICI,failed,issuer_bank_down,0,none,37.9,21,5,0,1,16.43,0,0,mobile_android,Kolkata,Kolkata,2026-08-29T21:34:16.124880
pay_e77fe813719a48,mer_1018,cust_20469,9646.71,INR,card_credit,KOTAK,captured,none,0,none,38.4,21,5,0,1,17.76,0,0,desktop_windows,Kochi,Kochi,2026-08-29T21:37:00.124880
pay_46cfdf5e1c284b,mer_1033,cust_20071,403.72,INR,netbanking,SBI,captured,none,0,none,14.7,21,5,0,0,0.22,0,0,mobile_ios,Bengaluru,Bengaluru,2026-08-29T21:45:19.124880
pay_d9b56959410645,mer_1018,cust_20109,1821.12,INR,upi,ICICI,captured,none,0,none,10.6,21,5,0,0,0.22,0,0,mobile_ios,Delhi NCR,Delhi NCR,2026-08-29T21:49:15.124880
pay_52664b33db8947,mer_1037,cust_20477,1997.45,INR,upi,HDFC,captured,none,0,none,7.2,21,5,0,0,0.27,0,0,mobile_ios,Kochi,Kochi,2026-08-29T21:55:08.124880
pay_6e1dad33f2c44d,mer_1029,cust_20544,2017.05,INR,card_credit,HDFC,captured,none,0,none,33.5,22,5,0,0,1.28,0,1,desktop_windows,Kochi,Kochi,2026-08-29T22:09:35.124880
pay_f5d1b385445441,mer_1009,cust_20092,56044.24,INR,card_credit,ICICI,captured,none,0,none,34.6,22,5,0,0,52.35,0,0,desktop_safari,Pune,Pune,2026-08-29T22:16:02.124880
pay_170989f42a5448,mer_1017,cust_20193,1709.05,INR,upi,HDFC,captured,none,0,none,14.8,22,5,0,1,0.36,0,0,desktop_windows,Kolkata,Kolkata,2026-08-29T22:17:25.124880
pay_47df25bd0b094a,mer_1016,cust_20409,23347.83,INR,upi,SBI,failed,incorrect_otp,0,none,40.9,22,5,0,1,18.16,903,0,desktop_safari,Delhi NCR,Jaipur,2026-08-29T22:30:44.124880
pay_5eb403063f4442,mer_1017,cust_20182,1890.54,INR,card_credit,HDFC,captured,none,0,none,31.7,22,5,0,1,6.3,0,0,mobile_android,Pune,Pune,2026-08-29T22:42:48.124880
pay_8c3fd6a85d7b4e,mer_1037,cust_20534,3804.94,INR,upi,ICICI,captured,none,0,none,35.1,23,5,0,0,4.84,0,0,mobile_android,Kolkata,Kolkata,2026-08-29T23:01:47.124880
pay_612a56c85eb14e,mer_1038,cust_20157,35271.66,INR,card_debit,ICICI,captured,none,0,none,30.9,23,5,0,0,37.71,0,0,mobile_ios,Bengaluru,Bengaluru,2026-08-29T23:13:34.124880
pay_c426b11401b54d,mer_1005,cust_20294,23041.67,INR,upi,PAYTM_BANK,captured,none,0,none,39.2,23,5,0,0,15.69,1073,0,mobile_android,Kochi,Chennai,2026-08-29T23:23:23.124880
pay_861aa7316a0447,mer_1015,cust_20307,598.85,INR,upi,AXIS,captured,none,0,none,13.9,23,5,0,0,2.0,0,0,desktop_chrome,Kolkata,Kolkata,2026-08-29T23:23:33.124880
pay_52a64201fe2f47,mer_1021,cust_20418,20952.02,INR,card_credit,HDFC,captured,none,0,none,38.6,23,5,0,0,9.02,0,0,desktop_chrome,Kochi,Kochi,2026-08-29T23:24:57.124880
pay_e9edb8abf6c245,mer_1017,cust_20431,1530.87,INR,upi,AXIS,captured,none,0,none,7.5,23,5,0,1,1.38,0,0,desktop_chrome,Bengaluru,Bengaluru,2026-08-29T23:26:03.124880
pay_80efae3ec03c4e,mer_1033,cust_20493,915.27,INR,upi,AXIS,captured,none,0,none,9.9,23,5,0,0,0.51,0,0,desktop_windows,Bengaluru,Bengaluru,2026-08-29T23:32:03.124880
pay_2b4a82f1b53c40,mer_1007,cust_20283,36218.67,INR,card_credit,AXIS,captured,none,0,none,34.0,23,5,0,1,7.7,0,0,mobile_android,Pune,Pune,2026-08-29T23:33:13.124880
pay_41b1a515894f4a,mer_1030,cust_20098,67283.88,INR,card_credit,HDFC,captured,none,0,none,27.2,23,5,0,0,20.07,0,0,mobile_android,Mumbai,Mumbai,2026-08-29T23:58:40.124880
pay_98602085d3924b,mer_1034,cust_20192,1978.8,INR,netbanking,HDFC,captured,none,0,none,13.7,0,6,0,0,1.12,0,0,desktop_windows,Chennai,Chennai,2026-08-30T00:00:14.124880
pay_cccec1a022b74f,mer_1030,cust_20010,47507.64,INR,card_credit,KOTAK,captured,none,0,none,39.0,0,6,0,0,41.15,0,0,desktop_windows,Delhi NCR,Delhi NCR,2026-08-30T00:06:12.124880
pay_21931454a06747,mer_1022,cust_20423,3187.52,INR,upi,HDFC,captured,none,0,none,33.1,0,6,0,0,4.31,0,0,mobile_ios,Pune,Pune,2026-08-30T00:07:37.124880
pay_025e3c100e6745,mer_1024,cust_20297,3837.57,INR,upi,HDFC,captured,none,0,none,18.2,0,6,0,0,1.35,0,0,mobile_ios,Chennai,Chennai,2026-08-30T00:09:01.124880
pay_85ecb9cd8f6744,mer_1001,cust_20597,562.65,INR,card_credit,ICICI,captured,none,0,none,16.6,0,6,0,0,0.37,770,0,desktop_safari,Bengaluru,Jaipur,2026-08-30T00:21:50.124880
pay_2b0c60e094b647,mer_1015,cust_20398,1028.63,INR,card_debit,AXIS,captured,none,0,none,12.9,0,6,0,0,0.62,0,0,mobile_android,Hyderabad,Hyderabad,2026-08-30T00:52:12.124880
pay_4967ce28e6c643,mer_1030,cust_20006,32343.85,INR,card_credit,HDFC,captured,none,0,none,45.4,1,6,0,1,71.55,0,0,mobile_android,Bengaluru,Bengaluru,2026-08-30T01:14:19.124880
pay_a74b243c180c4f,mer_1028,cust_20563,13279.27,INR,wallet,ICICI,captured,none,0,none,50.0,1,6,0,0,21.61,0,0,mobile_android,Kochi,Kochi,2026-08-30T01:15:31.124880
pay_ec26f541b80641,mer_1028,cust_20441,4444.13,INR,upi,HDFC,captured,none,0,none,26.6,1,6,0,0,2.22,0,0,mobile_ios,Chennai,Chennai,2026-08-30T01:18:55.124880
pay_502c6737693245,mer_1004,cust_20087,19966.58,INR,card_debit,HDFC,captured,none,0,none,37.8,1,6,0,1,5.73,340,0,desktop_safari,Ahmedabad,Jaipur,2026-08-30T01:19:54.124880
pay_84370506eb4d4d,mer_1017,cust_20200,898.78,INR,upi,ICICI,captured,none,0,none,18.4,1,6,0,1,0.53,0,0,desktop_windows,Delhi NCR,Delhi NCR,2026-08-30T01:48:53.124880
pay_826b66342f594d,mer_1017,cust_20495,2391.51,INR,upi,HDFC,captured,none,0,none,17.0,1,6,0,0,1.6,0,0,desktop_windows,Kochi,Kochi,2026-08-30T01:58:52.124880
pay_b513f5dd58354b,mer_1004,cust_20345,16169.96,INR,card_debit,ICICI,captured,none,0,none,48.2,2,6,0,1,5.19,0,0,desktop_windows,Delhi NCR,Delhi NCR,2026-08-30T02:20:50.124880
pay_427d05809e2d4a,mer_1038,cust_20084,43157.16,INR,card_credit,SBI,captured,none,0,none,37.1,2,6,0,0,23.31,0,0,desktop_safari,Kochi,Kochi,2026-08-30T02:48:22.124880
pay_c2c8143b58614d,mer_1032,cust_20261,39497.11,INR,wallet,AXIS,captured,none,0,none,49.8,2,6,0,0,18.7,0,0,mobile_ios,Chennai,Chennai,2026-08-30T02:50:28.124880
pay_49b5c30447934e,mer_1038,cust_20470,31065.72,INR,netbanking,SBI,failed,insufficient_funds,0,none,49.5,2,6,0,1,9.74,1615,0,mobile_ios,Jaipur,Chennai,2026-08-30T02:58:31.124880
pay_276b948e3c2049,mer_1025,cust_20303,54021.07,INR,card_debit,ICICI,captured,none,0,none,49.7,3,6,0,0,9.94,0,0,mobile_android,Delhi NCR,Delhi NCR,2026-08-30T03:02:04.124880
pay_eac1ea10b5a74c,mer_1040,cust_20382,21750.32,INR,upi,AXIS,captured,none,0,none,37.9,3,6,0,0,72.5,0,0,mobile_android,Delhi NCR,Delhi NCR,2026-08-30T03:03:42.124880
pay_798471b09cc14d,mer_1005,cust_20232,15729.52,INR,upi,SBI,captured,none,0,none,20.7,3,6,0,0,2.02,0,0,desktop_chrome,Kolkata,Kolkata,2026-08-30T03:16:38.124880
pay_1713bf0f85394b,mer_1005,cust_20096,72677.42,INR,upi,SBI,captured,none,0,none,39.6,3,6,0,0,165.55,0,0,mobile_ios,Ahmedabad,Ahmedabad,2026-08-30T03:33:27.124880
pay_b6ab50a3e1254d,mer_1025,cust_20172,4487.49,INR,card_credit,SBI,captured,none,0,none,18.5,3,6,0,1,0.89,435,0,desktop_chrome,Hyderabad,Pune,2026-08-30T03:38:09.124880
pay_e0a83a956c2445,mer_1017,cust_20056,1685.13,INR,card_debit,ICICI,captured,none,0,none,38.4,3,6,0,0,3.24,0,0,mobile_ios,Delhi NCR,Delhi NCR,2026-08-30T03:56:59.124880
pay_a07087e9144a43,mer_1035,cust_20280,38308.5,INR,card_credit,AXIS,captured,none,0,none,37.0,4,6,0,0,6.46,0,0,desktop_windows,Mumbai,Mumbai,2026-08-30T04:02:08.124880
pay_162af4d5612249,mer_1004,cust_20268,6191.84,INR,upi,PAYTM_BANK,captured,none,0,none,40.8,4,6,0,0,4.3,0,0,desktop_chrome,Ahmedabad,Ahmedabad,2026-08-30T04:13:50.124880
pay_122b2f14bdd94e,mer_1001,cust_20430,3918.87,INR,card_credit,HDFC,captured,none,0,none,43.3,4,6,0,0,10.92,0,0,mobile_android,Chennai,Chennai,2026-08-30T04:16:49.124880
pay_4ee9c8597b1544,mer_1034,cust_20469,1971.47,INR,netbanking,ICICI,captured,none,0,none,47.2,4,6,0,2,3.63,0,0,mobile_android,Kochi,Kochi,2026-08-30T04:17:03.124880
pay_835675ff6eb444,mer_1028,cust_20119,4007.54,INR,upi,HDFC,captured,none,0,none,23.4,4,6,0,0,1.3,0,0,desktop_safari,Kolkata,Kolkata,2026-08-30T04:47:35.124880
pay_65c207a54c0e41,mer_1001,cust_20007,1387.27,INR,card_credit,HDFC,captured,none,0,none,38.4,4,6,0,1,1.23,1343,0,desktop_windows,Kochi,Kolkata,2026-08-30T04:47:37.124880
pay_7a97f9931ef642,mer_1036,cust_20083,4866.64,INR,upi,SBI,captured,none,0,none,44.4,4,6,0,0,3.14,0,0,mobile_ios,Chennai,Chennai,2026-08-30T04:53:17.124880
pay_266950531a4846,mer_1036,cust_20179,49300.02,INR,card_credit,HDFC,captured,none,0,none,30.7,5,6,0,0,20.11,0,0,desktop_chrome,Bengaluru,Bengaluru,2026-08-30T05:05:51.124880
pay_47aa04d89e3440,mer_1017,cust_20185,114.4,INR,upi,KOTAK,captured,none,1,card_testing,93.3,5,6,0,0,0.02,0,0,desktop_chrome,Chennai,Chennai,2026-08-30T05:15:51.124880
pay_9a383b44fe7542,mer_1025,cust_20461,70756.22,INR,upi,SBI,captured,none,0,none,36.6,5,6,0,0,70.77,0,0,desktop_windows,Kolkata,Kolkata,2026-08-30T05:18:18.124880
pay_8669162941bc4d,mer_1035,cust_20312,39860.33,INR,card_credit,SBI,captured,none,0,none,30.7,5,6,0,0,7.63,0,0,desktop_chrome,Bengaluru,Bengaluru,2026-08-30T05:44:42.124880
pay_45622e9c4e9447,mer_1025,cust_20019,40815.68,INR,upi,ICICI,captured,none,0,none,32.6,5,6,0,0,14.84,0,0,desktop_windows,Pune,Pune,2026-08-30T05:51:54.124880
pay_aaf4a05d169146,mer_1010,cust_20267,6826.34,INR,upi,SBI,failed,issuer_bank_down,0,none,39.5,6,6,0,1,3.21,0,0,desktop_chrome,Kochi,Kochi,2026-08-30T06:04:47.124880
pay_9e7fa163a16c47,mer_1020,cust_20203,10382.71,INR,card_credit,AXIS,captured,none,0,none,27.8,6,6,0,0,34.61,0,0,desktop_windows,Jaipur,Jaipur,2026-08-30T06:08:38.124880
pay_2a8e55d73d3b4a,mer_1001,cust_20127,2178.1,INR,upi,SBI,failed,auth_timeout,0,none,13.7,6,6,0,0,1.82,0,0,desktop_chrome,Kolkata,Kolkata,2026-08-30T06:31:17.124880
pay_2da56269e9f44f,mer_1011,cust_20554,19120.41,INR,card_debit,HDFC,captured,none,0,none,33.9,7,6,0,1,8.9,0,0,mobile_ios,Pune,Pune,2026-08-30T07:01:07.124880
pay_45347a0eb9ee43,mer_1033,cust_20495,5370.26,INR,upi,ICICI,captured,none,0,none,37.5,7,6,0,1,3.59,0,0,mobile_ios,Kochi,Kochi,2026-08-30T07:20:37.124880
pay_d7b59de7e7414a,mer_1022,cust_20530,328.08,INR,upi,AXIS,captured,none,0,none,9.3,7,6,0,0,0.13,0,0,desktop_chrome,Kochi,Kochi,2026-08-30T07:23:23.124880
pay_0d04810fa7de44,mer_1036,cust_20438,4580.29,INR,card_debit,ICICI,captured,none,0,none,8.0,7,6,0,0,2.65,256,0,mobile_ios,Pune,Bengaluru,2026-08-30T07:37:02.124880
pay_c39c986a802041,mer_1012,cust_20187,19614.04,INR,upi,SBI,captured,none,0,none,29.7,8,6,0,0,32.97,0,0,desktop_windows,Chennai,Chennai,2026-08-30T08:20:23.124880
pay_9c47121f3b4b44,mer_1024,cust_20237,8526.73,INR,card_credit,ICICI,captured,none,0,none,38.9,8,6,0,0,4.34,0,0,desktop_windows,Pune,Pune,2026-08-30T08:33:16.124880
pay_3771746643ba4b,mer_1032,cust_20545,21309.74,INR,wallet,HDFC,captured,none,0,none,38.9,8,6,0,0,3.7,0,0,mobile_ios,Jaipur,Jaipur,2026-08-30T08:45:12.124880
pay_a31a3d517b6549,mer_1023,cust_20483,1368.92,INR,upi,SBI,captured,none,0,none,10.7,9,6,0,0,0.52,0,0,mobile_ios,Mumbai,Mumbai,2026-08-30T09:02:09.124880
pay_f1f9b3c5c61143,mer_1023,cust_20159,7449.7,INR,upi,ICICI,captured,none,0,none,14.4,9,6,0,0,1.8,0,0,desktop_windows,Bengaluru,Bengaluru,2026-08-30T09:03:58.124880
pay_680d03b97ed94c,mer_1008,cust_20329,79965.28,INR,upi,SBI,captured,none,0,none,31.9,9,6,0,0,50.88,0,0,desktop_windows,Pune,Pune,2026-08-30T09:21:09.124880
pay_871c32133f2448,mer_1025,cust_20390,5390.42,INR,card_debit,HDFC,captured,none,0,none,8.6,9,6,0,0,0.98,0,0,mobile_ios,Kochi,Kochi,2026-08-30T09:24:07.124880
pay_7d91f2ebcece45,mer_1009,cust_20430,98691.55,INR,card_debit,PAYTM_BANK,captured,none,0,none,28.7,9,6,0,1,274.91,0,0,desktop_windows,Chennai,Chennai,2026-08-30T09:31:14.124880
pay_d2173691f7744a,mer_1004,cust_20186,33128.36,INR,card_debit,HDFC,captured,none,0,none,43.7,9,6,0,0,17.63,580,0,desktop_safari,Mumbai,Pune,2026-08-30T09:59:35.124880
pay_4e6546905bfd45,mer_1017,cust_20466,1783.9,INR,card_credit,ICICI,failed,issuer_bank_down,0,none,16.4,10,6,0,0,0.78,0,0,mobile_android,Pune,Pune,2026-08-30T10:02:25.124880
pay_07dbed616f4940,mer_1031,cust_20242,36092.5,INR,upi,SBI,captured,none,0,none,35.4,10,6,0,0,22.03,1562,0,desktop_safari,Chennai,Mumbai,2026-08-30T10:09:47.124880
pay_15a0bf32d30040,mer_1026,cust_20404,26000.59,INR,card_debit,SBI,captured,none,0,none,32.0,10,6,0,0,13.9,0,0,mobile_android,Chennai,Chennai,2026-08-30T10:24:39.124880
pay_25eb3a7eef474f,mer_1035,cust_20106,69.57,INR,card_credit,ICICI,failed,risk_blocked,1,card_testing,82.1,10,6,0,0,0.06,0,0,desktop_windows,Chennai,Chennai,2026-08-30T10:40:50.124880
pay_9acdcab276ca4d,mer_1007,cust_20176,73726.68,INR,card_credit,KOTAK,captured,none,0,none,35.6,10,6,0,0,21.85,1662,0,mobile_android,Mumbai,Kolkata,2026-08-30T10:44:32.124880
pay_845d32b9e5da41,mer_1033,cust_20125,1022.88,INR,upi,SBI,captured,none,0,none,16.0,10,6,0,0,0.88,0,0,desktop_windows,Mumbai,Mumbai,2026-08-30T10:46:58.124880
pay_f760675e23e747,mer_1005,cust_20003,20158.62,INR,upi,SBI,captured,none,0,none,33.2,11,6,0,0,4.86,0,0,desktop_windows,Kolkata,Kolkata,2026-08-30T11:07:00.124880
pay_8852e5d48b6f42,mer_1039,cust_20279,19959.57,INR,upi,PAYTM_BANK,captured,none,0,none,35.4,11,6,0,0,19.98,0,0,mobile_android,Mumbai,Mumbai,2026-08-30T11:42:31.124880
pay_5d0e6503af494b,mer_1037,cust_20588,3433.56,INR,upi,HDFC,captured,none,0,none,6.3,12,6,0,0,1.95,0,0,mobile_android,Kochi,Kochi,2026-08-30T12:06:12.124880
pay_ce77ac47b80e44,mer_1011,cust_20062,16244.97,INR,upi,ICICI,captured,none,0,none,33.0,12,6,0,0,6.07,0,0,desktop_safari,Pune,Pune,2026-08-30T12:12:25.124880
pay_0ed9ae88790445,mer_1033,cust_20258,1908.79,INR,upi,PAYTM_BANK,captured,none,0,none,6.0,12,6,0,0,2.64,0,0,desktop_windows,Kochi,Kochi,2026-08-30T12:37:52.124880
pay_07ea681af3bc43,mer_1015,cust_20088,1994.86,INR,upi,SBI,refunded,customer_return,0,none,17.6,12,6,0,0,1.57,0,0,desktop_windows,Kolkata,Kolkata,2026-08-30T12:37:54.124880
pay_043e7b2c5eca42,mer_1026,cust_20097,59636.5,INR,card_credit,HDFC,captured,none,0,none,30.1,12,6,0,0,34.81,0,0,desktop_safari,Kolkata,Kolkata,2026-08-30T12:56:45.124880
pay_ac309eaea5a04d,mer_1011,cust_20559,39367.26,INR,upi,ICICI,captured,none,0,none,48.7,12,6,0,0,32.64,1208,0,desktop_safari,Ahmedabad,Kochi,2026-08-30T12:59:30.124880
pay_652ec6cfe34f41,mer_1021,cust_20523,89768.52,INR,upi,AXIS,captured,none,0,none,30.9,13,6,0,0,108.15,0,0,mobile_android,Kolkata,Kolkata,2026-08-30T13:12:41.124880
pay_3d622cd5f5374f,mer_1032,cust_20119,21902.41,INR,upi,SBI,captured,none,0,none,32.7,13,6,0,1,7.08,0,0,desktop_windows,Kolkata,Kolkata,2026-08-30T13:37:18.124880
pay_9fb97c9d310a4a,mer_1039,cust_20508,11216.96,INR,card_debit,AXIS,captured,none,0,none,28.0,13,6,0,0,10.96,0,0,mobile_ios,Hyderabad,Hyderabad,2026-08-30T13:37:57.124880
pay_ae43411b08ef4d,mer_1024,cust_20426,652.24,INR,upi,ICICI,captured,none,0,none,16.7,13,6,0,0,0.3,0,0,desktop_safari,Jaipur,Jaipur,2026-08-30T13:42:03.124880
pay_7a3072656d214d,mer_1001,cust_20546,453.72,INR,upi,HDFC,captured,none,0,none,6.9,14,6,0,0,0.34,0,0,mobile_android,Kochi,Kochi,2026-08-30T14:01:23.124880
pay_4d93ba610dbe40,mer_1008,cust_20527,16915.27,INR,upi,ICICI,captured,none,0,none,33.5,14,6,0,0,10.79,0,0,desktop_safari,Jaipur,Jaipur,2026-08-30T14:10:38.124880
pay_8793ba9863b64a,mer_1031,cust_20297,8823.85,INR,upi,ICICI,captured,none,0,none,38.1,14,6,0,1,3.09,0,0,desktop_safari,Chennai,Chennai,2026-08-30T14:12:24.124880
pay_64d6c79fddec46,mer_1015,cust_20454,886.3,INR,card_debit,AXIS,captured,none,0,none,17.4,14,6,0,0,0.62,0,0,mobile_android,Kochi,Kochi,2026-08-30T14:25:30.124880
pay_ef702c04a4394e,mer_1015,cust_20086,2399.06,INR,upi,SBI,captured,none,0,none,11.4,14,6,0,0,2.45,0,0,desktop_chrome,Ahmedabad,Ahmedabad,2026-08-30T14:30:02.124880
pay_863bb91cdde647,mer_1039,cust_20423,28109.12,INR,netbanking,SBI,captured,none,0,none,28.7,14,6,0,1,37.97,0,0,desktop_safari,Pune,Pune,2026-08-30T14:30:50.124880
pay_04001f943ab64a,mer_1015,cust_20038,2117.35,INR,card_debit,ICICI,captured,none,0,none,28.4,14,6,0,0,5.49,0,0,desktop_safari,Kochi,Kochi,2026-08-30T14:49:09.124880
pay_14c1e4962e9d44,mer_1036,cust_20197,37078.4,INR,card_debit,ICICI,captured,none,0,none,34.5,14,6,0,0,69.21,0,0,desktop_chrome,Ahmedabad,Ahmedabad,2026-08-30T14:51:02.124880
pay_c30e53cd395949,mer_1024,cust_20265,1189.74,INR,upi,SBI,failed,auth_timeout,0,none,16.4,14,6,0,0,0.44,0,0,desktop_safari,Kochi,Kochi,2026-08-30T14:54:10.124880
pay_5bf338e4c88148,mer_1011,cust_20444,26814.7,INR,upi,SBI,failed,insufficient_funds,0,none,37.8,15,6,0,0,32.7,0,0,desktop_windows,Mumbai,Mumbai,2026-08-30T15:14:25.124880
pay_b8f030d7bd5c44,mer_1023,cust_20386,6970.37,INR,upi,AXIS,captured,none,0,none,38.6,15,6,0,0,4.62,0,0,desktop_windows,Ahmedabad,Ahmedabad,2026-08-30T15:15:25.124880
pay_6c1d2ad087a848,mer_1019,cust_20061,535.58,INR,upi,HDFC,captured,none,0,none,6.3,15,6,0,0,0.53,0,0,desktop_chrome,Ahmedabad,Ahmedabad,2026-08-30T15:19:27.124880
pay_40b13b43596042,mer_1013,cust_20111,88.46,INR,card_credit,HDFC,captured,none,1,card_testing,80.8,15,6,0,0,0.1,0,0,desktop_windows,Delhi NCR,Delhi NCR,2026-08-30T15:21:30.124880
pay_f054d9bd693c4d,mer_1039,cust_20243,145.15,INR,upi,ICICI,failed,risk_blocked,1,card_testing,85.8,15,6,0,0,0.14,0,0,desktop_safari,Chennai,Chennai,2026-08-30T15:31:33.124880
pay_486ecd641f344d,mer_1023,cust_20217,7247.78,INR,wallet,ICICI,captured,none,0,none,31.5,15,6,0,0,7.94,0,0,desktop_chrome,Delhi NCR,Delhi NCR,2026-08-30T15:59:02.124880
pay_7c77392beb174b,mer_1008,cust_20258,20337.39,INR,card_credit,ICICI,captured,none,0,none,25.7,16,6,0,1,28.17,0,0,mobile_android,Kochi,Kochi,2026-08-30T16:14:35.124880
pay_42a7229683b649,mer_1006,cust_20029,59.52,INR,upi,ICICI,failed,risk_blocked,1,card_testing,89.5,16,6,0,0,0.06,0,1,mobile_ios,Chennai,Chennai,2026-08-30T16:26:28.124880
pay_b361db18f6154e,mer_1012,cust_20542,27862.66,INR,card_debit,HDFC,captured,none,0,none,32.5,16,6,0,0,15.78,0,0,mobile_android,Ahmedabad,Ahmedabad,2026-08-30T16:31:52.124880
pay_e4c93cbe78984c,mer_1014,cust_20344,13576.73,INR,wallet,ICICI,captured,none,0,none,12.3,16,6,0,0,2.26,0,0,desktop_chrome,Delhi NCR,Delhi NCR,2026-08-30T16:42:00.124880
pay_b647bbfead8c49,mer_1027,cust_20490,3173.58,INR,card_credit,SBI,captured,none,0,none,5.0,17,6,0,0,2.33,0,0,desktop_windows,Delhi NCR,Delhi NCR,2026-08-30T17:01:26.124880
pay_cfce8e519e3c4e,mer_1004,cust_20006,37185.66,INR,upi,SBI,failed,issuer_bank_down,0,none,27.4,17,6,0,1,82.26,0,0,mobile_android,Bengaluru,Bengaluru,2026-08-30T17:01:39.124880
pay_81ac9da398f44f,mer_1014,cust_20207,6471.6,INR,upi,HDFC,captured,none,0,none,39.0,17,6,0,0,5.67,0,0,desktop_windows,Delhi NCR,Delhi NCR,2026-08-30T17:11:53.124880
pay_4e5538c1456140,mer_1007,cust_20359,4973.15,INR,upi,PAYTM_BANK,captured,none,0,none,32.0,17,6,0,0,3.75,0,0,mobile_android,Mumbai,Mumbai,2026-08-30T17:12:48.124880
pay_a9f6ebfdd8b645,mer_1027,cust_20273,3420.66,INR,upi,SBI,captured,none,0,none,31.8,17,6,0,0,3.12,0,0,desktop_windows,Ahmedabad,Ahmedabad,2026-08-30T17:34:15.124880
pay_8993e9298b4347,mer_1010,cust_20170,5297.05,INR,upi,SBI,captured,none,0,none,41.9,17,6,0,0,3.86,0,1,desktop_safari,Jaipur,Jaipur,2026-08-30T17:40:10.124880
pay_3bccc0a8d57649,mer_1031,cust_20001,39444.4,INR,upi,ICICI,captured,none,0,none,31.9,18,6,0,0,38.98,0,0,mobile_ios,Chennai,Chennai,2026-08-30T18:18:19.124880
pay_5b6c3bbf8c3646,mer_1039,cust_20157,16034.9,INR,upi,AXIS,captured,none,0,none,41.8,18,6,0,1,17.15,1709,0,desktop_windows,Bengaluru,Delhi NCR,2026-08-30T18:34:02.124880
pay_1157962737b94a,mer_1018,cust_20126,1096.5,INR,card_credit,AXIS,captured,none,0,none,8.6,18,6,0,0,0.29,0,0,desktop_windows,Kochi,Kochi,2026-08-30T18:35:44.124880
pay_50877f6aeadf45,mer_1023,cust_20080,6261.62,INR,upi,ICICI,captured,none,0,none,39.2,18,6,0,0,7.29,1439,0,desktop_chrome,Jaipur,Pune,2026-08-30T18:48:16.124880
pay_71e091b2086a4a,mer_1015,cust_20219,2815.69,INR,upi,HDFC,captured,none,0,none,25.7,18,6,0,0,1.19,1163,0,mobile_ios,Kolkata,Mumbai,2026-08-30T18:49:32.124880
pay_8222fb26494044,mer_1038,cust_20018,34662.69,INR,netbanking,SBI,captured,none,0,none,28.3,19,6,0,0,44.22,462,0,desktop_windows,Bengaluru,Kolkata,2026-08-30T19:12:22.124880
pay_887b20d686b845,mer_1003,cust_20078,5593.34,INR,upi,PAYTM_BANK,captured,none,0,none,7.6,19,6,0,0,2.56,0,0,mobile_android,Ahmedabad,Ahmedabad,2026-08-30T19:39:06.124880
pay_a5d2bc9db35446,mer_1028,cust_20463,17085.68,INR,netbanking,SBI,captured,none,0,none,31.2,20,6,0,0,8.86,0,0,mobile_ios,Pune,Pune,2026-08-30T20:10:41.124880
pay_1addb970fe424f,mer_1008,cust_20129,28966.26,INR,upi,HDFC,captured,none,0,none,38.0,20,6,0,0,20.03,0,0,mobile_ios,Kochi,Kochi,2026-08-30T20:23:11.124880
pay_a57c3bd5d3ef41,mer_1028,cust_20303,11745.04,INR,card_debit,SBI,captured,none,0,none,17.4,20,6,0,1,2.16,0,0,desktop_safari,Delhi NCR,Delhi NCR,2026-08-30T20:25:22.124880
pay_06ff6fa44cf44a,mer_1022,cust_20487,2590.83,INR,netbanking,HDFC,failed,insufficient_funds,0,none,14.8,20,6,0,0,2.08,0,0,desktop_safari,Kolkata,Kolkata,2026-08-30T20:32:07.124880
pay_1f2b47bb1d8347,mer_1036,cust_20363,21857.28,INR,netbanking,HDFC,captured,none,0,none,36.5,20,6,0,0,22.94,0,0,mobile_ios,Chennai,Chennai,2026-08-30T20:47:11.124880
pay_c0f68a376bad49,mer_1003,cust_20074,2045.16,INR,wallet,ICICI,captured,none,0,none,31.4,20,6,0,0,3.26,0,0,desktop_chrome,Delhi NCR,Delhi NCR,2026-08-30T20:50:53.124880
pay_4956760fed6c4a,mer_1012,cust_20198,16027.1,INR,card_credit,HDFC,captured,none,0,none,35.0,20,6,0,0,19.61,0,0,desktop_safari,Pune,Pune,2026-08-30T20:55:47.124880
pay_c9a31320fc464c,mer_1023,cust_20120,3853.61,INR,netbanking,SBI,captured,none,0,none,15.6,21,6,0,0,0.18,567,0,desktop_safari,Chennai,Delhi NCR,2026-08-30T21:12:02.124880
pay_72806ae0d7f040,mer_1017,cust_20189,1776.66,INR,upi,SBI,captured,none,0,none,13.6,21,6,0,0,0.99,0,0,mobile_android,Kolkata,Kolkata,2026-08-30T21:32:21.124880
pay_a9d2275e49f942,mer_1018,cust_20544,12174.48,INR,card_debit,SBI,captured,none,0,none,39.8,21,6,0,1,7.73,0,0,desktop_chrome,Kochi,Kochi,2026-08-30T21:33:31.124880
pay_eaa54c484dcf42,mer_1033,cust_20141,4296.08,INR,netbanking,AXIS,captured,none,0,none,31.6,21,6,0,0,3.67,0,0,desktop_chrome,Pune,Pune,2026-08-30T21:36:02.124880
pay_ed8d5c27b71943,mer_1038,cust_20437,36016.96,INR,upi,SBI,captured,none,0,none,51.9,22,6,0,0,16.5,0,1,desktop_windows,Pune,Pune,2026-08-30T22:11:15.124880
pay_34b117a2440c4e,mer_1009,cust_20145,40732.44,INR,upi,AXIS,captured,none,0,none,38.0,22,6,0,0,17.38,1415,0,desktop_windows,Jaipur,Kochi,2026-08-30T22:25:57.124880
pay_858947f4818345,mer_1038,cust_20554,34741.13,INR,card_credit,SBI,captured,none,0,none,32.0,22,6,0,1,16.18,0,0,desktop_chrome,Pune,Pune,2026-08-30T22:37:34.124880
pay_f93700d0ca0141,mer_1003,cust_20366,5359.81,INR,upi,AXIS,captured,none,0,none,29.6,22,6,0,0,3.53,0,0,desktop_windows,Pune,Pune,2026-08-30T22:54:44.124880
pay_9e86a06546334a,mer_1031,cust_20438,25979.04,INR,upi,HDFC,captured,none,0,none,26.2,22,6,0,1,15.01,0,0,desktop_windows,Pune,Pune,2026-08-30T22:58:13.124880
pay_a6988ace3e6340,mer_1007,cust_20366,28779.23,INR,card_credit,HDFC,captured,none,0,none,29.1,23,6,1,1,18.95,0,0,mobile_ios,Pune,Pune,2026-08-30T23:02:36.124880
pay_0f3bbfa83fbb46,mer_1001,cust_20107,1478.85,INR,card_debit,SBI,captured,none,0,none,12.1,23,6,0,0,1.45,0,0,mobile_android,Kochi,Kochi,2026-08-30T23:11:58.124880
pay_cf7a0835820c44,mer_1012,cust_20512,38011.13,INR,netbanking,HDFC,captured,none,0,none,26.3,23,6,0,0,43.0,0,0,desktop_chrome,Kolkata,Kolkata,2026-08-30T23:18:24.124880
pay_8c2b682f2aee44,mer_1010,cust_20276,4311.54,INR,upi,HDFC,captured,none,0,none,39.9,23,6,0,0,3.18,0,0,mobile_ios,Hyderabad,Hyderabad,2026-08-30T23:27:48.124880
pay_de2911c169c946,mer_1027,cust_20290,4378.52,INR,upi,ICICI,captured,none,0,none,8.0,23,6,0,0,1.48,0,0,mobile_ios,Mumbai,Mumbai,2026-08-30T23:31:43.124880
pay_194c964f26fc4d,mer_1040,cust_20159,12962.06,INR,upi,ICICI,captured,none,0,none,32.1,23,6,0,1,3.14,0,0,mobile_ios,Bengaluru,Bengaluru,2026-08-30T23:31:50.124880
pay_22d91763320640,mer_1010,cust_20323,3682.83,INR,netbanking,HDFC,captured,none,0,none,5.0,23,6,0,0,1.78,0,0,desktop_windows,Kolkata,Kolkata,2026-08-30T23:33:41.124880
pay_5c8d5ba965fa43,mer_1033,cust_20261,3682.9,INR,card_credit,SBI,captured,none,0,none,13.3,23,6,0,1,1.74,0,0,mobile_ios,Chennai,Chennai,2026-08-30T23:35:27.124880
pay_423e6e61468a41,mer_1027,cust_20196,696.05,INR,upi,AXIS,captured,none,0,none,14.6,23,6,0,0,0.23,0,0,desktop_windows,Delhi NCR,Delhi NCR,2026-08-30T23:36:40.124880
pay_5e805f2da6784f,mer_1013,cust_20416,9770.34,INR,netbanking,HDFC,captured,none,0,none,39.1,23,6,0,0,17.76,0,0,mobile_ios,Ahmedabad,Ahmedabad,2026-08-30T23:43:25.124880
pay_1d187cf52b5644,mer_1010,cust_20299,1324.34,INR,upi,SBI,captured,none,0,none,19.7,23,6,0,0,2.53,0,0,mobile_ios,Chennai,Chennai,2026-08-30T23:51:34.124880
pay_ab5fc7cf7f014f,mer_1002,cust_20249,73252.89,INR,upi,ICICI,captured,none,0,none,34.0,0,0,0,0,15.45,0,0,mobile_android,Mumbai,Mumbai,2026-08-31T00:09:08.124880
pay_31f7b55c0e504c,mer_1011,cust_20567,38501.05,INR,card_debit,AXIS,captured,none,0,none,40.9,0,0,0,0,49.25,1749,0,desktop_chrome,Mumbai,Pune,2026-08-31T00:13:50.124880
pay_4d082ad91c7141,mer_1014,cust_20587,9132.91,INR,upi,HDFC,captured,none,0,none,43.1,0,0,0,0,16.44,533,0,mobile_android,Mumbai,Ahmedabad,2026-08-31T00:15:11.124880
pay_93605a5f45f44b,mer_1009,cust_20015,33502.33,INR,card_credit,HDFC,captured,none,0,none,60.1,0,0,0,0,10.88,900,1,desktop_chrome,Delhi NCR,Ahmedabad,2026-08-31T00:17:33.124880
pay_1eb70c15d6fa46,mer_1017,cust_20505,962.11,INR,upi,HDFC,captured,none,0,none,6.2,0,0,0,0,0.47,0,0,desktop_safari,Ahmedabad,Ahmedabad,2026-08-31T00:25:35.124880
pay_7399d33798bb4b,mer_1020,cust_20416,7904.49,INR,card_debit,HDFC,captured,none,0,none,34.2,0,0,1,1,14.37,0,0,desktop_safari,Ahmedabad,Ahmedabad,2026-08-31T00:37:06.124880
pay_4d9d0156acf948,mer_1039,cust_20558,44674.75,INR,upi,SBI,captured,none,0,none,27.9,0,0,0,0,24.06,0,0,desktop_safari,Chennai,Chennai,2026-08-31T00:39:02.124880
pay_1860e68e75d845,mer_1018,cust_20367,4134.94,INR,upi,HDFC,captured,none,0,none,5.0,0,0,0,0,1.53,0,0,mobile_ios,Hyderabad,Hyderabad,2026-08-31T00:45:58.124880
pay_6a0252643ce743,mer_1001,cust_20502,1990.39,INR,upi,SBI,failed,issuer_bank_down,0,none,16.7,0,0,0,0,1.38,0,0,mobile_android,Kochi,Kochi,2026-08-31T00:49:15.124880
pay_997dbf384f184b,mer_1017,cust_20447,947.71,INR,card_debit,SBI,captured,none,0,none,20.0,0,0,0,0,0.25,1597,0,mobile_ios,Delhi NCR,Kochi,2026-08-31T00:54:50.124880
pay_3fcf1e6461074f,mer_1008,cust_20053,25114.12,INR,upi,ICICI,captured,none,1,account_takeover,88.6,1,0,0,0,7.31,0,1,desktop_safari,Bengaluru,Bengaluru,2026-08-31T01:00:46.124880
pay_40c83f9fc5c042,mer_1008,cust_20316,47897.25,INR,upi,HDFC,captured,none,0,none,35.7,1,0,0,0,67.64,0,0,desktop_chrome,Kochi,Kochi,2026-08-31T01:31:59.124880
pay_adeb35ff794748,mer_1033,cust_20296,2339.42,INR,card_debit,KOTAK,captured,none,0,none,26.6,1,0,0,0,1.77,0,0,desktop_chrome,Pune,Pune,2026-08-31T01:37:42.124880
pay_8bf9c02cc5954a,mer_1029,cust_20524,2324.45,INR,upi,SBI,captured,none,0,none,20.8,1,0,0,0,1.77,0,0,mobile_ios,Pune,Pune,2026-08-31T01:37:50.124880
pay_40a93bb6e90143,mer_1010,cust_20450,2385.28,INR,upi,KOTAK,captured,none,0,none,15.8,2,0,0,0,1.16,0,0,mobile_android,Delhi NCR,Delhi NCR,2026-08-31T02:07:33.124880
pay_2b65ff938dca4d,mer_1001,cust_20373,1999.99,INR,card_credit,SBI,captured,none,0,none,40.8,2,0,0,0,3.58,0,0,desktop_windows,Pune,Pune,2026-08-31T02:07:35.124880
pay_8741f5313bef4e,mer_1018,cust_20214,9843.47,INR,upi,SBI,captured,none,0,none,38.1,2,0,0,0,5.55,0,0,mobile_ios,Jaipur,Jaipur,2026-08-31T02:23:22.124880
pay_02c0ec2464f84e,mer_1003,cust_20398,1945.67,INR,card_credit,KOTAK,captured,none,0,none,18.0,2,0,0,0,1.17,0,0,mobile_android,Hyderabad,Hyderabad,2026-08-31T02:29:49.124880
pay_198046b4a40645,mer_1006,cust_20315,19294.01,INR,card_credit,HDFC,captured,none,0,none,46.4,2,0,0,0,11.71,0,0,mobile_ios,Ahmedabad,Ahmedabad,2026-08-31T02:32:07.124880
pay_f3276cdf3dcf45,mer_1009,cust_20154,45039.78,INR,upi,ICICI,captured,none,0,none,37.5,2,0,0,0,115.78,0,0,desktop_chrome,Kochi,Kochi,2026-08-31T02:34:32.124880
pay_68a28c2856984c,mer_1010,cust_20135,6558.58,INR,upi,KOTAK,failed,auth_timeout,0,none,20.2,2,0,0,0,2.35,0,0,desktop_windows,Hyderabad,Hyderabad,2026-08-31T02:37:05.124880
pay_ed3e85d93b1c42,mer_1037,cust_20173,4630.71,INR,card_debit,ICICI,captured,none,0,none,17.3,2,0,0,0,1.77,0,0,desktop_windows,Delhi NCR,Delhi NCR,2026-08-31T02:52:35.124880
pay_dbd0501910a746,mer_1037,cust_20484,4404.01,INR,card_debit,HDFC,captured,none,0,none,39.3,2,0,0,0,3.15,0,0,mobile_ios,Bengaluru,Bengaluru,2026-08-31T02:57:21.124880
pay_2a622b7c882649,mer_1026,cust_20253,76440.76,INR,wallet,ICICI,captured,none,0,none,35.7,3,0,0,0,16.8,0,0,desktop_safari,Bengaluru,Bengaluru,2026-08-31T03:13:38.124880
pay_f16d19addd3349,mer_1031,cust_20119,26287.53,INR,upi,SBI,captured,none,0,none,47.9,3,0,0,2,8.5,0,0,mobile_android,Kolkata,Kolkata,2026-08-31T03:33:04.124880
pay_4714f378f81b48,mer_1011,cust_20240,21350.44,INR,upi,ICICI,captured,none,0,none,47.0,3,0,0,0,26.57,0,0,mobile_android,Bengaluru,Bengaluru,2026-08-31T03:55:41.124880
pay_da5a7b93a13d48,mer_1026,cust_20334,8905.57,INR,upi,HDFC,captured,none,0,none,49.2,4,0,0,0,3.61,1727,0,mobile_ios,Bengaluru,Ahmedabad,2026-08-31T04:01:50.124880
pay_c3a6261ee5024b,mer_1012,cust_20033,26578.89,INR,netbanking,HDFC,captured,none,0,none,35.6,4,0,0,0,12.01,0,0,mobile_android,Chennai,Chennai,2026-08-31T04:15:25.124880
pay_d391c4f49ce046,mer_1010,cust_20551,5810.55,INR,upi,AXIS,captured,none,0,none,17.6,4,0,0,0,2.2,0,0,desktop_chrome,Kolkata,Kolkata,2026-08-31T04:20:29.124880
pay_6f3c5b84deb145,mer_1016,cust_20184,20111.34,INR,upi,ICICI,captured,none,0,none,46.3,4,0,0,0,67.04,0,0,mobile_ios,Chennai,Chennai,2026-08-31T04:22:18.124880
pay_46efc1171a1148,mer_1006,cust_20083,32400.39,INR,upi,PAYTM_BANK,refunded,customer_return,0,none,48.1,4,0,0,1,20.9,0,0,mobile_android,Chennai,Chennai,2026-08-31T04:23:23.124880
pay_35190ef6fbd74e,mer_1029,cust_20536,513.63,INR,upi,SBI,captured,none,0,none,17.7,4,0,0,0,0.38,0,0,desktop_chrome,Bengaluru,Bengaluru,2026-08-31T04:37:31.124880
pay_1725268118e740,mer_1036,cust_20136,19070.21,INR,wallet,AXIS,captured,none,0,none,48.9,4,0,0,0,9.2,0,0,desktop_safari,Hyderabad,Hyderabad,2026-08-31T04:41:49.124880
pay_7ca378d07ae445,mer_1005,cust_20186,61520.32,INR,upi,AXIS,captured,none,0,none,55.5,4,0,0,1,32.75,737,0,mobile_ios,Mumbai,Chennai,2026-08-31T04:47:06.124880
pay_f7662b5f1b0d46,mer_1013,cust_20069,30221.51,INR,upi,HDFC,captured,none,0,none,37.7,5,0,0,0,16.34,0,0,desktop_safari,Mumbai,Mumbai,2026-08-31T05:01:22.124880
pay_67a921c7ae0c45,mer_1008,cust_20199,27558.05,INR,upi,KOTAK,captured,none,0,none,31.9,5,0,0,0,43.68,0,0,desktop_windows,Mumbai,Mumbai,2026-08-31T05:17:19.124880
pay_54c70af1050c48,mer_1019,cust_20151,1850.89,INR,netbanking,SBI,failed,insufficient_funds,0,none,14.3,5,0,0,0,0.77,381,0,desktop_safari,Delhi NCR,Kochi,2026-08-31T05:22:24.124880
pay_a1c76eca74c549,mer_1009,cust_20374,39337.21,INR,upi,ICICI,captured,none,0,none,30.0,5,0,0,0,32.49,0,0,mobile_ios,Hyderabad,Hyderabad,2026-08-31T05:28:07.124880
pay_1f99e058a1544e,mer_1023,cust_20422,5792.25,INR,card_credit,HDFC,captured,none,0,none,31.4,5,0,0,0,14.06,0,0,mobile_ios,Hyderabad,Hyderabad,2026-08-31T05:33:13.124880
pay_9957f2534b904e,mer_1006,cust_20326,16072.8,INR,upi,HDFC,captured,none,0,none,26.0,5,0,0,0,6.19,0,0,mobile_android,Jaipur,Jaipur,2026-08-31T05:38:20.124880
pay_a35c314b0a2f47,mer_1033,cust_20201,2389.36,INR,upi,HDFC,captured,none,0,none,11.4,5,0,0,0,1.72,0,0,mobile_android,Mumbai,Mumbai,2026-08-31T05:42:49.124880
pay_afabf303801c45,mer_1013,cust_20562,35332.06,INR,wallet,AXIS,captured,none,0,none,29.9,5,0,0,0,24.05,0,0,mobile_android,Hyderabad,Hyderabad,2026-08-31T05:48:21.124880
pay_71e3b22fdd8646,mer_1016,cust_20036,20066.09,INR,upi,PAYTM_BANK,refunded,customer_return,0,none,45.7,5,0,0,0,5.53,1609,0,desktop_safari,Kolkata,Chennai,2026-08-31T05:54:15.124880
pay_a0b18a4a64fe4d,mer_1019,cust_20357,4893.03,INR,card_credit,HDFC,captured,none,0,none,28.5,5,0,0,0,5.65,0,0,desktop_chrome,Mumbai,Mumbai,2026-08-31T05:55:36.124880
pay_02e269ef354f45,mer_1005,cust_20338,41303.57,INR,upi,HDFC,captured,none,0,none,52.0,6,0,0,0,23.24,0,1,mobile_ios,Mumbai,Mumbai,2026-08-31T06:02:16.124880
pay_8316b00b3db24c,mer_1021,cust_20531,37588.29,INR,card_credit,ICICI,captured,none,0,none,27.7,6,0,0,0,42.8,0,0,mobile_ios,Mumbai,Mumbai,2026-08-31T06:03:21.124880
pay_617e0cbbe60847,mer_1021,cust_20023,24931.56,INR,upi,SBI,captured,none,0,none,35.6,6,0,0,0,42.78,0,0,mobile_android,Pune,Pune,2026-08-31T06:20:35.124880
pay_2d165d9886f444,mer_1009,cust_20408,7147.55,INR,upi,HDFC,captured,none,0,none,33.7,6,0,0,0,12.29,0,0,desktop_safari,Mumbai,Mumbai,2026-08-31T06:20:46.124880
pay_9871937356cf42,mer_1039,cust_20532,16466.97,INR,netbanking,HDFC,captured,none,0,none,46.3,6,0,0,0,13.27,1528,0,mobile_android,Kolkata,Mumbai,2026-08-31T06:29:01.124880
pay_a7cf14fccdfa4d,mer_1005,cust_20571,47854.61,INR,upi,SBI,captured,none,0,none,29.5,6,0,0,0,23.35,0,0,desktop_safari,Ahmedabad,Ahmedabad,2026-08-31T06:46:41.124880
pay_bfba9d1b949d4a,mer_1013,cust_20127,10213.23,INR,upi,SBI,captured,none,0,none,34.1,6,0,0,0,8.54,0,0,desktop_safari,Kolkata,Kolkata,2026-08-31T06:50:44.124880
pay_bfe6b4a8c37840,mer_1029,cust_20565,382.54,INR,upi,HDFC,captured,none,0,none,9.6,6,0,0,0,0.1,0,0,desktop_windows,Jaipur,Jaipur,2026-08-31T06:53:34.124880
pay_85b6a0d91cfd47,mer_1010,cust_20522,3195.39,INR,wallet,HDFC,captured,none,0,none,17.4,6,0,0,0,1.48,1572,0,mobile_android,Kochi,Chennai,2026-08-31T06:55:03.124880
pay_59538feb9c954b,mer_1008,cust_20052,25712.04,INR,upi,PAYTM_BANK,captured,none,0,none,19.9,7,0,0,0,2.45,778,0,desktop_windows,Pune,Bengaluru,2026-08-31T07:17:21.124880
pay_eb91a31d374144,mer_1016,cust_20407,22199.14,INR,card_credit,ICICI,captured,none,0,none,33.2,7,0,0,0,70.19,0,0,mobile_android,Mumbai,Mumbai,2026-08-31T07:38:15.124880
pay_2e5cb48ec13744,mer_1021,cust_20594,40533.4,INR,upi,AXIS,captured,none,0,none,25.4,7,0,0,0,28.02,0,0,mobile_ios,Pune,Pune,2026-08-31T07:52:09.124880
pay_8dbe94e8371c4b,mer_1035,cust_20110,85690.04,INR,netbanking,PAYTM_BANK,captured,none,0,none,31.2,8,0,0,0,79.2,0,0,desktop_chrome,Kochi,Kochi,2026-08-31T08:30:21.124880
pay_b85f55ae84e948,mer_1039,cust_20555,11809.93,INR,card_credit,ICICI,captured,none,0,none,26.9,8,0,0,0,4.77,0,0,mobile_ios,Mumbai,Mumbai,2026-08-31T08:32:48.124880
pay_6323f212f5374e,mer_1018,cust_20224,12160.02,INR,netbanking,SBI,failed,auth_timeout,0,none,38.2,8,0,0,0,3.84,0,0,desktop_chrome,Ahmedabad,Ahmedabad,2026-08-31T08:39:12.124880
pay_e431238369ad45,mer_1013,cust_20085,46108.07,INR,upi,SBI,captured,none,0,none,27.9,8,0,0,0,17.13,0,0,desktop_safari,Ahmedabad,Ahmedabad,2026-08-31T08:51:08.124880
pay_ed7156201f8543,mer_1028,cust_20239,9098.76,INR,card_credit,ICICI,captured,none,0,none,30.1,8,0,0,0,9.07,0,0,mobile_android,Chennai,Chennai,2026-08-31T08:52:14.124880
pay_fb25e35cd05c46,mer_1031,cust_20481,19250.88,INR,upi,ICICI,captured,none,0,none,33.3,9,0,0,0,21.86,0,0,desktop_safari,Mumbai,Mumbai,2026-08-31T09:12:09.124880
pay_110d89c46ea444,mer_1020,cust_20331,14187.97,INR,netbanking,KOTAK,captured,none,0,none,35.3,9,0,0,0,21.68,0,0,mobile_ios,Hyderabad,Hyderabad,2026-08-31T09:21:49.124880
pay_7c1764ed793a45,mer_1039,cust_20424,17750.69,INR,card_credit,SBI,captured,none,0,none,44.7,9,0,0,0,7.62,0,1,desktop_safari,Ahmedabad,Ahmedabad,2026-08-31T09:24:34.124880
pay_8f612cfcef5c49,mer_1011,cust_20152,11177.93,INR,wallet,SBI,captured,none,0,none,34.2,9,0,0,0,9.35,0,0,mobile_android,Ahmedabad,Ahmedabad,2026-08-31T09:49:52.124880
pay_3aa5bd1f57f343,mer_1027,cust_20474,2979.64,INR,netbanking,SBI,captured,none,0,none,27.3,10,0,0,0,4.92,0,0,mobile_android,Chennai,Chennai,2026-08-31T10:07:58.124880
pay_d1a7f4e9ffbf4b,mer_1033,cust_20095,4457.14,INR,upi,HDFC,refunded,customer_return,0,none,27.9,10,0,0,0,9.46,0,0,desktop_windows,Kochi,Kochi,2026-08-31T10:13:57.124880
pay_1b06e5b544554e,mer_1032,cust_20142,12458.58,INR,card_credit,HDFC,captured,none,0,none,36.7,10,0,0,0,11.81,0,0,desktop_windows,Mumbai,Mumbai,2026-08-31T10:21:14.124880
pay_4183cf578dbe43,mer_1012,cust_20062,26578.37,INR,upi,AXIS,captured,none,0,none,27.5,10,0,0,1,9.93,0,0,desktop_safari,Pune,Pune,2026-08-31T10:37:45.124880
pay_1234be1c98be46,mer_1015,cust_20457,2940.57,INR,upi,ICICI,captured,none,0,none,14.0,10,0,0,0,2.4,0,0,desktop_windows,Bengaluru,Bengaluru,2026-08-31T10:56:20.124880
pay_2c908a2189de4b,mer_1039,cust_20204,38628.56,INR,upi,ICICI,captured,none,0,none,36.1,11,0,0,0,13.4,0,0,mobile_android,Kochi,Kochi,2026-08-31T11:12:40.124880
pay_816ce705690c43,mer_1005,cust_20410,40493.37,INR,upi,ICICI,captured,none,0,none,33.9,11,0,0,0,22.0,0,0,mobile_android,Mumbai,Mumbai,2026-08-31T11:16:21.124880
pay_103d9f167d694d,mer_1017,cust_20587,1589.3,INR,card_debit,SBI,failed,auth_timeout,0,none,11.6,11,0,0,1,2.86,0,0,mobile_android,Mumbai,Mumbai,2026-08-31T11:21:40.124880
pay_569c3a8679f145,mer_1016,cust_20016,74391.16,INR,card_credit,HDFC,captured,none,0,none,33.8,11,0,0,0,72.48,0,0,mobile_android,Mumbai,Mumbai,2026-08-31T11:23:51.124880
pay_c983598bc6814e,mer_1013,cust_20263,19042.61,INR,card_credit,SBI,captured,none,0,none,29.5,11,0,0,0,27.6,0,0,desktop_safari,Kolkata,Kolkata,2026-08-31T11:31:17.124880
pay_2ba4c60826fb44,mer_1004,cust_20548,17722.03,INR,upi,ICICI,captured,none,0,none,35.4,12,0,0,0,4.14,1163,0,desktop_windows,Hyderabad,Bengaluru,2026-08-31T12:04:56.124880
pay_eabf5612984b4b,mer_1001,cust_20039,1868.34,INR,wallet,SBI,captured,none,0,none,12.7,12,0,0,0,1.75,0,0,mobile_android,Delhi NCR,Delhi NCR,2026-08-31T12:09:52.124880
pay_d37fc6ee974446,mer_1009,cust_20303,49248.24,INR,upi,ICICI,captured,none,0,none,37.1,12,0,0,1,9.06,0,0,desktop_windows,Delhi NCR,Delhi NCR,2026-08-31T12:25:22.124880
pay_688eb0c0c37c43,mer_1017,cust_20411,2040.42,INR,upi,HDFC,captured,none,0,none,18.6,13,0,0,0,2.8,1759,0,mobile_ios,Bengaluru,Ahmedabad,2026-08-31T13:05:47.124880
pay_5d970180850041,mer_1028,cust_20595,2848.59,INR,upi,ICICI,captured,none,0,none,12.6,13,0,0,0,2.72,0,0,mobile_ios,Kochi,Kochi,2026-08-31T13:09:56.124880
pay_96555bc613fe47,mer_1011,cust_20373,26381.03,INR,upi,SBI,captured,none,0,none,30.0,13,0,0,1,47.2,0,0,mobile_ios,Pune,Pune,2026-08-31T13:14:42.124880
pay_41ca2c3ed5fa44,mer_1007,cust_20097,19697.58,INR,netbanking,HDFC,captured,none,0,none,34.2,13,0,0,0,11.5,0,0,desktop_chrome,Kolkata,Kolkata,2026-08-31T13:31:41.124880
pay_22c20fb734e84f,mer_1006,cust_20152,12835.78,INR,netbanking,AXIS,captured,none,0,none,26.7,13,0,0,1,10.73,0,0,desktop_safari,Ahmedabad,Ahmedabad,2026-08-31T13:32:40.124880
pay_56fc5bc4a22549,mer_1018,cust_20383,4369.58,INR,card_debit,SBI,captured,none,0,none,10.5,13,0,0,0,2.63,0,0,desktop_safari,Kochi,Kochi,2026-08-31T13:36:58.124880
pay_56219adf744d4e,mer_1018,cust_20007,6559.21,INR,upi,ICICI,captured,none,0,none,36.1,13,0,0,0,5.83,0,0,desktop_chrome,Kochi,Kochi,2026-08-31T13:42:21.124880
pay_38046ccbcfcb47,mer_1035,cust_20447,50340.75,INR,upi,ICICI,captured,none,0,none,38.8,13,0,0,1,13.45,0,0,desktop_windows,Delhi NCR,Delhi NCR,2026-08-31T13:43:00.124880
pay_a5fe9ccdf63945,mer_1003,cust_20300,3252.78,INR,card_credit,HDFC,failed,issuer_bank_down,0,none,36.1,13,0,0,0,9.93,0,0,mobile_android,Kolkata,Kolkata,2026-08-31T13:52:36.124880
pay_c959b15f4c0848,mer_1013,cust_20064,23445.75,INR,wallet,HDFC,captured,none,0,none,29.3,13,0,0,0,3.05,0,0,desktop_safari,Pune,Pune,2026-08-31T13:55:28.124880
pay_f0b838e95cbd4b,mer_1025,cust_20215,77067.73,INR,card_credit,SBI,captured,none,0,none,32.9,14,0,0,0,133.46,0,0,desktop_safari,Jaipur,Jaipur,2026-08-31T14:06:35.124880
pay_01825f3e891f4a,mer_1029,cust_20414,2525.4,INR,upi,ICICI,captured,none,0,none,10.6,14,0,0,0,0.69,0,0,mobile_ios,Kochi,Kochi,2026-08-31T14:21:25.124880
pay_f520c6d186bb43,mer_1002,cust_20565,20382.45,INR,upi,ICICI,captured,none,0,none,25.8,14,0,0,1,5.54,0,0,desktop_chrome,Jaipur,Jaipur,2026-08-31T14:43:54.124880
pay_6cc201aa36964d,mer_1010,cust_20322,5592.12,INR,upi,AXIS,captured,none,0,none,31.5,15,0,0,0,4.29,0,0,mobile_ios,Bengaluru,Bengaluru,2026-08-31T15:01:40.124880
pay_f50cc9c3dbbe4a,mer_1010,cust_20207,7468.73,INR,card_credit,AXIS,captured,none,0,none,28.7,15,0,0,1,6.55,0,0,desktop_safari,Delhi NCR,Delhi NCR,2026-08-31T15:07:37.124880
pay_0cf05fdae4f84a,mer_1026,cust_20315,68563.64,INR,wallet,ICICI,captured,none,0,none,26.0,15,0,0,1,41.62,0,0,desktop_safari,Ahmedabad,Ahmedabad,2026-08-31T15:09:29.124880
pay_b9cea424b4fd4d,mer_1010,cust_20581,8269.79,INR,upi,ICICI,captured,none,0,none,48.5,15,0,0,0,14.99,0,1,mobile_ios,Hyderabad,Hyderabad,2026-08-31T15:10:06.124880
pay_88f2dc76720d41,mer_1002,cust_20168,54837.84,INR,upi,SBI,captured,none,0,none,33.9,15,0,0,0,44.05,0,0,mobile_android,Ahmedabad,Ahmedabad,2026-08-31T15:21:38.124880
pay_a6b3e135b28345,mer_1003,cust_20119,1027.4,INR,card_credit,HDFC,captured,none,0,none,11.4,15,0,0,1,0.33,0,0,mobile_ios,Kolkata,Kolkata,2026-08-31T15:30:40.124880
pay_d3663895463c4e,mer_1029,cust_20089,1861.05,INR,upi,AXIS,captured,none,0,none,17.1,15,0,0,0,0.89,1715,0,desktop_windows,Ahmedabad,Hyderabad,2026-08-31T15:31:44.124880
pay_ad598f01b22940,mer_1018,cust_20507,13048.85,INR,card_credit,AXIS,captured,none,0,none,38.3,15,0,0,0,23.26,0,0,desktop_windows,Bengaluru,Bengaluru,2026-08-31T15:39:54.124880
pay_417a1d45ea0c4f,mer_1011,cust_20073,36854.76,INR,wallet,PAYTM_BANK,captured,none,0,none,43.9,16,0,0,0,13.16,1093,0,mobile_android,Mumbai,Chennai,2026-08-31T16:15:41.124880
pay_aca7129170564b,mer_1005,cust_20163,48651.07,INR,card_debit,HDFC,captured,none,0,none,30.8,16,0,0,0,10.98,0,0,mobile_ios,Chennai,Chennai,2026-08-31T16:27:52.124880
pay_2ab79d9a4f5c45,mer_1030,cust_20063,64399.6,INR,upi,ICICI,captured,none,0,none,36.5,16,0,0,0,48.64,0,0,desktop_safari,Bengaluru,Bengaluru,2026-08-31T16:55:21.124880
pay_1326828d66b443,mer_1030,cust_20081,30557.12,INR,upi,AXIS,captured,none,0,none,38.1,17,0,0,0,10.86,0,0,mobile_android,Pune,Pune,2026-08-31T17:56:55.124880
pay_f5a548cf9d8e45,mer_1021,cust_20292,30499.26,INR,upi,SBI,captured,none,0,none,38.8,18,0,0,0,20.06,0,0,desktop_chrome,Jaipur,Jaipur,2026-08-31T18:27:54.124880
pay_4f2f289c00a54d,mer_1036,cust_20343,25051.36,INR,card_credit,HDFC,captured,none,0,none,54.1,18,0,0,0,72.6,0,1,desktop_windows,Delhi NCR,Delhi NCR,2026-08-31T18:46:30.124880
pay_80d5b15f0ba949,mer_1034,cust_20037,3145.26,INR,upi,ICICI,captured,none,0,none,27.7,19,0,0,0,3.41,0,0,mobile_android,Jaipur,Jaipur,2026-08-31T19:00:35.124880
pay_d5d7a04bee5944,mer_1013,cust_20549,44572.27,INR,upi,KOTAK,captured,none,0,none,25.5,19,0,0,0,38.17,0,0,mobile_android,Mumbai,Mumbai,2026-08-31T19:33:43.124880
pay_828ea67ab90f45,mer_1012,cust_20052,25489.23,INR,wallet,ICICI,captured,none,0,none,8.2,19,0,0,1,2.43,0,0,desktop_safari,Pune,Pune,2026-08-31T19:43:14.124880
pay_5e3ba1be583540,mer_1035,cust_20502,6257.82,INR,card_credit,HDFC,captured,none,0,none,46.7,19,0,0,1,4.34,761,0,mobile_ios,Kochi,Delhi NCR,2026-08-31T19:43:50.124880
pay_279b9d87a8b349,mer_1037,cust_20089,384.46,INR,upi,AXIS,captured,none,0,none,20.0,20,0,0,1,0.18,0,0,mobile_android,Ahmedabad,Ahmedabad,2026-08-31T20:45:10.124880
pay_c8f0e01c5dd34e,mer_1010,cust_20288,8312.07,INR,wallet,SBI,captured,none,0,none,33.0,21,0,0,0,3.06,0,0,desktop_safari,Pune,Pune,2026-08-31T21:05:16.124880
pay_740f8b7a26824a,mer_1008,cust_20055,7698.35,INR,upi,AXIS,captured,none,0,none,31.4,21,0,0,0,6.13,0,0,desktop_chrome,Hyderabad,Hyderabad,2026-08-31T21:12:24.124880
pay_45e0893783754f,mer_1026,cust_20254,56697.07,INR,upi,ICICI,captured,none,0,none,38.4,21,0,0,0,45.13,0,0,desktop_chrome,Hyderabad,Hyderabad,2026-08-31T21:30:31.124880
pay_0dfeff27ca0443,mer_1035,cust_20459,45344.25,INR,card_credit,SBI,captured,none,0,none,31.8,21,0,0,0,20.39,0,0,desktop_safari,Kolkata,Kolkata,2026-08-31T21:33:02.124880
pay_54646b6e3cba49,mer_1017,cust_20160,415.77,INR,netbanking,HDFC,captured,none,0,none,12.0,21,0,0,0,0.66,0,0,desktop_windows,Pune,Pune,2026-08-31T21:40:26.124880
pay_e991a5f518b645,mer_1015,cust_20423,549.25,INR,wallet,HDFC,captured,none,0,none,15.4,22,0,0,0,0.74,0,0,desktop_chrome,Pune,Pune,2026-08-31T22:02:44.124880
pay_8e58039ed4b340,mer_1004,cust_20154,22970.21,INR,upi,AXIS,captured,none,0,none,47.2,22,0,0,1,59.05,0,1,desktop_safari,Kochi,Kochi,2026-08-31T22:06:14.124880
pay_91f1508102b644,mer_1017,cust_20370,2414.65,INR,card_debit,AXIS,captured,none,0,none,34.1,22,0,0,0,3.56,0,0,mobile_ios,Ahmedabad,Ahmedabad,2026-08-31T22:07:14.124880
pay_855d97ba796b4c,mer_1015,cust_20126,3283.42,INR,upi,PAYTM_BANK,captured,none,0,none,12.3,22,0,0,0,0.86,0,0,mobile_android,Kochi,Kochi,2026-08-31T22:16:42.124880
pay_817639a0e37d4c,mer_1028,cust_20018,9864.74,INR,card_credit,ICICI,captured,none,0,none,33.0,22,0,0,0,12.58,0,0,mobile_ios,Bengaluru,Bengaluru,2026-08-31T22:18:29.124880
pay_df9c29073f4846,mer_1021,cust_20227,4627.5,INR,card_credit,AXIS,failed,issuer_bank_down,0,none,37.9,22,0,0,0,15.43,0,0,desktop_safari,Pune,Pune,2026-08-31T22:38:30.124880
pay_cef01418ebd04e,mer_1010,cust_20171,7388.58,INR,card_debit,HDFC,failed,insufficient_funds,0,none,40.0,22,0,0,0,6.69,0,0,desktop_safari,Delhi NCR,Delhi NCR,2026-08-31T22:40:11.124880
pay_6a5a0455188f4c,mer_1026,cust_20259,33336.63,INR,upi,ICICI,failed,issuer_bank_down,0,none,27.9,23,0,0,0,43.02,0,0,desktop_safari,Jaipur,Jaipur,2026-08-31T23:00:21.124880
pay_63b51cb782fa46,mer_1031,cust_20377,4905.7,INR,upi,ICICI,captured,none,0,none,27.2,23,0,0,0,10.79,0,0,desktop_windows,Pune,Pune,2026-08-31T23:11:51.124880
pay_bfc069fdca8645,mer_1032,cust_20523,32642.49,INR,upi,ICICI,captured,none,0,none,31.1,23,0,0,0,39.33,0,0,mobile_ios,Kolkata,Kolkata,2026-08-31T23:34:39.124880
pay_279ff6aee4de4a,mer_1008,cust_20117,25672.99,INR,wallet,SBI,captured,none,0,none,49.8,23,0,0,0,47.87,1498,0,desktop_safari,Mumbai,Pune,2026-08-31T23:34:45.124880
pay_f47b8868d59944,mer_1024,cust_20567,5773.4,INR,upi,AXIS,captured,none,0,none,33.2,23,0,0,1,7.38,0,0,desktop_windows,Mumbai,Mumbai,2026-08-31T23:36:36.124880
pay_bc06ba7ede6049,mer_1030,cust_20231,52879.6,INR,upi,ICICI,captured,none,0,none,29.9,23,0,0,0,61.39,0,0,desktop_chrome,Kolkata,Kolkata,2026-08-31T23:49:22.124880
pay_a7d71e5ad37f4b,mer_1021,cust_20514,72188.94,INR,upi,HDFC,captured,none,0,none,26.2,0,1,0,0,28.21,0,0,mobile_android,Pune,Pune,2026-09-01T00:25:51.124880
pay_41e3b2772f234a,mer_1026,cust_20400,20281.71,INR,card_debit,ICICI,captured,none,0,none,31.0,0,1,0,0,39.68,0,0,mobile_android,Mumbai,Mumbai,2026-09-01T00:54:42.124880
pay_c31a392e82e341,mer_1039,cust_20344,9661.19,INR,upi,SBI,captured,none,0,none,7.3,0,1,0,0,1.61,0,0,desktop_chrome,Delhi NCR,Delhi NCR,2026-09-01T00:58:54.124880
pay_cc9fb3b3ce2d4e,mer_1018,cust_20546,4289.18,INR,upi,HDFC,captured,none,0,none,48.0,1,1,0,0,3.19,0,0,mobile_android,Kochi,Kochi,2026-09-01T01:03:34.124880
pay_76054199f64741,mer_1019,cust_20572,3049.05,INR,card_debit,PAYTM_BANK,failed,issuer_bank_down,0,none,28.3,1,1,0,0,1.11,988,0,desktop_windows,Hyderabad,Kochi,2026-09-01T01:11:09.124880
pay_a15cf0922ac241,mer_1028,cust_20556,10454.58,INR,upi,KOTAK,captured,none,0,none,37.2,1,1,0,0,4.75,0,0,desktop_windows,Jaipur,Jaipur,2026-09-01T01:30:29.124880
pay_403dfa5f529149,mer_1032,cust_20103,35722.82,INR,upi,SBI,failed,risk_blocked,1,account_takeover,89.1,1,1,0,0,19.67,0,1,mobile_ios,Kochi,Kochi,2026-09-01T01:38:35.124880
pay_fddcf67c62e542,mer_1008,cust_20435,18929.34,INR,card_debit,HDFC,captured,none,0,none,36.2,1,1,0,0,26.75,218,0,desktop_safari,Ahmedabad,Bengaluru,2026-09-01T01:40:08.124880
pay_53c41e99f7204e,mer_1015,cust_20049,5198.43,INR,upi,HDFC,captured,none,0,none,35.7,1,1,0,0,3.97,0,0,mobile_ios,Hyderabad,Hyderabad,2026-09-01T01:50:26.124880
pay_d25c74af592e49,mer_1040,cust_20107,6418.57,INR,upi,KOTAK,failed,auth_timeout,0,none,48.1,1,1,0,0,6.31,0,0,desktop_windows,Kochi,Kochi,2026-09-01T01:57:34.124880
pay_87c3f410d56044,mer_1030,cust_20258,83227.41,INR,upi,HDFC,refunded,customer_return,0,none,49.1,1,1,0,0,115.29,0,0,mobile_ios,Kochi,Kochi,2026-09-01T01:58:58.124880
pay_0937cc037ad742,mer_1005,cust_20398,39828.79,INR,netbanking,HDFC,captured,none,0,none,38.5,2,1,0,1,24.01,0,0,mobile_ios,Hyderabad,Hyderabad,2026-09-01T02:18:11.124880
pay_04ae4787a22b4b,mer_1027,cust_20210,1738.59,INR,upi,PAYTM_BANK,captured,none,0,none,46.9,2,1,0,0,3.28,0,0,desktop_chrome,Bengaluru,Bengaluru,2026-09-01T02:36:37.124880
pay_a87d42a1d78947,mer_1011,cust_20469,20467.98,INR,card_credit,HDFC,captured,none,0,none,41.1,2,1,0,0,37.67,0,0,mobile_android,Kochi,Kochi,2026-09-01T02:56:16.124880
pay_de88d9e9e28d44,mer_1021,cust_20314,80633.13,INR,upi,SBI,captured,none,0,none,41.8,2,1,0,0,211.37,0,0,desktop_chrome,Delhi NCR,Delhi NCR,2026-09-01T02:59:25.124880
pay_dbe06332e8964f,mer_1028,cust_20305,8066.35,INR,upi,HDFC,failed,issuer_bank_down,0,none,28.8,3,1,0,0,1.34,0,0,desktop_windows,Jaipur,Jaipur,2026-09-01T03:05:09.124880
pay_4d50c695140e4a,mer_1040,cust_20257,50345.8,INR,card_debit,AXIS,captured,none,0,none,36.7,3,1,0,0,30.1,0,0,desktop_windows,Hyderabad,Hyderabad,2026-09-01T03:21:16.124880
pay_0f0dcb0d869043,mer_1014,cust_20092,41264.9,INR,card_credit,ICICI,captured,none,0,none,44.9,3,1,0,0,38.55,0,0,mobile_android,Pune,Pune,2026-09-01T03:29:39.124880
pay_5a95b59044d240,mer_1026,cust_20300,55316.24,INR,upi,HDFC,captured,none,0,none,36.3,3,1,0,1,168.83,0,0,mobile_ios,Kolkata,Kolkata,2026-09-01T03:32:03.124880
pay_d31bfd6e770049,mer_1034,cust_20009,4199.26,INR,upi,SBI,captured,none,0,none,41.3,3,1,0,0,3.84,0,0,mobile_android,Bengaluru,Bengaluru,2026-09-01T03:37:25.124880
pay_54e46483013646,mer_1022,cust_20006,1529.05,INR,upi,ICICI,captured,none,0,none,46.4,3,1,0,0,3.38,0,0,mobile_ios,Bengaluru,Bengaluru,2026-09-01T03:38:51.124880
pay_4f27dfde395044,mer_1035,cust_20161,40118.3,INR,card_credit,SBI,captured,none,0,none,49.1,3,1,0,0,23.87,0,0,desktop_windows,Pune,Pune,2026-09-01T03:42:45.124880
pay_b4675a0a13244a,mer_1022,cust_20231,3434.37,INR,upi,HDFC,captured,none,0,none,38.3,4,1,0,1,3.99,0,0,desktop_chrome,Kolkata,Kolkata,2026-09-01T04:01:36.124880
pay_2920fc7dcbd248,mer_1036,cust_20318,17331.14,INR,card_credit,AXIS,captured,none,0,none,42.8,4,1,0,0,3.75,0,0,mobile_ios,Chennai,Chennai,2026-09-01T04:12:58.124880
pay_fb41908564e840,mer_1004,cust_20359,22095.0,INR,upi,ICICI,captured,none,0,none,44.1,4,1,0,0,16.68,0,0,desktop_chrome,Mumbai,Mumbai,2026-09-01T04:21:53.124880
pay_f895a8e4357d44,mer_1007,cust_20546,71192.6,INR,upi,SBI,failed,insufficient_funds,0,none,37.3,4,1,0,1,52.88,0,0,mobile_android,Kochi,Kochi,2026-09-01T04:24:49.124880
pay_1932d2e89aad4d,mer_1034,cust_20491,5238.94,INR,card_credit,PAYTM_BANK,captured,none,0,none,30.7,4,1,0,0,0.54,0,1,desktop_safari,Ahmedabad,Ahmedabad,2026-09-01T04:30:27.124880
pay_5aacbd5af4e24e,mer_1036,cust_20110,19899.61,INR,upi,ICICI,captured,none,0,none,57.0,4,1,0,1,18.39,562,0,desktop_windows,Kochi,Bengaluru,2026-09-01T04:31:19.124880
pay_35deebae63cb4c,mer_1014,cust_20588,7591.6,INR,upi,ICICI,captured,none,0,none,44.6,4,1,0,0,4.32,0,0,desktop_chrome,Kochi,Kochi,2026-09-01T04:31:38.124880
pay_7c3f08e5459643,mer_1010,cust_20536,522.11,INR,card_credit,HDFC,captured,none,0,none,24.1,4,1,0,0,0.39,0,0,desktop_chrome,Bengaluru,Bengaluru,2026-09-01T04:53:24.124880
pay_3e6cf3a0eb524e,mer_1040,cust_20269,16635.9,INR,upi,ICICI,captured,none,0,none,26.5,4,1,0,0,2.78,0,0,mobile_ios,Mumbai,Mumbai,2026-09-01T04:54:52.124880
pay_d31ec09d5bb44c,mer_1007,cust_20357,54189.78,INR,upi,HDFC,captured,none,0,none,31.7,5,1,0,1,62.55,0,0,desktop_windows,Mumbai,Mumbai,2026-09-01T05:02:02.124880
pay_d91e5feb873145,mer_1025,cust_20500,57239.72,INR,wallet,HDFC,captured,none,0,none,49.1,5,1,0,0,36.61,593,0,desktop_safari,Delhi NCR,Pune,2026-09-01T05:05:43.124880
pay_16315cd41f2e42,mer_1035,cust_20157,6688.59,INR,upi,SBI,captured,none,0,none,34.7,5,1,0,0,7.15,0,0,mobile_ios,Bengaluru,Bengaluru,2026-09-01T05:17:05.124880
pay_d0439af3038c4b,mer_1033,cust_20430,1498.89,INR,card_credit,SBI,captured,none,0,none,29.2,5,1,0,0,4.18,0,0,desktop_chrome,Chennai,Chennai,2026-09-01T05:36:52.124880
pay_954776d3f6ce4b,mer_1030,cust_20294,47698.42,INR,upi,ICICI,captured,none,0,none,28.4,6,1,0,0,32.48,0,0,desktop_safari,Kochi,Kochi,2026-09-01T06:09:43.124880
pay_6c90647693b94f,mer_1018,cust_20512,3572.86,INR,upi,ICICI,captured,none,0,none,34.7,6,1,0,0,4.04,0,0,desktop_chrome,Kolkata,Kolkata,2026-09-01T06:30:08.124880
pay_dcade02465ee4b,mer_1019,cust_20334,3814.28,INR,upi,AXIS,captured,none,0,none,8.3,6,1,0,0,1.55,0,0,desktop_safari,Bengaluru,Bengaluru,2026-09-01T06:36:00.124880
pay_900d2e694b0d4b,mer_1038,cust_20422,6978.46,INR,card_credit,AXIS,captured,none,0,none,25.6,6,1,0,0,16.93,0,0,desktop_safari,Hyderabad,Hyderabad,2026-09-01T06:40:58.124880
pay_222ee280a68b49,mer_1024,cust_20047,6593.19,INR,upi,ICICI,captured,none,0,none,26.5,6,1,0,0,4.45,0,0,mobile_android,Chennai,Chennai,2026-09-01T06:50:51.124880
pay_72f053e1f6704f,mer_1007,cust_20342,60338.83,INR,card_credit,SBI,captured,none,0,none,31.0,6,1,0,0,106.57,0,0,mobile_android,Kolkata,Kolkata,2026-09-01T06:52:46.124880
pay_5b63a54fc54343,mer_1017,cust_20458,1322.78,INR,upi,AXIS,captured,none,0,none,15.8,7,1,0,0,2.21,0,0,desktop_safari,Bengaluru,Bengaluru,2026-09-01T07:01:09.124880
pay_c94145ae4e694e,mer_1002,cust_20527,83661.59,INR,card_credit,SBI,captured,none,0,none,39.5,7,1,0,0,53.37,0,0,desktop_chrome,Jaipur,Jaipur,2026-09-01T07:08:58.124880
pay_77bbbe76f28347,mer_1003,cust_20513,5514.88,INR,card_credit,AXIS,captured,none,0,none,36.3,7,1,0,0,6.1,0,0,mobile_ios,Jaipur,Jaipur,2026-09-01T07:17:10.124880
pay_9dc776c416fe4e,mer_1022,cust_20112,2126.51,INR,netbanking,HDFC,captured,none,0,none,7.6,7,1,0,0,0.95,0,0,mobile_android,Pune,Pune,2026-09-01T07:20:11.124880
pay_2f3402d47d9849,mer_1012,cust_20231,6247.47,INR,card_credit,HDFC,captured,none,0,none,31.9,7,1,0,2,7.25,0,0,mobile_android,Kolkata,Kolkata,2026-09-01T07:27:33.124880
pay_712cf5211fa641,mer_1014,cust_20444,51241.6,INR,upi,HDFC,captured,none,0,none,26.7,7,1,0,0,62.5,0,0,desktop_chrome,Mumbai,Mumbai,2026-09-01T07:57:52.124880
pay_150efa82d5b747,mer_1026,cust_20277,47605.79,INR,card_credit,SBI,captured,none,0,none,33.4,7,1,0,0,40.22,0,0,desktop_safari,Ahmedabad,Ahmedabad,2026-09-01T07:59:29.124880
pay_3516d8491e9d47,mer_1023,cust_20143,7112.24,INR,upi,SBI,captured,none,0,none,47.8,8,1,0,0,7.6,1707,0,desktop_safari,Hyderabad,Pune,2026-09-01T08:13:01.124880
pay_1144c9f633a543,mer_1029,cust_20469,978.12,INR,card_credit,SBI,failed,issuer_bank_down,0,none,17.2,8,1,0,1,1.8,0,0,desktop_windows,Kochi,Kochi,2026-09-01T08:25:53.124880
pay_1938a60e38064a,mer_1037,cust_20569,213.6,INR,card_debit,SBI,captured,none,0,none,8.5,8,1,0,0,0.28,0,0,mobile_ios,Mumbai,Mumbai,2026-09-01T08:26:24.124880
pay_2f472f2294414f,mer_1022,cust_20515,2655.85,INR,upi,ICICI,captured,none,0,none,31.2,9,1,0,0,8.85,0,0,mobile_android,Jaipur,Jaipur,2026-09-01T09:02:45.124880
pay_0b15aac58a964d,mer_1020,cust_20106,29185.18,INR,card_credit,SBI,captured,none,0,none,32.1,9,1,0,0,23.72,0,0,desktop_windows,Chennai,Chennai,2026-09-01T09:03:44.124880
pay_95263004d62146,mer_1006,cust_20221,34390.57,INR,card_credit,AXIS,captured,none,0,none,36.1,9,1,0,0,114.64,0,0,mobile_ios,Kolkata,Kolkata,2026-09-01T09:06:50.124880
pay_8e1fb6a251aa45,mer_1031,cust_20411,8217.91,INR,netbanking,SBI,failed,auth_timeout,0,none,38.1,9,1,0,1,11.26,0,0,mobile_ios,Bengaluru,Bengaluru,2026-09-01T09:07:16.124880
pay_c4e0506f12b942,mer_1038,cust_20131,10564.54,INR,upi,ICICI,captured,none,0,none,28.0,9,1,0,0,8.96,0,0,desktop_chrome,Kolkata,Kolkata,2026-09-01T09:57:07.124880
pay_11b39ce90f5340,mer_1033,cust_20440,1796.78,INR,card_credit,HDFC,captured,none,0,none,8.1,9,1,0,0,2.21,0,0,desktop_chrome,Kolkata,Kolkata,2026-09-01T09:57:25.124880
pay_e9ac126bc21942,mer_1036,cust_20225,10524.85,INR,card_credit,HDFC,captured,none,0,none,31.6,9,1,0,0,6.52,0,0,desktop_safari,Pune,Pune,2026-09-01T09:58:21.124880
pay_e6ae612ecf5b4f,mer_1035,cust_20567,2553.51,INR,wallet,HDFC,captured,none,0,none,35.3,10,1,0,1,3.27,0,0,desktop_windows,Mumbai,Mumbai,2026-09-01T10:02:12.124880
pay_13bffd0c2c4b44,mer_1025,cust_20565,13773.38,INR,netbanking,HDFC,captured,none,0,none,25.4,10,1,0,1,3.74,0,0,desktop_chrome,Jaipur,Jaipur,2026-09-01T10:12:02.124880
pay_5eab98e6fb294a,mer_1010,cust_20343,2943.78,INR,upi,HDFC,captured,none,0,none,31.7,10,1,0,1,8.53,0,0,desktop_chrome,Delhi NCR,Delhi NCR,2026-09-01T10:34:08.124880
pay_25861ba903c748,mer_1034,cust_20226,1629.72,INR,card_debit,HDFC,captured,none,0,none,19.3,10,1,0,0,0.49,0,0,desktop_chrome,Pune,Pune,2026-09-01T10:38:41.124880
pay_4df54564238b49,mer_1016,cust_20527,20321.51,INR,upi,ICICI,captured,none,0,none,37.3,10,1,0,1,12.96,0,0,desktop_safari,Jaipur,Jaipur,2026-09-01T10:42:16.124880
pay_2bcf01367faa41,mer_1029,cust_20423,1198.28,INR,upi,ICICI,captured,none,0,none,33.2,10,1,0,1,1.62,0,1,mobile_ios,Pune,Pune,2026-09-01T10:42:43.124880
pay_453a5af3a02d44,mer_1040,cust_20504,14442.42,INR,upi,ICICI,captured,none,0,none,39.2,10,1,0,0,7.71,0,0,desktop_windows,Hyderabad,Hyderabad,2026-09-01T10:50:10.124880
pay_e8b300fe232c4a,mer_1040,cust_20499,25848.52,INR,upi,SBI,captured,none,0,none,27.1,10,1,0,0,13.38,0,0,desktop_windows,Pune,Pune,2026-09-01T10:54:39.124880
pay_78300614d6c247,mer_1005,cust_20004,40750.82,INR,upi,AXIS,captured,none,0,none,25.3,11,1,0,0,11.19,0,0,desktop_chrome,Ahmedabad,Ahmedabad,2026-09-01T11:02:05.124880
pay_57b4ee17e7564b,mer_1011,cust_20435,8867.29,INR,upi,ICICI,captured,none,0,none,38.6,11,1,0,1,12.53,0,0,mobile_ios,Ahmedabad,Ahmedabad,2026-09-01T11:10:43.124880
pay_115e04fceff746,mer_1025,cust_20006,31535.16,INR,upi,ICICI,captured,none,0,none,25.9,11,1,0,1,69.76,0,0,mobile_android,Bengaluru,Bengaluru,2026-09-01T11:37:44.124880
pay_73989bf0e7ff49,mer_1017,cust_20375,2290.1,INR,upi,ICICI,captured,none,0,none,25.4,12,1,0,0,2.45,1307,0,desktop_safari,Ahmedabad,Kolkata,2026-09-01T12:02:18.124880
pay_6813f028df8f45,mer_1028,cust_20406,15531.95,INR,upi,HDFC,captured,none,0,none,34.1,12,1,0,0,4.38,0,0,desktop_windows,Kolkata,Kolkata,2026-09-01T12:13:35.124880
pay_80a4060adc584d,mer_1018,cust_20356,16676.16,INR,card_credit,ICICI,captured,none,0,none,25.7,12,1,0,0,14.66,0,0,mobile_android,Mumbai,Mumbai,2026-09-01T12:30:30.124880
pay_63e12c9d7f9c49,mer_1001,cust_20339,4215.25,INR,upi,HDFC,captured,none,0,none,17.6,12,1,0,0,1.68,0,0,desktop_chrome,Kolkata,Kolkata,2026-09-01T12:31:06.124880
pay_722accce68f246,mer_1034,cust_20265,3163.12,INR,card_debit,ICICI,captured,none,0,none,7.8,12,1,0,0,1.18,0,0,desktop_safari,Kochi,Kochi,2026-09-01T12:45:12.124880
pay_a862c9c6936148,mer_1006,cust_20211,33219.94,INR,upi,HDFC,captured,none,0,none,34.1,12,1,0,0,84.11,0,0,mobile_android,Bengaluru,Bengaluru,2026-09-01T12:53:17.124880
pay_0f5eb86e723a46,mer_1015,cust_20150,3335.64,INR,upi,HDFC,captured,none,0,none,16.0,13,1,0,0,0.44,344,0,desktop_chrome,Chennai,Delhi NCR,2026-09-01T13:19:29.124880
pay_8b89727f92f547,mer_1023,cust_20359,1800.28,INR,upi,ICICI,failed,issuer_bank_down,0,none,16.9,13,1,0,1,1.36,0,0,mobile_ios,Mumbai,Mumbai,2026-09-01T13:53:53.124880
pay_956c9d6f382e46,mer_1034,cust_20580,3630.44,INR,netbanking,ICICI,captured,none,0,none,6.6,14,1,0,0,0.69,0,0,mobile_android,Delhi NCR,Delhi NCR,2026-09-01T14:24:20.124880
pay_cf1f63c1669340,mer_1027,cust_20245,144.5,INR,card_debit,HDFC,captured,none,0,none,17.4,14,1,0,0,0.26,0,0,desktop_windows,Mumbai,Mumbai,2026-09-01T14:54:35.124880
pay_a6d7a467348d43,mer_1001,cust_20509,3638.66,INR,upi,SBI,captured,none,0,none,5.7,15,1,0,0,0.97,0,0,desktop_safari,Jaipur,Jaipur,2026-09-01T15:22:11.124880
pay_72ea2c6e59f441,mer_1014,cust_20464,40968.37,INR,upi,AXIS,captured,none,0,none,27.1,15,1,0,0,14.37,0,0,mobile_android,Bengaluru,Bengaluru,2026-09-01T15:22:40.124880
pay_62852aea5d534f,mer_1024,cust_20457,2992.21,INR,upi,KOTAK,captured,none,0,none,5.7,15,1,0,0,2.44,0,0,desktop_windows,Bengaluru,Bengaluru,2026-09-01T15:23:19.124880
pay_0769e3bd71e44f,mer_1017,cust_20544,1022.78,INR,upi,HDFC,captured,none,0,none,17.8,15,1,0,0,0.65,0,0,desktop_windows,Kochi,Kochi,2026-09-01T15:24:26.124880
pay_d1141cb134774f,mer_1017,cust_20413,817.78,INR,upi,HDFC,captured,none,0,none,7.1,15,1,0,0,1.63,0,0,desktop_windows,Jaipur,Jaipur,2026-09-01T15:31:12.124880
pay_2a564957c94241,mer_1006,cust_20430,8370.49,INR,netbanking,AXIS,captured,none,0,none,36.8,15,1,0,1,23.32,0,0,mobile_ios,Chennai,Chennai,2026-09-01T15:31:24.124880
pay_be2691f2dc334e,mer_1018,cust_20073,1446.95,INR,card_debit,AXIS,captured,none,0,none,8.5,15,1,0,1,0.52,0,0,desktop_windows,Mumbai,Mumbai,2026-09-01T15:40:40.124880
pay_2457d5ec397c4b,mer_1005,cust_20024,86066.19,INR,upi,SBI,captured,none,0,none,33.6,15,1,0,0,176.33,0,0,desktop_chrome,Jaipur,Jaipur,2026-09-01T15:44:22.124880
pay_d5745826d0424a,mer_1035,cust_20328,32830.07,INR,wallet,SBI,captured,none,0,none,37.7,15,1,0,0,11.68,0,0,desktop_chrome,Delhi NCR,Delhi NCR,2026-09-01T15:58:30.124880
pay_349cc341b68a4a,mer_1032,cust_20480,50592.11,INR,upi,SBI,captured,none,0,none,33.4,16,1,0,0,28.24,0,0,mobile_ios,Chennai,Chennai,2026-09-01T16:13:01.124880
pay_2f7b6030501a4a,mer_1038,cust_20333,6776.1,INR,netbanking,HDFC,captured,none,0,none,26.2,16,1,0,0,4.91,0,0,desktop_safari,Kolkata,Kolkata,2026-09-01T16:22:17.124880
pay_91d24ddaef4f46,mer_1033,cust_20586,4549.77,INR,upi,KOTAK,captured,none,0,none,11.1,16,1,0,0,0.83,0,0,desktop_chrome,Delhi NCR,Delhi NCR,2026-09-01T16:31:26.124880
pay_feb3da6fc6d840,mer_1017,cust_20205,1775.44,INR,upi,SBI,failed,auth_timeout,0,none,7.9,16,1,0,0,2.0,0,0,desktop_windows,Bengaluru,Bengaluru,2026-09-01T16:33:33.124880
pay_340270362c0e4b,mer_1034,cust_20489,3695.73,INR,upi,ICICI,captured,none,0,none,33.4,16,1,0,0,8.23,0,0,mobile_ios,Hyderabad,Hyderabad,2026-09-01T16:49:04.124880
pay_5e01912d1a324d,mer_1029,cust_20320,1521.93,INR,upi,ICICI,captured,none,0,none,5.5,16,1,0,0,0.83,0,0,mobile_ios,Kolkata,Kolkata,2026-09-01T16:50:39.124880
pay_1e903047838145,mer_1009,cust_20361,10214.79,INR,card_credit,AXIS,refunded,customer_return,0,none,30.1,16,1,0,0,14.81,0,0,desktop_windows,Bengaluru,Bengaluru,2026-09-01T16:58:48.124880
pay_20017f7ec6ee46,mer_1016,cust_20377,89254.24,INR,upi,PAYTM_BANK,captured,none,0,none,32.5,17,1,0,1,196.32,0,0,mobile_android,Pune,Pune,2026-09-01T17:03:21.124880
pay_a5d8f70fab5741,mer_1012,cust_20444,41320.57,INR,upi,ICICI,refunded,customer_return,0,none,53.4,17,1,0,1,50.4,0,1,desktop_chrome,Mumbai,Mumbai,2026-09-01T17:06:09.124880
pay_db564837dc934c,mer_1016,cust_20310,55646.37,INR,upi,ICICI,captured,none,0,none,48.4,17,1,0,0,66.74,740,0,desktop_chrome,Chennai,Kochi,2026-09-01T17:07:35.124880
pay_9ad10d224af043,mer_1035,cust_20384,48469.45,INR,upi,HDFC,captured,none,0,none,38.4,17,1,0,0,90.54,0,0,mobile_ios,Bengaluru,Bengaluru,2026-09-01T17:08:11.124880
pay_bac8bba3b6dd40,mer_1013,cust_20552,48881.9,INR,card_debit,SBI,captured,none,0,none,25.4,17,1,0,0,43.06,0,0,desktop_windows,Kochi,Kochi,2026-09-01T17:13:39.124880
pay_427c064b45ee44,mer_1012,cust_20291,7205.68,INR,upi,AXIS,refunded,customer_return,0,none,28.4,17,1,0,0,7.39,0,0,mobile_android,Pune,Pune,2026-09-01T17:15:33.124880
pay_0c27581b747f46,mer_1031,cust_20169,36911.83,INR,wallet,HDFC,captured,none,0,none,31.0,17,1,0,0,17.05,0,0,mobile_android,Hyderabad,Hyderabad,2026-09-01T17:22:05.124880
pay_111afb5fd88044,mer_1009,cust_20571,51167.0,INR,wallet,ICICI,captured,none,0,none,36.5,17,1,0,0,24.97,0,0,desktop_chrome,Ahmedabad,Ahmedabad,2026-09-01T17:23:02.124880
pay_26b402fd0c6a4e,mer_1022,cust_20293,1313.09,INR,upi,SBI,failed,issuer_bank_down,0,none,37.7,17,1,0,0,3.07,0,0,mobile_android,Kochi,Kochi,2026-09-01T17:36:51.124880
pay_e50b4344f7fe43,mer_1023,cust_20139,4558.1,INR,upi,ICICI,captured,none,0,none,26.6,17,1,0,0,6.68,0,0,mobile_ios,Jaipur,Jaipur,2026-09-01T17:43:52.124880
pay_9d603ab7d0fc43,mer_1012,cust_20112,35452.68,INR,upi,HDFC,captured,none,0,none,27.6,17,1,0,1,15.87,0,0,desktop_windows,Pune,Pune,2026-09-01T17:59:47.124880
pay_e6429d6f19e344,mer_1012,cust_20098,14203.77,INR,upi,SBI,captured,none,0,none,37.4,18,1,0,0,4.24,0,0,desktop_chrome,Mumbai,Mumbai,2026-09-01T18:37:36.124880
pay_fb8fc8a901b146,mer_1030,cust_20287,57321.44,INR,upi,SBI,failed,insufficient_funds,0,none,27.5,18,1,0,0,29.45,0,0,mobile_ios,Chennai,Chennai,2026-09-01T18:40:10.124880
pay_cd4a407dfcc34a,mer_1022,cust_20104,3889.63,INR,upi,SBI,captured,none,0,none,16.8,18,1,0,0,2.93,0,0,mobile_ios,Hyderabad,Hyderabad,2026-09-01T18:46:48.124880
pay_27ae74e6f0f44d,mer_1017,cust_20166,537.5,INR,upi,ICICI,captured,none,0,none,10.5,18,1,0,0,1.07,0,0,desktop_windows,Ahmedabad,Ahmedabad,2026-09-01T18:49:45.124880
pay_f4092f8001084c,mer_1035,cust_20550,64469.49,INR,card_credit,HDFC,captured,none,0,none,31.4,18,1,0,0,56.18,0,0,desktop_windows,Jaipur,Jaipur,2026-09-01T18:50:53.124880
pay_188e408bc81f44,mer_1018,cust_20118,2408.28,INR,netbanking,SBI,failed,issuer_bank_down,0,none,5.4,19,1,0,0,1.16,0,0,desktop_safari,Kolkata,Kolkata,2026-09-01T19:03:31.124880
pay_6695b137bfab4c,mer_1016,cust_20103,42219.01,INR,upi,ICICI,captured,none,0,none,37.8,19,1,0,1,23.25,0,0,mobile_android,Kochi,Kochi,2026-09-01T19:04:29.124880
pay_27a6aa74e06043,mer_1003,cust_20227,3811.25,INR,card_credit,SBI,captured,none,0,none,43.0,19,1,0,1,12.7,1198,0,mobile_android,Pune,Mumbai,2026-09-01T19:06:01.124880
pay_50c9b2f26a904a,mer_1040,cust_20537,28444.2,INR,upi,KOTAK,captured,none,0,none,47.7,19,1,0,0,37.54,0,1,desktop_safari,Hyderabad,Hyderabad,2026-09-01T19:11:29.124880
pay_b423136020494a,mer_1005,cust_20025,17299.9,INR,upi,AXIS,captured,none,0,none,31.2,19,1,0,0,21.95,0,0,desktop_windows,Chennai,Chennai,2026-09-01T19:29:02.124880
pay_803125bf614e4f,mer_1002,cust_20554,73719.25,INR,card_credit,KOTAK,captured,none,0,none,33.7,19,1,0,0,34.33,0,0,desktop_windows,Pune,Pune,2026-09-01T19:33:42.124880
pay_15a80309e64447,mer_1008,cust_20414,33093.22,INR,upi,ICICI,captured,none,0,none,47.1,19,1,0,0,9.09,899,0,mobile_ios,Kochi,Jaipur,2026-09-01T19:51:25.124880
pay_c87d5f8dc30444,mer_1006,cust_20053,26954.5,INR,card_credit,HDFC,captured,none,0,none,37.9,19,1,0,0,7.85,0,0,mobile_android,Bengaluru,Bengaluru,2026-09-01T19:57:44.124880
pay_52afd38b3b5540,mer_1032,cust_20165,37067.86,INR,upi,AXIS,captured,none,0,none,34.1,19,1,0,0,23.63,162,0,mobile_ios,Delhi NCR,Hyderabad,2026-09-01T19:58:42.124880
pay_64d9c6b762fa49,mer_1038,cust_20583,16175.61,INR,netbanking,HDFC,captured,none,0,none,33.0,19,1,0,0,20.22,0,0,mobile_ios,Chennai,Chennai,2026-09-01T19:59:30.124880
pay_03122463135f43,mer_1023,cust_20338,544.27,INR,card_debit,AXIS,refunded,customer_return,0,none,14.1,20,1,0,0,0.31,0,0,desktop_safari,Mumbai,Mumbai,2026-09-01T20:14:08.124880
pay_3de9c162ced04a,mer_1018,cust_20035,9721.46,INR,netbanking,HDFC,captured,none,0,none,39.2,20,1,0,0,5.79,0,0,mobile_android,Delhi NCR,Delhi NCR,2026-09-01T20:15:12.124880
pay_ce199d8ad50748,mer_1022,cust_20599,2742.01,INR,upi,HDFC,captured,none,0,none,7.9,20,1,0,0,0.83,0,0,desktop_safari,Hyderabad,Hyderabad,2026-09-01T20:32:11.124880
pay_9bfde01b374f4b,mer_1023,cust_20116,665.55,INR,card_credit,PAYTM_BANK,failed,incorrect_otp,0,none,12.6,20,1,0,0,0.39,0,0,desktop_chrome,Pune,Pune,2026-09-01T20:36:11.124880
pay_c10c947579c445,mer_1020,cust_20468,9033.5,INR,card_credit,SBI,captured,none,0,none,30.4,20,1,0,0,7.13,0,0,desktop_windows,Delhi NCR,Delhi NCR,2026-09-01T20:53:49.124880
pay_beefec08e08e41,mer_1033,cust_20277,3122.22,INR,card_credit,SBI,captured,none,0,none,14.1,21,1,0,1,2.64,0,0,mobile_android,Ahmedabad,Ahmedabad,2026-09-01T21:20:57.124880
pay_7820301906cf4b,mer_1011,cust_20203,15109.33,INR,card_credit,KOTAK,captured,none,0,none,43.7,21,1,0,0,50.36,0,1,desktop_chrome,Jaipur,Jaipur,2026-09-01T21:34:39.124880
pay_d1c4f0eaad5b48,mer_1029,cust_20211,1073.71,INR,wallet,AXIS,captured,none,0,none,13.3,21,1,0,1,2.72,0,0,desktop_windows,Bengaluru,Bengaluru,2026-09-01T21:49:05.124880
pay_8a4e4332e2b84d,mer_1026,cust_20338,56309.66,INR,upi,ICICI,captured,none,0,none,32.8,21,1,0,1,31.68,0,0,desktop_safari,Mumbai,Mumbai,2026-09-01T21:53:33.124880
pay_1e9b93971dd648,mer_1001,cust_20013,3778.38,INR,card_credit,HDFC,captured,none,0,none,30.2,21,1,0,0,5.53,0,0,desktop_windows,Ahmedabad,Ahmedabad,2026-09-01T21:55:55.124880
pay_bffaeba0169c4b,mer_1008,cust_20085,71491.38,INR,upi,AXIS,captured,none,0,none,35.7,22,1,0,0,26.57,0,0,desktop_windows,Ahmedabad,Ahmedabad,2026-09-01T22:28:21.124880
pay_6f37debab95440,mer_1033,cust_20412,2408.87,INR,upi,HDFC,captured,none,0,none,41.3,22,1,0,0,4.28,866,0,mobile_android,Mumbai,Delhi NCR,2026-09-01T22:40:36.124880
pay_a579f494d1224f,mer_1039,cust_20374,18435.97,INR,upi,HDFC,captured,none,0,none,26.6,22,1,0,0,15.23,0,0,desktop_chrome,Hyderabad,Hyderabad,2026-09-01T22:51:09.124880
pay_aadfc2e069e84f,mer_1024,cust_20526,2139.1,INR,upi,HDFC,captured,none,0,none,11.3,23,1,0,0,0.61,0,0,mobile_android,Jaipur,Jaipur,2026-09-01T23:13:35.124880
pay_6679c2f81e5f4a,mer_1013,cust_20513,5557.36,INR,netbanking,HDFC,captured,none,0,none,28.5,23,1,0,1,6.15,0,0,mobile_ios,Jaipur,Jaipur,2026-09-01T23:14:40.124880
pay_0942839067ca4b,mer_1029,cust_20076,1570.3,INR,upi,HDFC,captured,none,0,none,6.7,23,1,0,0,1.06,0,0,desktop_windows,Pune,Pune,2026-09-01T23:29:20.124880
pay_f3c7b6d7ff2d4a,mer_1018,cust_20460,1816.31,INR,upi,ICICI,captured,none,0,none,16.1,23,1,0,0,2.27,0,0,desktop_safari,Ahmedabad,Ahmedabad,2026-09-01T23:33:08.124880
pay_0458375aea0d44,mer_1035,cust_20039,6690.54,INR,card_credit,ICICI,captured,none,0,none,38.1,23,1,0,0,6.27,0,0,desktop_windows,Delhi NCR,Delhi NCR,2026-09-01T23:41:00.124880
pay_a36e75788bbe4c,mer_1033,cust_20487,3706.97,INR,upi,ICICI,captured,none,0,none,15.1,23,1,0,0,2.98,0,0,desktop_safari,Kolkata,Kolkata,2026-09-01T23:55:15.124880
pay_0bf3bf448e5a4e,mer_1007,cust_20421,24049.76,INR,card_credit,KOTAK,captured,none,0,none,35.1,23,1,0,0,62.61,0,0,mobile_ios,Kolkata,Kolkata,2026-09-01T23:57:32.124880
pay_72f41220a0aa4f,mer_1016,cust_20074,39921.2,INR,wallet,ICICI,captured,none,0,none,25.6,23,1,0,0,63.56,0,0,desktop_windows,Delhi NCR,Delhi NCR,2026-09-01T23:59:43.124880
pay_61e6b3533b4848,mer_1035,cust_20478,30969.46,INR,upi,AXIS,captured,none,0,none,41.9,1,2,0,0,11.4,0,0,desktop_safari,Chennai,Chennai,2026-09-02T01:03:54.124880
pay_9f1044cf84f147,mer_1009,cust_20412,5246.48,INR,upi,ICICI,captured,none,0,none,40.0,1,2,0,1,9.32,0,0,desktop_windows,Mumbai,Mumbai,2026-09-02T01:04:14.124880
pay_75660b927c8242,mer_1023,cust_20492,7824.63,INR,card_credit,SBI,captured,none,0,none,15.6,1,2,0,0,2.38,0,0,desktop_safari,Pune,Pune,2026-09-02T01:18:00.124880
pay_2c021a0e4b6441,mer_1020,cust_20288,24942.64,INR,card_debit,SBI,captured,none,0,none,35.5,1,2,0,0,9.17,0,0,mobile_android,Pune,Pune,2026-09-02T01:32:50.124880
pay_a2fc83dbb91643,mer_1017,cust_20116,1418.35,INR,card_debit,ICICI,captured,none,0,none,23.4,1,2,0,1,0.84,0,0,desktop_windows,Pune,Pune,2026-09-02T01:51:41.124880
pay_9555eb3a72da4d,mer_1028,cust_20506,11682.62,INR,card_debit,HDFC,captured,none,0,none,43.4,1,2,0,0,19.39,0,0,mobile_android,Chennai,Chennai,2026-09-02T01:57:36.124880
pay_9e48879cc6f649,mer_1007,cust_20004,50970.44,INR,wallet,SBI,failed,insufficient_funds,0,none,42.3,2,2,0,1,14.0,0,0,mobile_ios,Ahmedabad,Ahmedabad,2026-09-02T02:17:46.124880
pay_da5634c9ba2649,mer_1022,cust_20531,589.81,INR,card_credit,HDFC,captured,none,0,none,24.1,2,2,0,0,0.67,0,0,mobile_android,Mumbai,Mumbai,2026-09-02T02:51:24.124880
pay_7e9009d887924f,mer_1022,cust_20105,4049.15,INR,netbanking,KOTAK,captured,none,0,none,17.5,2,2,0,0,1.09,0,0,mobile_android,Bengaluru,Bengaluru,2026-09-02T02:55:16.124880
pay_87d6bba2eaff47,mer_1010,cust_20351,6547.51,INR,card_debit,AXIS,captured,none,0,none,44.2,3,2,0,0,10.93,0,0,mobile_ios,Kochi,Kochi,2026-09-02T03:17:39.124880
pay_d37258a5884348,mer_1007,cust_20145,25652.31,INR,upi,ICICI,captured,none,0,none,40.1,3,2,0,0,10.95,0,0,mobile_android,Jaipur,Jaipur,2026-09-02T03:18:54.124880
pay_61ecc9161ea74f,mer_1039,cust_20298,37298.33,INR,upi,HDFC,captured,none,0,none,56.8,3,2,0,0,58.08,939,0,desktop_windows,Kochi,Ahmedabad,2026-09-02T03:33:57.124880
pay_16a4efb01a6a46,mer_1016,cust_20034,11758.29,INR,card_debit,HDFC,captured,none,0,none,44.9,3,2,0,0,19.3,0,0,desktop_chrome,Kolkata,Kolkata,2026-09-02T03:39:10.124880
pay_806690ec06734a,mer_1031,cust_20038,33687.47,INR,upi,HDFC,captured,none,0,none,45.6,3,2,0,0,87.41,0,0,desktop_windows,Kochi,Kochi,2026-09-02T03:40:32.124880
pay_cb540888fea94a,mer_1008,cust_20237,83086.02,INR,netbanking,HDFC,captured,none,0,none,38.2,3,2,0,0,42.28,0,0,desktop_safari,Pune,Pune,2026-09-02T03:41:04.124880
pay_5fb7c56c03f54a,mer_1010,cust_20309,5649.41,INR,card_credit,HDFC,captured,none,0,none,52.5,3,2,0,0,10.68,774,0,desktop_windows,Ahmedabad,Bengaluru,2026-09-02T03:56:52.124880
pay_d22290e2277e4b,mer_1008,cust_20184,42575.07,INR,netbanking,ICICI,captured,none,0,none,35.4,4,2,0,0,141.92,0,0,desktop_windows,Chennai,Chennai,2026-09-02T04:06:40.124880
pay_f9c60045305d49,mer_1040,cust_20306,40574.86,INR,upi,SBI,captured,none,0,none,45.2,4,2,0,0,24.53,0,0,desktop_windows,Delhi NCR,Delhi NCR,2026-09-02T04:08:19.124880
pay_a012a5dea6e641,mer_1038,cust_20086,2737.42,INR,upi,PAYTM_BANK,captured,none,0,none,25.8,4,2,0,0,2.79,0,0,desktop_windows,Ahmedabad,Ahmedabad,2026-09-02T04:16:05.124880
pay_1280653424f54e,mer_1033,cust_20316,505.18,INR,upi,ICICI,captured,none,0,none,18.9,4,2,0,0,0.71,0,0,desktop_chrome,Kochi,Kochi,2026-09-02T04:23:30.124880
pay_2df28542807244,mer_1026,cust_20029,17642.65,INR,upi,PAYTM_BANK,captured,none,0,none,42.4,4,2,0,0,18.26,0,0,desktop_safari,Chennai,Chennai,2026-09-02T04:37:09.124880
pay_bea300f56d3942,mer_1011,cust_20075,38252.57,INR,upi,SBI,captured,none,0,none,28.2,5,2,0,0,15.51,0,0,desktop_windows,Hyderabad,Hyderabad,2026-09-02T05:09:11.124880
pay_46cbdd611a034a,mer_1017,cust_20087,60.35,INR,upi,SBI,failed,risk_blocked,1,card_testing,78.6,5,2,0,0,0.02,0,0,mobile_ios,Ahmedabad,Ahmedabad,2026-09-02T05:13:31.124880
pay_62bef56fb6fc40,mer_1010,cust_20400,4208.21,INR,upi,SBI,captured,none,0,none,27.3,5,2,0,0,8.23,0,0,desktop_chrome,Mumbai,Mumbai,2026-09-02T05:19:54.124880
pay_3040dcdcf9744f,mer_1001,cust_20362,4273.31,INR,upi,SBI,captured,none,0,none,7.0,5,2,0,0,0.74,0,0,desktop_safari,Jaipur,Jaipur,2026-09-02T05:22:45.124880
pay_687470b9d57641,mer_1019,cust_20049,933.71,INR,upi,AXIS,captured,none,0,none,19.2,5,2,0,0,0.71,0,0,mobile_ios,Hyderabad,Hyderabad,2026-09-02T05:31:25.124880
pay_36795321141447,mer_1024,cust_20185,7391.2,INR,upi,ICICI,captured,none,0,none,14.1,5,2,0,0,1.52,0,0,mobile_ios,Chennai,Chennai,2026-09-02T05:31:30.124880
pay_a591c077e0004c,mer_1013,cust_20311,19015.3,INR,upi,SBI,captured,none,0,none,39.8,5,2,0,0,8.14,601,0,desktop_safari,Ahmedabad,Chennai,2026-09-02T05:35:33.124880
pay_9959c6e1815e40,mer_1034,cust_20360,671.69,INR,netbanking,HDFC,failed,issuer_bank_down,0,none,16.1,5,2,0,0,0.73,0,0,desktop_windows,Delhi NCR,Delhi NCR,2026-09-02T05:40:25.124880
pay_1a98edd844864f,mer_1015,cust_20542,5652.15,INR,wallet,PAYTM_BANK,captured,none,0,none,36.4,6,2,0,0,3.2,0,0,mobile_android,Ahmedabad,Ahmedabad,2026-09-02T06:01:04.124880
pay_657cc480d76e49,mer_1035,cust_20565,43482.53,INR,upi,ICICI,captured,none,0,none,44.0,6,2,0,1,11.81,1439,0,desktop_chrome,Jaipur,Delhi NCR,2026-09-02T06:02:16.124880
pay_fcda792d393543,mer_1004,cust_20079,30734.71,INR,upi,ICICI,captured,none,0,none,26.5,6,2,0,0,8.0,0,0,desktop_windows,Mumbai,Mumbai,2026-09-02T06:12:34.124880
pay_26ce9f03682346,mer_1029,cust_20590,2775.95,INR,upi,HDFC,captured,none,0,none,12.0,6,2,0,0,0.66,0,0,mobile_android,Pune,Pune,2026-09-02T06:15:05.124880
pay_50ae5b8b3e7f49,mer_1016,cust_20456,17828.36,INR,upi,PAYTM_BANK,captured,none,0,none,42.3,6,2,0,0,4.96,0,1,mobile_ios,Pune,Pune,2026-09-02T06:26:41.124880
pay_2edc48fad4f24a,mer_1010,cust_20462,4798.82,INR,card_debit,SBI,captured,none,0,none,5.9,6,2,0,0,2.93,0,0,mobile_ios,Chennai,Chennai,2026-09-02T06:47:43.124880
pay_f80317365ad043,mer_1023,cust_20027,6087.09,INR,card_debit,HDFC,captured,none,0,none,8.2,7,2,0,0,2.54,0,0,mobile_android,Kolkata,Kolkata,2026-09-02T07:08:32.124880
pay_6286f10f511842,mer_1004,cust_20520,13080.26,INR,upi,SBI,failed,issuer_bank_down,0,none,35.4,7,2,0,0,3.72,0,0,desktop_chrome,Ahmedabad,Ahmedabad,2026-09-02T07:15:35.124880
pay_3e9bdb0c4a1444,mer_1031,cust_20286,7737.31,INR,card_debit,ICICI,captured,none,0,none,32.1,7,2,0,0,5.54,0,0,mobile_ios,Mumbai,Mumbai,2026-09-02T07:28:23.124880
pay_1441beefc43a42,mer_1003,cust_20457,2966.18,INR,upi,SBI,captured,none,0,none,17.8,7,2,0,1,2.42,0,0,desktop_windows,Bengaluru,Bengaluru,2026-09-02T07:28:25.124880
pay_b5e573b107e34f,mer_1020,cust_20320,26433.03,INR,upi,SBI,captured,none,0,none,33.4,7,2,0,1,14.46,0,0,mobile_android,Kolkata,Kolkata,2026-09-02T07:31:14.124880
pay_b24dcf51d9384d,mer_1035,cust_20424,36675.96,INR,netbanking,ICICI,captured,none,0,none,37.7,7,2,0,0,15.74,0,0,desktop_windows,Ahmedabad,Ahmedabad,2026-09-02T07:31:40.124880
pay_ec336aa63c3540,mer_1013,cust_20522,16601.2,INR,netbanking,ICICI,captured,none,0,none,31.8,7,2,0,0,7.69,0,0,desktop_safari,Kochi,Kochi,2026-09-02T07:45:08.124880
pay_ef03960b4d2048,mer_1030,cust_20364,12834.29,INR,card_debit,SBI,captured,none,0,none,28.4,7,2,0,0,21.0,0,0,desktop_windows,Delhi NCR,Delhi NCR,2026-09-02T07:46:48.124880
pay_995debf892b74d,mer_1036,cust_20389,11090.02,INR,card_debit,ICICI,captured,none,0,none,29.0,7,2,0,0,28.59,0,0,mobile_ios,Kolkata,Kolkata,2026-09-02T07:56:48.124880
pay_7ac59478c05f48,mer_1025,cust_20253,21576.35,INR,card_credit,AXIS,captured,none,0,none,38.0,7,2,0,0,4.74,0,0,desktop_safari,Bengaluru,Bengaluru,2026-09-02T07:59:12.124880
pay_89813cda22ae4c,mer_1026,cust_20202,82294.92,INR,wallet,HDFC,captured,none,0,none,35.3,8,2,0,0,156.95,0,0,desktop_windows,Jaipur,Jaipur,2026-09-02T08:41:50.124880
pay_cbb4b6b59f2341,mer_1017,cust_20548,1402.74,INR,card_credit,AXIS,captured,none,0,none,14.6,8,2,0,0,0.33,0,0,desktop_safari,Hyderabad,Hyderabad,2026-09-02T08:43:59.124880
pay_72878467374d4d,mer_1020,cust_20575,4261.54,INR,upi,PAYTM_BANK,captured,none,0,none,25.9,8,2,0,0,5.58,0,0,desktop_windows,Pune,Pune,2026-09-02T08:44:35.124880
pay_40b8b4567c0643,mer_1013,cust_20221,32525.77,INR,card_credit,AXIS,captured,none,0,none,38.5,8,2,0,1,108.42,0,0,desktop_chrome,Kolkata,Kolkata,2026-09-02T08:45:50.124880
pay_0f3fbc6ebcbe40,mer_1022,cust_20327,2987.87,INR,upi,SBI,captured,none,0,none,29.9,8,2,0,0,9.96,0,0,desktop_windows,Pune,Pune,2026-09-02T08:53:20.124880
pay_6fc44d9925b545,mer_1027,cust_20047,473.45,INR,upi,ICICI,captured,none,0,none,8.3,9,2,0,0,0.32,0,0,mobile_android,Chennai,Chennai,2026-09-02T09:03:21.124880
pay_b7a50556a2d642,mer_1020,cust_20562,28111.14,INR,upi,HDFC,failed,issuer_bank_down,0,none,25.7,9,2,0,0,19.13,0,0,desktop_safari,Hyderabad,Hyderabad,2026-09-02T09:09:08.124880
pay_eaaf223fd4904e,mer_1022,cust_20065,3527.42,INR,upi,AXIS,captured,none,0,none,33.9,9,2,0,0,4.79,0,0,desktop_windows,Mumbai,Mumbai,2026-09-02T09:15:37.124880
pay_b5fbd5b2e0bb4a,mer_1025,cust_20255,49035.89,INR,card_credit,SBI,captured,none,0,none,26.6,9,2,0,0,17.62,0,0,desktop_safari,Bengaluru,Bengaluru,2026-09-02T09:18:49.124880
pay_19180ee4def541,mer_1004,cust_20112,5983.53,INR,card_debit,HDFC,captured,none,0,none,8.6,9,2,0,1,2.68,0,0,mobile_android,Pune,Pune,2026-09-02T09:21:56.124880
pay_7259282008624c,mer_1038,cust_20445,8725.62,INR,upi,ICICI,captured,none,0,none,51.1,9,2,0,0,5.23,0,1,mobile_android,Pune,Pune,2026-09-02T09:33:51.124880
pay_ca5d4a6a8b2849,mer_1031,cust_20110,11487.24,INR,upi,SBI,captured,none,0,none,30.6,9,2,0,0,10.62,0,0,mobile_ios,Kochi,Kochi,2026-09-02T09:44:45.124880
pay_ac0332cac76f4c,mer_1030,cust_20311,14196.94,INR,upi,ICICI,captured,none,0,none,42.9,9,2,0,1,6.08,0,1,mobile_android,Ahmedabad,Ahmedabad,2026-09-02T09:58:49.124880
pay_a3e529873f994d,mer_1003,cust_20023,3397.07,INR,card_credit,SBI,captured,none,0,none,39.2,10,2,0,0,5.83,0,0,mobile_android,Pune,Pune,2026-09-02T10:00:22.124880
pay_40f270d7861b43,mer_1040,cust_20590,7361.76,INR,upi,HDFC,captured,none,0,none,18.1,10,2,0,1,1.74,0,0,desktop_windows,Pune,Pune,2026-09-02T10:21:47.124880
pay_028e03f97d2049,mer_1031,cust_20256,12792.13,INR,card_credit,SBI,captured,none,0,none,43.0,10,2,0,0,11.95,580,0,desktop_chrome,Bengaluru,Ahmedabad,2026-09-02T10:40:14.124880
pay_1589f3e6a1344c,mer_1037,cust_20004,2706.11,INR,card_credit,SBI,captured,none,0,none,15.7,10,2,0,2,0.74,0,0,desktop_safari,Ahmedabad,Ahmedabad,2026-09-02T10:51:14.124880
pay_2bd1efd3c6054b,mer_1024,cust_20378,3936.74,INR,upi,HDFC,captured,none,0,none,24.5,10,2,0,0,1.79,760,0,desktop_windows,Ahmedabad,Hyderabad,2026-09-02T10:56:47.124880
pay_4d49646c31fd45,mer_1029,cust_20473,312.63,INR,upi,HDFC,captured,none,0,none,15.3,11,2,0,0,0.23,0,0,desktop_windows,Bengaluru,Bengaluru,2026-09-02T11:48:30.124880
pay_71dcb581d54e44,mer_1012,cust_20046,46585.52,INR,upi,ICICI,captured,none,0,none,26.8,12,2,0,0,66.33,0,0,mobile_ios,Mumbai,Mumbai,2026-09-02T12:04:37.124880
pay_88a957c5992749,mer_1012,cust_20144,36940.18,INR,card_credit,HDFC,captured,none,0,none,36.0,12,2,0,0,38.3,0,0,desktop_chrome,Pune,Pune,2026-09-02T12:33:43.124880
pay_63825ebd968c46,mer_1036,cust_20366,10002.79,INR,upi,SBI,captured,none,0,none,38.6,12,2,0,0,6.59,0,0,desktop_windows,Pune,Pune,2026-09-02T12:35:46.124880
pay_1f6e7bc47bde4e,mer_1016,cust_20119,2962.06,INR,upi,ICICI,captured,none,0,none,9.8,12,2,0,0,0.96,0,0,mobile_ios,Kolkata,Kolkata,2026-09-02T12:42:43.124880
pay_1c2f75b9fa3e47,mer_1022,cust_20131,3851.05,INR,upi,AXIS,captured,none,0,none,32.3,12,2,0,0,3.27,0,0,desktop_windows,Kolkata,Kolkata,2026-09-02T12:50:46.124880
pay_fa67913b3c3848,mer_1010,cust_20481,6066.05,INR,upi,HDFC,captured,none,0,none,39.9,13,2,0,0,6.89,0,0,mobile_ios,Mumbai,Mumbai,2026-09-02T13:06:34.124880
pay_ae59b54619f843,mer_1035,cust_20267,55093.08,INR,upi,KOTAK,captured,none,0,none,33.8,13,2,0,0,25.88,0,0,mobile_ios,Kochi,Kochi,2026-09-02T13:07:47.124880
pay_710b4d00e63b43,mer_1031,cust_20051,12386.68,INR,upi,AXIS,captured,none,0,none,35.7,13,2,0,0,16.69,0,0,mobile_ios,Ahmedabad,Ahmedabad,2026-09-02T13:08:13.124880
pay_dbae42fd647746,mer_1039,cust_20489,28604.18,INR,card_credit,HDFC,captured,none,0,none,26.7,13,2,0,1,63.66,0,0,desktop_chrome,Hyderabad,Hyderabad,2026-09-02T13:27:38.124880
pay_e5dd485ca4cd4a,mer_1014,cust_20336,35004.87,INR,upi,SBI,captured,none,0,none,35.0,13,2,0,0,9.05,0,0,desktop_chrome,Ahmedabad,Ahmedabad,2026-09-02T13:31:12.124880
pay_a0016c1e99d549,mer_1026,cust_20575,5100.11,INR,card_credit,HDFC,captured,none,0,none,35.4,13,2,0,1,6.67,0,0,desktop_windows,Pune,Pune,2026-09-02T13:32:59.124880
pay_977492f699664d,mer_1037,cust_20455,2710.27,INR,card_debit,HDFC,captured,none,0,none,19.4,13,2,0,0,2.01,0,0,mobile_ios,Hyderabad,Hyderabad,2026-09-02T13:33:56.124880
pay_0f8bde3a947842,mer_1002,cust_20337,85843.63,INR,upi,AXIS,captured,none,0,none,34.3,13,2,0,0,237.99,0,0,desktop_windows,Ahmedabad,Ahmedabad,2026-09-02T13:36:16.124880
pay_4f6ee7c4e0dd42,mer_1021,cust_20290,41613.58,INR,upi,HDFC,captured,none,0,none,32.9,13,2,0,0,14.05,0,0,desktop_windows,Mumbai,Mumbai,2026-09-02T13:42:44.124880
pay_2ed47789566548,mer_1008,cust_20147,47922.29,INR,card_credit,HDFC,captured,none,0,none,36.7,13,2,0,0,42.68,0,0,mobile_ios,Mumbai,Mumbai,2026-09-02T13:48:27.124880
pay_e3394f58601d45,mer_1039,cust_20379,38727.45,INR,upi,ICICI,captured,none,0,none,43.2,13,2,0,0,24.83,0,1,desktop_windows,Mumbai,Mumbai,2026-09-02T13:53:41.124880
pay_0845661dc47342,mer_1034,cust_20006,1290.47,INR,upi,HDFC,failed,auth_timeout,0,none,15.8,14,2,0,0,2.85,708,0,mobile_ios,Bengaluru,Ahmedabad,2026-09-02T14:01:50.124880
pay_cdb073a9bee34e,mer_1005,cust_20143,56055.33,INR,upi,ICICI,captured,none,0,none,39.3,14,2,0,0,59.91,0,0,desktop_chrome,Hyderabad,Hyderabad,2026-09-02T14:05:28.124880
pay_e97863b7265444,mer_1011,cust_20182,15664.99,INR,upi,AXIS,captured,none,0,none,30.0,14,2,0,0,52.22,0,0,desktop_safari,Pune,Pune,2026-09-02T14:45:25.124880
pay_6e05deb2d5454e,mer_1024,cust_20322,684.99,INR,card_debit,AXIS,captured,none,0,none,13.9,14,2,0,0,0.53,0,0,desktop_chrome,Bengaluru,Bengaluru,2026-09-02T14:53:43.124880
pay_3ead4925fd074f,mer_1034,cust_20499,2430.94,INR,card_credit,HDFC,captured,none,0,none,28.2,14,2,0,0,1.26,1177,0,mobile_ios,Pune,Chennai,2026-09-02T14:55:16.124880
pay_7f18fb1fd48a4e,mer_1016,cust_20112,34568.81,INR,upi,HDFC,captured,none,0,none,38.6,15,2,0,2,15.47,0,0,mobile_ios,Pune,Pune,2026-09-02T15:05:11.124880
pay_a40ed304831d40,mer_1020,cust_20247,4165.98,INR,card_credit,AXIS,captured,none,0,none,26.5,15,2,0,0,4.06,0,0,mobile_android,Jaipur,Jaipur,2026-09-02T15:14:58.124880
pay_b591ce8e312c40,mer_1032,cust_20144,31155.72,INR,card_debit,HDFC,captured,none,0,none,37.5,15,2,0,1,32.3,0,0,desktop_windows,Pune,Pune,2026-09-02T15:31:12.124880
pay_1e562e27acc448,mer_1038,cust_20045,42981.26,INR,upi,AXIS,captured,none,0,none,31.2,16,2,0,0,44.87,0,0,desktop_chrome,Hyderabad,Hyderabad,2026-09-02T16:03:43.124880
pay_b702001e130948,mer_1033,cust_20562,5157.36,INR,upi,HDFC,captured,none,0,none,39.0,16,2,0,1,3.51,0,0,mobile_android,Hyderabad,Hyderabad,2026-09-02T16:07:19.124880
pay_6e24b6defea041,mer_1039,cust_20117,24244.78,INR,netbanking,SBI,captured,none,0,none,37.9,16,2,0,0,45.2,0,0,desktop_chrome,Mumbai,Mumbai,2026-09-02T16:15:44.124880
pay_ca8c392c312346,mer_1006,cust_20478,30669.81,INR,card_credit,HDFC,captured,none,0,none,50.0,16,2,0,1,11.29,0,1,desktop_safari,Chennai,Chennai,2026-09-02T16:17:34.124880
pay_86a0b15c41094f,mer_1011,cust_20017,17464.59,INR,upi,HDFC,captured,none,0,none,35.2,17,2,0,0,18.88,0,0,desktop_windows,Hyderabad,Hyderabad,2026-09-02T17:00:59.124880
pay_c76828de9b3444,mer_1012,cust_20294,42066.45,INR,wallet,SBI,captured,none,0,none,44.6,17,2,0,0,28.64,1508,0,desktop_windows,Kochi,Delhi NCR,2026-09-02T17:12:10.124880
pay_61547f5b471a41,mer_1037,cust_20093,2497.94,INR,upi,KOTAK,captured,none,0,none,8.3,17,2,0,0,0.57,0,0,desktop_chrome,Hyderabad,Hyderabad,2026-09-02T17:30:26.124880
pay_4b329b96d15e4a,mer_1012,cust_20476,47551.23,INR,upi,AXIS,captured,none,0,none,30.6,17,2,0,0,40.73,0,0,mobile_android,Ahmedabad,Ahmedabad,2026-09-02T17:38:08.124880
pay_972a5b92cdee4d,mer_1021,cust_20155,17688.33,INR,netbanking,ICICI,refunded,customer_return,0,none,37.5,17,2,0,0,3.72,0,0,desktop_windows,Pune,Pune,2026-09-02T17:41:31.124880
pay_b2f73f39507047,mer_1026,cust_20587,4580.29,INR,upi,ICICI,captured,none,0,none,38.5,17,2,0,0,8.24,0,0,mobile_ios,Mumbai,Mumbai,2026-09-02T17:49:47.124880
pay_54584f905aff43,mer_1019,cust_20072,345.66,INR,upi,KOTAK,captured,none,0,none,10.7,18,2,0,0,0.46,0,0,desktop_safari,Ahmedabad,Ahmedabad,2026-09-02T18:07:29.124880
pay_69de8e5a74a945,mer_1010,cust_20244,5334.14,INR,card_debit,AXIS,captured,none,0,none,6.3,18,2,0,0,2.16,0,0,mobile_ios,Hyderabad,Hyderabad,2026-09-02T18:23:37.124880
pay_5583dd1b9e314d,mer_1040,cust_20442,21381.24,INR,upi,HDFC,captured,none,0,none,28.2,18,2,0,0,22.21,0,0,desktop_safari,Jaipur,Jaipur,2026-09-02T18:28:18.124880
pay_6841e1db834b46,mer_1008,cust_20402,52942.55,INR,card_credit,ICICI,captured,none,0,none,30.0,18,2,0,0,20.38,0,0,mobile_ios,Kochi,Kochi,2026-09-02T18:33:47.124880
pay_8a9eaa017ad048,mer_1026,cust_20262,79515.24,INR,netbanking,ICICI,failed,risk_blocked,1,geo_anomaly,81.7,18,2,0,0,29.91,1769,1,mobile_android,Hyderabad,Jaipur,2026-09-02T18:41:15.124880
pay_919920deb7d544,mer_1027,cust_20042,1783.88,INR,upi,SBI,captured,none,0,none,32.2,18,2,0,0,3.41,0,0,mobile_android,Ahmedabad,Ahmedabad,2026-09-02T18:53:30.124880
pay_0650a692501545,mer_1015,cust_20012,1320.08,INR,netbanking,AXIS,captured,none,0,none,36.7,19,2,0,0,3.02,0,0,mobile_android,Kolkata,Kolkata,2026-09-02T19:07:40.124880
pay_62d78048b4af48,mer_1028,cust_20598,1320.81,INR,wallet,AXIS,captured,none,0,none,8.9,19,2,0,0,0.31,0,0,mobile_ios,Ahmedabad,Ahmedabad,2026-09-02T19:17:06.124880
pay_f1f7d40a96dd4c,mer_1035,cust_20147,21814.49,INR,card_credit,HDFC,captured,none,0,none,37.4,19,2,0,1,19.43,0,0,desktop_chrome,Mumbai,Mumbai,2026-09-02T19:25:49.124880
pay_953fe98fb61b47,mer_1020,cust_20031,42803.61,INR,card_credit,HDFC,captured,none,0,none,38.2,19,2,0,0,23.71,0,0,desktop_chrome,Kolkata,Kolkata,2026-09-02T19:36:30.124880
pay_79ac12795b6b41,mer_1015,cust_20003,2076.18,INR,card_credit,KOTAK,captured,none,0,none,12.6,19,2,0,0,0.5,0,0,mobile_android,Kolkata,Kolkata,2026-09-02T19:42:05.124880
pay_459237b84a6149,mer_1009,cust_20179,17184.9,INR,upi,AXIS,captured,none,0,none,42.0,19,2,0,0,7.01,624,0,desktop_chrome,Bengaluru,Delhi NCR,2026-09-02T19:49:42.124880
pay_c7a2a2259a8e43,mer_1013,cust_20315,37929.35,INR,card_credit,ICICI,captured,none,0,none,35.1,19,2,0,0,23.02,0,0,desktop_chrome,Ahmedabad,Ahmedabad,2026-09-02T19:51:47.124880
pay_b6ea9e57e55b43,mer_1040,cust_20566,18825.84,INR,upi,KOTAK,refunded,customer_return,0,none,27.5,20,2,0,0,4.36,0,0,desktop_safari,Chennai,Chennai,2026-09-02T20:14:29.124880
pay_2b65fc0bdc9c4c,mer_1039,cust_20210,14715.44,INR,card_debit,ICICI,captured,none,0,none,25.5,20,2,0,0,27.77,0,0,desktop_chrome,Bengaluru,Bengaluru,2026-09-02T20:20:42.124880
pay_00273a553d264c,mer_1027,cust_20046,2341.86,INR,card_debit,ICICI,captured,none,0,none,27.9,20,2,0,1,3.33,330,0,desktop_chrome,Mumbai,Chennai,2026-09-02T20:21:31.124880
pay_6c9da78588f446,mer_1026,cust_20557,48492.83,INR,card_debit,SBI,captured,none,0,none,38.0,20,2,0,0,15.63,1519,0,mobile_android,Mumbai,Kochi,2026-09-02T20:37:17.124880
pay_c6cc39e892bc49,mer_1006,cust_20392,34117.3,INR,netbanking,ICICI,captured,none,0,none,33.2,21,2,0,0,26.65,0,0,mobile_android,Jaipur,Jaipur,2026-09-02T21:25:04.124880
pay_0a1c23f56a6743,mer_1012,cust_20373,37679.15,INR,upi,ICICI,captured,none,0,none,39.0,21,2,0,0,67.41,0,0,desktop_safari,Pune,Pune,2026-09-02T21:36:15.124880
pay_ffb80e8dfaaa45,mer_1038,cust_20421,5958.91,INR,netbanking,HDFC,captured,none,0,none,25.2,21,2,0,1,15.51,0,0,mobile_ios,Kolkata,Kolkata,2026-09-02T21:42:18.124880
pay_bcaf966c23604f,mer_1017,cust_20278,1044.46,INR,card_credit,HDFC,captured,none,0,none,28.8,22,2,0,0,1.42,1655,0,mobile_ios,Kolkata,Mumbai,2026-09-02T22:00:06.124880
pay_154d310b57104b,mer_1029,cust_20588,336.42,INR,card_debit,ICICI,captured,none,0,none,19.2,22,2,0,0,0.19,0,0,mobile_android,Kochi,Kochi,2026-09-02T22:02:51.124880
pay_1f8ae0eb0ee543,mer_1014,cust_20594,34228.67,INR,upi,ICICI,captured,none,0,none,36.7,22,2,0,0,23.66,0,0,desktop_safari,Pune,Pune,2026-09-02T22:05:30.124880
pay_32e00c0e2f3f4a,mer_1024,cust_20116,4591.99,INR,netbanking,HDFC,captured,none,0,none,5.3,22,2,0,1,2.72,0,0,mobile_android,Pune,Pune,2026-09-02T22:19:38.124880
pay_1d9a0972cf1945,mer_1018,cust_20087,9503.13,INR,upi,HDFC,captured,none,0,none,21.2,22,2,0,1,2.73,0,1,desktop_safari,Ahmedabad,Ahmedabad,2026-09-02T22:20:52.124880
pay_178a0e18493548,mer_1029,cust_20280,2017.46,INR,upi,SBI,captured,none,0,none,6.6,22,2,0,0,0.34,0,0,mobile_ios,Mumbai,Mumbai,2026-09-02T22:35:19.124880
pay_42eb8b57969f43,mer_1002,cust_20416,65016.15,INR,upi,HDFC,captured,none,0,none,26.7,22,2,0,0,118.17,0,0,mobile_android,Ahmedabad,Ahmedabad,2026-09-02T22:43:31.124880
pay_38097348f16244,mer_1024,cust_20066,5246.57,INR,upi,AXIS,failed,auth_timeout,0,none,37.5,22,2,0,0,4.21,0,0,desktop_chrome,Ahmedabad,Ahmedabad,2026-09-02T22:45:13.124880
pay_5e16916fd77842,mer_1004,cust_20364,16779.08,INR,upi,KOTAK,captured,none,0,none,37.6,22,2,0,1,27.45,1055,0,desktop_windows,Delhi NCR,Chennai,2026-09-02T22:48:52.124880
pay_75e2c8dde7904b,mer_1003,cust_20286,3816.89,INR,card_debit,ICICI,captured,none,0,none,15.9,22,2,0,1,2.73,0,0,mobile_ios,Mumbai,Mumbai,2026-09-02T22:53:56.124880
pay_f2a28f08d98a43,mer_1036,cust_20398,15303.88,INR,card_credit,AXIS,captured,none,0,none,48.0,22,2,0,0,9.23,1199,0,mobile_android,Hyderabad,Ahmedabad,2026-09-02T22:59:58.124880
pay_3b34fbe2d42640,mer_1007,cust_20531,26890.56,INR,upi,HDFC,captured,none,0,none,27.0,23,2,0,1,30.62,0,0,desktop_chrome,Mumbai,Mumbai,2026-09-02T23:02:12.124880
pay_74ff014b27654a,mer_1022,cust_20314,5010.36,INR,upi,SBI,captured,none,0,none,39.2,23,2,0,0,13.13,0,0,desktop_safari,Delhi NCR,Delhi NCR,2026-09-02T23:09:17.124880
pay_87f11543094441,mer_1036,cust_20292,14260.75,INR,upi,SBI,failed,issuer_bank_down,0,none,30.2,23,2,0,0,9.38,0,0,desktop_windows,Jaipur,Jaipur,2026-09-02T23:10:14.124880
pay_497da15f76334c,mer_1022,cust_20305,4271.15,INR,upi,ICICI,captured,none,0,none,18.8,23,2,0,0,0.71,0,0,desktop_windows,Jaipur,Jaipur,2026-09-02T23:32:24.124880
pay_3aaddb38fb904c,mer_1032,cust_20576,8108.7,INR,upi,PAYTM_BANK,captured,none,0,none,30.4,23,2,0,0,16.18,0,0,desktop_chrome,Jaipur,Jaipur,2026-09-02T23:53:03.124880
pay_1167c31e02a34b,mer_1015,cust_20161,644.03,INR,upi,HDFC,captured,none,0,none,30.8,0,3,0,0,0.38,0,1,mobile_android,Pune,Pune,2026-09-03T00:04:53.124880
pay_d633d2444b6f4f,mer_1013,cust_20419,19984.02,INR,upi,SBI,failed,issuer_bank_down,0,none,28.9,0,3,0,0,3.93,0,0,desktop_chrome,Kochi,Kochi,2026-09-03T00:10:56.124880
pay_1e52e392956f4c,mer_1022,cust_20157,806.06,INR,card_debit,HDFC,captured,none,0,none,16.1,0,3,0,0,0.86,1366,0,desktop_windows,Bengaluru,Chennai,2026-09-03T00:12:14.124880
pay_5dc4382f74854d,mer_1007,cust_20448,65700.62,INR,upi,HDFC,failed,issuer_bank_down,0,none,47.8,0,3,0,0,26.74,0,1,mobile_ios,Chennai,Chennai,2026-09-03T00:24:01.124880
pay_8309811afd0843,mer_1023,cust_20455,2640.9,INR,card_credit,SBI,captured,none,0,none,18.1,0,3,0,1,1.96,0,0,mobile_ios,Hyderabad,Hyderabad,2026-09-03T00:48:43.124880
pay_18e62bb889a34b,mer_1038,cust_20216,12860.44,INR,upi,SBI,failed,incorrect_otp,0,none,32.8,0,3,0,0,9.31,0,0,mobile_ios,Ahmedabad,Ahmedabad,2026-09-03T00:52:24.124880
pay_6bd8d3b0626d40,mer_1027,cust_20181,218.82,INR,upi,AXIS,captured,none,0,none,15.7,1,3,0,0,0.06,0,0,desktop_chrome,Ahmedabad,Ahmedabad,2026-09-03T01:01:16.124880
pay_4b35ebcfcb4742,mer_1004,cust_20081,23341.71,INR,upi,HDFC,captured,none,0,none,38.3,1,3,0,0,8.3,0,0,mobile_android,Pune,Pune,2026-09-03T01:20:14.124880
pay_7f18cf5661764d,mer_1039,cust_20397,9409.27,INR,card_credit,HDFC,captured,none,0,none,40.8,1,3,0,0,3.67,0,0,desktop_safari,Delhi NCR,Delhi NCR,2026-09-03T01:24:25.124880
pay_63c5456064a94e,mer_1008,cust_20271,53109.9,INR,card_debit,HDFC,captured,none,0,none,47.7,1,3,0,0,25.83,0,0,desktop_chrome,Kochi,Kochi,2026-09-03T01:26:09.124880
pay_4e7db4dcba8b45,mer_1008,cust_20329,18273.01,INR,upi,HDFC,captured,none,0,none,40.6,1,3,0,0,11.63,0,0,desktop_chrome,Pune,Pune,2026-09-03T01:30:48.124880
pay_91575e69c35e47,mer_1023,cust_20584,3523.24,INR,card_debit,KOTAK,captured,none,0,none,21.7,2,3,0,0,1.95,0,0,mobile_ios,Kolkata,Kolkata,2026-09-03T02:09:17.124880
pay_dbed811649b74f,mer_1037,cust_20332,3598.77,INR,upi,HDFC,captured,none,0,none,23.4,2,3,0,0,2.32,0,0,desktop_safari,Delhi NCR,Delhi NCR,2026-09-03T02:17:14.124880
pay_09ce17dd5da042,mer_1012,cust_20530,35151.66,INR,upi,HDFC,captured,none,0,none,41.7,2,3,0,0,14.02,0,0,mobile_ios,Kochi,Kochi,2026-09-03T02:25:06.124880
pay_85814b929ce947,mer_1004,cust_20563,37495.17,INR,upi,ICICI,captured,none,0,none,47.5,2,3,0,0,61.02,0,0,mobile_android,Kochi,Kochi,2026-09-03T02:25:47.124880
pay_a9d9555e40be4a,mer_1039,cust_20082,39713.73,INR,card_credit,HDFC,captured,none,0,none,44.9,3,3,0,0,8.79,0,0,desktop_chrome,Kolkata,Kolkata,2026-09-03T03:07:03.124880
pay_0ec4b3672f3747,mer_1038,cust_20460,11095.42,INR,wallet,ICICI,captured,none,0,none,46.1,3,3,0,0,13.89,0,0,desktop_safari,Ahmedabad,Ahmedabad,2026-09-03T03:07:34.124880
pay_b25f0109edff4c,mer_1008,cust_20348,52381.24,INR,upi,KOTAK,captured,none,0,none,39.4,3,3,0,0,52.62,0,0,desktop_safari,Kolkata,Kolkata,2026-09-03T03:37:36.124880
pay_f68733cb12c546,mer_1014,cust_20395,11157.17,INR,wallet,ICICI,captured,none,0,none,36.8,3,3,0,0,4.73,0,0,mobile_ios,Delhi NCR,Delhi NCR,2026-09-03T03:38:17.124880
pay_3b401dd7634b41,mer_1022,cust_20514,4063.57,INR,card_credit,ICICI,captured,none,0,none,21.7,3,3,0,0,1.59,0,0,desktop_safari,Pune,Pune,2026-09-03T03:39:12.124880
pay_dc6e0442e7e44b,mer_1011,cust_20536,9713.51,INR,card_credit,HDFC,captured,none,0,none,35.5,3,3,0,0,7.23,0,0,desktop_chrome,Bengaluru,Bengaluru,2026-09-03T03:46:45.124880
pay_d83ac0fc544144,mer_1028,cust_20046,1972.29,INR,netbanking,HDFC,captured,none,0,none,21.0,3,3,0,2,2.81,0,0,mobile_ios,Mumbai,Mumbai,2026-09-03T03:47:20.124880
pay_a9785534093049,mer_1036,cust_20064,26879.77,INR,card_credit,AXIS,captured,none,0,none,35.4,3,3,0,0,3.5,0,0,mobile_android,Pune,Pune,2026-09-03T03:52:45.124880
pay_84097e8ab1054c,mer_1013,cust_20156,34305.63,INR,upi,HDFC,captured,none,1,account_takeover,89.8,4,3,0,0,6.91,0,1,mobile_ios,Ahmedabad,Ahmedabad,2026-09-03T04:14:03.124880
pay_8eb1f52433574b,mer_1012,cust_20239,16129.75,INR,wallet,KOTAK,captured,none,0,none,44.5,4,3,0,0,16.07,0,0,desktop_safari,Chennai,Chennai,2026-09-03T04:28:30.124880
pay_c2fb3182be3149,mer_1004,cust_20529,25645.71,INR,card_credit,AXIS,captured,none,0,none,46.2,4,3,0,0,15.87,0,0,desktop_chrome,Hyderabad,Hyderabad,2026-09-03T04:38:58.124880
pay_3b57aa1f452b45,mer_1006,cust_20087,41771.04,INR,card_credit,ICICI,captured,none,0,none,40.3,4,3,0,2,11.98,0,0,mobile_android,Ahmedabad,Ahmedabad,2026-09-03T04:41:19.124880
pay_3b9cbb396e9240,mer_1032,cust_20361,51431.3,INR,upi,ICICI,captured,none,0,none,54.2,4,3,0,0,74.57,0,1,desktop_windows,Bengaluru,Bengaluru,2026-09-03T04:43:53.124880
pay_dbf47595c85045,mer_1016,cust_20274,141.01,INR,upi,SBI,failed,risk_blocked,1,card_testing,96.9,5,3,0,0,0.03,0,0,desktop_chrome,Delhi NCR,Delhi NCR,2026-09-03T05:03:54.124880
pay_99dc3834c55943,mer_1023,cust_20021,2881.06,INR,upi,HDFC,captured,none,0,none,39.7,5,3,0,0,3.94,0,0,mobile_ios,Kochi,Kochi,2026-09-03T05:23:23.124880
pay_e139d21af1a64a,mer_1006,cust_20195,11220.5,INR,upi,HDFC,captured,none,0,none,30.3,5,3,0,0,4.42,0,0,mobile_android,Chennai,Chennai,2026-09-03T05:34:27.124880
pay_8faefb6dfcb244,mer_1040,cust_20561,21245.58,INR,card_credit,ICICI,captured,none,0,none,32.3,5,3,0,0,34.71,0,0,desktop_chrome,Hyderabad,Hyderabad,2026-09-03T05:44:39.124880
pay_6c7dfccde16143,mer_1003,cust_20153,2553.01,INR,upi,AXIS,captured,none,0,none,8.9,5,3,0,0,2.99,0,0,mobile_android,Kochi,Kochi,2026-09-03T05:54:57.124880
pay_5193d3e463ba44,mer_1021,cust_20541,77333.56,INR,upi,ICICI,captured,none,0,none,33.7,6,3,0,0,52.82,364,0,desktop_chrome,Jaipur,Kolkata,2026-09-03T06:10:28.124880
pay_ea87e0c423ba46,mer_1005,cust_20296,83347.31,INR,upi,ICICI,captured,none,0,none,27.3,6,3,0,0,63.17,0,0,desktop_safari,Pune,Pune,2026-09-03T06:14:31.124880
pay_4dd71857e9d44a,mer_1014,cust_20292,30913.63,INR,card_credit,ICICI,captured,none,0,none,26.8,6,3,0,1,20.33,186,0,desktop_windows,Jaipur,Hyderabad,2026-09-03T06:24:25.124880
pay_7594e8f0131941,mer_1036,cust_20237,43815.57,INR,upi,KOTAK,captured,none,0,none,35.2,6,3,0,0,22.3,0,0,mobile_ios,Pune,Pune,2026-09-03T06:29:11.124880
pay_fc81ba5c36454f,mer_1011,cust_20265,29934.02,INR,card_debit,KOTAK,captured,none,0,none,35.5,6,3,0,0,11.12,412,0,desktop_windows,Kochi,Delhi NCR,2026-09-03T06:46:14.124880
pay_50bb8ca1896a46,mer_1017,cust_20345,489.83,INR,upi,KOTAK,captured,none,0,none,18.5,6,3,0,0,0.16,0,0,desktop_windows,Delhi NCR,Delhi NCR,2026-09-03T06:53:37.124880
pay_254381284a8745,mer_1015,cust_20056,3174.4,INR,card_credit,ICICI,captured,none,0,none,29.5,7,3,0,0,6.1,0,0,desktop_windows,Delhi NCR,Delhi NCR,2026-09-03T07:00:12.124880
pay_c783c81896d647,mer_1033,cust_20008,2132.71,INR,upi,PAYTM_BANK,captured,none,0,none,14.4,7,3,0,0,1.94,0,0,desktop_chrome,Chennai,Chennai,2026-09-03T07:15:34.124880
pay_530ff47c0eec4a,mer_1036,cust_20385,8263.81,INR,card_debit,HDFC,captured,none,0,none,6.6,7,3,0,0,2.49,0,0,mobile_ios,Hyderabad,Hyderabad,2026-09-03T07:23:38.124880
pay_6687251900fd43,mer_1007,cust_20446,27135.32,INR,upi,ICICI,captured,none,0,none,40.0,7,3,0,0,6.95,0,0,desktop_chrome,Kochi,Kochi,2026-09-03T07:38:16.124880
pay_fecd0b99668041,mer_1001,cust_20539,3379.48,INR,upi,PAYTM_BANK,captured,none,0,none,18.7,7,3,0,0,1.79,0,0,mobile_ios,Delhi NCR,Delhi NCR,2026-09-03T07:38:31.124880
pay_f2f65f91dee04e,mer_1001,cust_20135,1835.35,INR,upi,SBI,failed,insufficient_funds,0,none,16.2,7,3,0,0,0.66,0,0,desktop_chrome,Hyderabad,Hyderabad,2026-09-03T07:38:57.124880
pay_0c85053c783a4c,mer_1007,cust_20487,7770.94,INR,upi,HDFC,captured,none,0,none,29.4,7,3,0,0,6.25,0,0,mobile_android,Kolkata,Kolkata,2026-09-03T07:48:00.124880
pay_d2cc8c3e97bd4a,mer_1026,cust_20448,52654.44,INR,upi,ICICI,captured,none,0,none,32.0,8,3,0,1,21.43,0,0,desktop_windows,Chennai,Chennai,2026-09-03T08:07:29.124880
pay_aee99fd64c3f4b,mer_1022,cust_20064,3165.62,INR,upi,HDFC,captured,none,0,none,16.4,8,3,0,1,0.41,466,0,desktop_windows,Pune,Mumbai,2026-09-03T08:13:06.124880
pay_fccc7b0f09234c,mer_1017,cust_20271,1863.14,INR,card_debit,ICICI,captured,none,0,none,9.6,8,3,0,1,0.91,0,0,desktop_safari,Kochi,Kochi,2026-09-03T08:26:10.124880
pay_3ceaff185d6d45,mer_1025,cust_20225,13293.2,INR,upi,SBI,captured,none,0,none,37.6,8,3,0,0,8.23,0,0,mobile_ios,Pune,Pune,2026-09-03T08:31:13.124880
pay_7671b5a52b2341,mer_1024,cust_20291,5401.23,INR,upi,SBI,captured,none,0,none,39.9,8,3,0,0,5.54,0,0,desktop_chrome,Pune,Pune,2026-09-03T08:46:47.124880
pay_7a0a2b809fb24d,mer_1034,cust_20211,479.88,INR,upi,KOTAK,captured,none,0,none,8.8,8,3,0,0,1.22,0,0,mobile_android,Bengaluru,Bengaluru,2026-09-03T08:54:27.124880
pay_ca3dae0ad0524f,mer_1034,cust_20245,1499.92,INR,card_credit,SBI,captured,none,0,none,15.9,9,3,0,0,2.71,0,0,mobile_ios,Mumbai,Mumbai,2026-09-03T09:28:57.124880
pay_c8aa4416aaf740,mer_1006,cust_20582,13083.66,INR,upi,HDFC,captured,none,0,none,44.0,9,3,0,0,17.6,1420,0,desktop_windows,Pune,Bengaluru,2026-09-03T09:37:50.124880
pay_3b1347c405064d,mer_1036,cust_20344,40057.68,INR,upi,ICICI,captured,none,0,none,37.2,9,3,0,0,6.67,0,0,desktop_windows,Delhi NCR,Delhi NCR,2026-09-03T09:42:42.124880
pay_495574a4b39147,mer_1027,cust_20215,672.15,INR,upi,SBI,captured,none,0,none,6.1,9,3,0,0,1.16,0,0,desktop_windows,Jaipur,Jaipur,2026-09-03T09:48:36.124880
pay_fd8746d3e37a4d,mer_1037,cust_20560,3452.52,INR,upi,SBI,failed,issuer_bank_down,0,none,6.8,10,3,0,0,1.16,0,0,desktop_safari,Bengaluru,Bengaluru,2026-09-03T10:04:50.124880
pay_05e3e5def2de48,mer_1009,cust_20275,65695.62,INR,card_debit,ICICI,captured,none,0,none,37.9,10,3,0,0,26.45,0,0,desktop_safari,Bengaluru,Bengaluru,2026-09-03T10:27:00.124880
pay_74e6ab8ca5c246,mer_1040,cust_20475,29830.32,INR,card_credit,HDFC,captured,none,0,none,32.3,10,3,0,0,26.65,385,0,desktop_chrome,Ahmedabad,Bengaluru,2026-09-03T10:28:04.124880
pay_7229679d67ef44,mer_1037,cust_20275,874.52,INR,upi,AXIS,captured,none,0,none,28.0,10,3,1,1,0.35,633,0,desktop_safari,Bengaluru,Kolkata,2026-09-03T10:31:06.124880
pay_d4d8b611ffa145,mer_1015,cust_20359,1084.16,INR,upi,HDFC,captured,none,0,none,10.6,10,3,0,0,0.82,0,0,mobile_android,Mumbai,Mumbai,2026-09-03T10:34:20.124880
pay_143de9bfdff04b,mer_1009,cust_20580,33318.12,INR,card_credit,SBI,failed,issuer_bank_down,0,none,27.6,10,3,0,0,6.3,0,0,desktop_safari,Delhi NCR,Delhi NCR,2026-09-03T10:46:01.124880
pay_3f0435a6992043,mer_1037,cust_20102,853.32,INR,wallet,AXIS,captured,none,0,none,17.5,10,3,0,0,0.36,0,0,desktop_chrome,Pune,Pune,2026-09-03T10:48:55.124880
pay_c1e019a356bb4b,mer_1025,cust_20407,40978.77,INR,wallet,HDFC,captured,none,0,none,37.1,10,3,0,0,129.56,0,0,desktop_chrome,Mumbai,Mumbai,2026-09-03T10:52:04.124880
pay_9a8e3d2fcb6446,mer_1028,cust_20511,10446.36,INR,netbanking,ICICI,refunded,customer_return,0,none,36.3,10,3,0,0,14.08,0,0,mobile_android,Bengaluru,Bengaluru,2026-09-03T10:52:10.124880
pay_b61c5cf9f5594e,mer_1006,cust_20179,3602.83,INR,wallet,ICICI,captured,none,0,none,10.5,10,3,0,1,1.47,321,0,mobile_android,Bengaluru,Jaipur,2026-09-03T10:55:58.124880
pay_5697cebb5c0745,mer_1014,cust_20219,47483.56,INR,upi,ICICI,captured,none,0,none,30.0,10,3,0,0,20.14,0,0,mobile_ios,Kolkata,Kolkata,2026-09-03T10:58:51.124880
pay_6198a814ac4645,mer_1037,cust_20342,2884.01,INR,upi,SBI,captured,none,0,none,29.0,11,3,0,0,5.09,0,0,desktop_safari,Kolkata,Kolkata,2026-09-03T11:00:13.124880
pay_63888f2408e94e,mer_1037,cust_20308,5122.7,INR,upi,ICICI,captured,none,0,none,34.4,11,3,0,0,7.37,0,0,desktop_windows,Chennai,Chennai,2026-09-03T11:15:13.124880
pay_09b9acc6619645,mer_1026,cust_20477,69160.19,INR,upi,SBI,captured,none,0,none,39.1,11,3,0,0,9.27,0,0,desktop_chrome,Kochi,Kochi,2026-09-03T11:16:22.124880
pay_3c89efb7736742,mer_1033,cust_20516,3437.16,INR,upi,ICICI,captured,none,0,none,17.3,11,3,0,0,1.41,0,0,desktop_safari,Chennai,Chennai,2026-09-03T11:33:15.124880
pay_87d160cb88f74a,mer_1033,cust_20284,984.53,INR,card_credit,ICICI,captured,none,0,none,5.0,11,3,0,0,0.45,0,0,mobile_ios,Hyderabad,Hyderabad,2026-09-03T11:48:19.124880
pay_96648b42d00641,mer_1026,cust_20047,35258.92,INR,upi,HDFC,captured,none,0,none,34.0,12,3,0,0,23.82,0,0,mobile_ios,Chennai,Chennai,2026-09-03T12:05:26.124880
pay_485c1a5823cf47,mer_1004,cust_20188,2673.4,INR,wallet,ICICI,captured,none,0,none,16.1,12,3,0,0,1.34,0,0,mobile_android,Delhi NCR,Delhi NCR,2026-09-03T12:14:11.124880
pay_74523eaa4d4545,mer_1006,cust_20433,17406.24,INR,wallet,HDFC,captured,none,0,none,9.8,12,3,0,0,2.62,0,0,mobile_ios,Ahmedabad,Ahmedabad,2026-09-03T12:25:46.124880
pay_ace8ab9fafa04f,mer_1029,cust_20262,1333.91,INR,netbanking,ICICI,captured,none,0,none,8.9,13,3,0,1,0.5,0,0,mobile_ios,Hyderabad,Hyderabad,2026-09-03T13:32:57.124880
pay_f19a6859636942,mer_1016,cust_20584,17195.14,INR,upi,PAYTM_BANK,captured,none,0,none,26.7,13,3,0,1,9.54,0,0,desktop_chrome,Kolkata,Kolkata,2026-09-03T13:41:03.124880
pay_2ddabe60ae3342,mer_1016,cust_20359,75587.64,INR,netbanking,HDFC,captured,none,0,none,34.6,13,3,0,1,57.05,0,0,desktop_safari,Mumbai,Mumbai,2026-09-03T13:43:25.124880
pay_c5980862103546,mer_1005,cust_20253,50756.53,INR,upi,KOTAK,captured,none,0,none,30.1,14,3,0,0,11.16,0,0,mobile_android,Bengaluru,Bengaluru,2026-09-03T14:07:05.124880
pay_2e68233ac5a64a,mer_1035,cust_20548,27559.63,INR,upi,HDFC,captured,none,0,none,35.4,14,3,0,0,6.44,0,0,desktop_safari,Hyderabad,Hyderabad,2026-09-03T14:10:13.124880
pay_164e828cbbcc43,mer_1010,cust_20516,2625.07,INR,netbanking,AXIS,captured,none,0,none,6.2,14,3,0,1,1.08,0,0,desktop_chrome,Chennai,Chennai,2026-09-03T14:10:58.124880
pay_6a4ee65fd10d47,mer_1028,cust_20374,9995.42,INR,upi,SBI,captured,none,0,none,27.5,14,3,0,0,8.25,0,0,desktop_windows,Hyderabad,Hyderabad,2026-09-03T14:22:37.124880
pay_415b8d23dc404e,mer_1022,cust_20365,4028.38,INR,netbanking,AXIS,captured,none,0,none,17.6,14,3,0,0,1.74,0,0,desktop_windows,Pune,Pune,2026-09-03T14:28:02.124880
pay_6a9648fa89a34a,mer_1040,cust_20253,16104.19,INR,upi,AXIS,captured,none,0,none,42.2,14,3,1,1,3.54,0,1,mobile_android,Bengaluru,Bengaluru,2026-09-03T14:54:09.124880
pay_e9e2db133da145,mer_1014,cust_20304,13630.38,INR,card_debit,HDFC,captured,none,0,none,37.3,15,3,0,0,5.49,0,0,desktop_windows,Kolkata,Kolkata,2026-09-03T15:07:22.124880
pay_442aaac0c8a142,mer_1033,cust_20312,4222.68,INR,card_debit,AXIS,captured,none,0,none,8.6,15,3,0,0,0.81,0,0,mobile_android,Bengaluru,Bengaluru,2026-09-03T15:11:06.124880
pay_bff6247904a742,mer_1005,cust_20072,36079.19,INR,netbanking,ICICI,captured,none,0,none,39.5,15,3,0,1,47.53,0,0,desktop_chrome,Ahmedabad,Ahmedabad,2026-09-03T15:31:20.124880
pay_735a99bd8c6449,mer_1018,cust_20202,4983.47,INR,upi,SBI,failed,issuer_bank_down,0,none,36.3,15,3,0,0,9.5,1364,0,desktop_safari,Jaipur,Bengaluru,2026-09-03T15:46:47.124880
pay_e9cc7d27e03f4e,mer_1021,cust_20468,19023.8,INR,wallet,AXIS,captured,none,0,none,35.4,15,3,0,0,15.01,702,0,mobile_android,Delhi NCR,Ahmedabad,2026-09-03T15:56:28.124880
pay_7cc5b46a55cd49,mer_1035,cust_20196,83925.26,INR,upi,HDFC,captured,none,0,none,45.0,16,3,0,0,27.58,0,1,mobile_ios,Delhi NCR,Delhi NCR,2026-09-03T16:07:49.124880
pay_9c063140e14c41,mer_1010,cust_20071,6586.02,INR,upi,KOTAK,captured,none,0,none,32.6,16,3,0,0,3.55,0,0,desktop_safari,Bengaluru,Bengaluru,2026-09-03T16:13:58.124880
pay_a511f26bb71d42,mer_1008,cust_20194,81675.04,INR,card_credit,SBI,captured,none,0,none,36.1,16,3,0,0,116.76,0,0,desktop_windows,Hyderabad,Hyderabad,2026-09-03T16:23:06.124880
pay_0afdb35cf39d46,mer_1021,cust_20402,14868.49,INR,card_credit,AXIS,captured,none,0,none,37.2,16,3,0,1,5.72,0,0,mobile_ios,Kochi,Kochi,2026-09-03T16:30:41.124880
pay_2edcf728eefa46,mer_1031,cust_20337,10170.36,INR,upi,ICICI,captured,none,0,none,37.2,16,3,0,0,28.2,0,0,desktop_chrome,Ahmedabad,Ahmedabad,2026-09-03T16:40:39.124880
pay_733970057ad548,mer_1036,cust_20329,26407.28,INR,upi,AXIS,captured,none,0,none,25.5,17,3,0,1,16.8,0,0,desktop_chrome,Pune,Pune,2026-09-03T17:10:37.124880
pay_e43c4d40996c4e,mer_1033,cust_20226,238.03,INR,card_debit,ICICI,captured,none,0,none,8.6,17,3,0,0,0.07,0,0,desktop_windows,Pune,Pune,2026-09-03T17:25:53.124880
pay_2ea312c1643e48,mer_1034,cust_20172,2801.33,INR,netbanking,SBI,failed,issuer_bank_down,0,none,19.3,17,3,0,0,0.55,0,0,mobile_ios,Hyderabad,Hyderabad,2026-09-03T17:39:04.124880
pay_1b05209ffc984f,mer_1019,cust_20325,1470.41,INR,upi,ICICI,captured,none,0,none,10.1,17,3,0,0,1.02,0,0,desktop_windows,Ahmedabad,Ahmedabad,2026-09-03T17:46:53.124880
pay_b914ab58e17f47,mer_1030,cust_20494,14396.83,INR,upi,HDFC,captured,none,0,none,27.5,17,3,0,0,7.42,0,0,mobile_android,Bengaluru,Bengaluru,2026-09-03T17:58:47.124880
pay_e254b143166549,mer_1020,cust_20525,7354.55,INR,upi,HDFC,captured,none,0,none,37.9,18,3,0,0,24.52,0,0,desktop_windows,Jaipur,Jaipur,2026-09-03T18:12:15.124880
pay_7d6b639987624b,mer_1017,cust_20311,166.12,INR,upi,SBI,captured,none,0,none,10.7,18,3,0,0,0.07,0,0,desktop_chrome,Ahmedabad,Ahmedabad,2026-09-03T18:21:38.124880
pay_bc5b7d3758ba4d,mer_1028,cust_20164,5792.64,INR,netbanking,AXIS,captured,none,0,none,35.4,18,3,0,0,4.23,0,0,desktop_windows,Mumbai,Mumbai,2026-09-03T18:27:17.124880
pay_d749bb6a4fbd4d,mer_1017,cust_20293,2100.3,INR,card_credit,ICICI,captured,none,0,none,34.6,18,3,0,0,4.91,0,0,desktop_windows,Kochi,Kochi,2026-09-03T18:28:29.124880
pay_506ec9403aa44d,mer_1026,cust_20466,41958.68,INR,upi,SBI,captured,none,0,none,25.5,18,3,0,0,18.46,0,0,desktop_safari,Pune,Pune,2026-09-03T18:44:31.124880
pay_cc67fb2b71af48,mer_1014,cust_20167,41200.91,INR,card_credit,SBI,captured,none,0,none,41.1,18,3,0,0,28.75,1472,0,desktop_safari,Hyderabad,Chennai,2026-09-03T18:49:27.124880
pay_4eb94765731647,mer_1031,cust_20124,3875.87,INR,netbanking,HDFC,failed,issuer_bank_down,0,none,38.0,18,3,0,0,3.88,0,0,desktop_windows,Kochi,Kochi,2026-09-03T18:51:23.124880
pay_e692149116ab46,mer_1033,cust_20177,1281.35,INR,upi,HDFC,captured,none,0,none,15.1,19,3,0,0,1.53,0,0,desktop_safari,Delhi NCR,Delhi NCR,2026-09-03T19:09:35.124880
pay_d55405c65c6c4c,mer_1017,cust_20274,2446.21,INR,card_credit,HDFC,captured,none,0,none,5.2,19,3,0,1,0.52,0,0,desktop_chrome,Delhi NCR,Delhi NCR,2026-09-03T19:21:21.124880
pay_6cff9e5e7b5c47,mer_1040,cust_20531,19419.95,INR,upi,KOTAK,failed,insufficient_funds,0,none,28.4,19,3,0,1,22.12,0,0,mobile_ios,Mumbai,Mumbai,2026-09-03T19:30:56.124880
pay_61b381cce17346,mer_1010,cust_20055,1824.16,INR,upi,ICICI,captured,none,0,none,17.0,20,3,0,0,1.45,0,0,desktop_chrome,Hyderabad,Hyderabad,2026-09-03T20:06:52.124880
pay_fd4424e5173542,mer_1019,cust_20405,1518.32,INR,upi,HDFC,captured,none,0,none,6.6,20,3,0,0,0.87,0,0,desktop_safari,Delhi NCR,Delhi NCR,2026-09-03T20:19:13.124880
pay_72e2d6f91de348,mer_1035,cust_20010,72865.83,INR,card_debit,ICICI,captured,none,0,none,36.2,20,3,0,0,63.12,0,0,desktop_safari,Delhi NCR,Delhi NCR,2026-09-03T20:21:13.124880
pay_ec6dd999b1b048,mer_1036,cust_20084,5888.71,INR,upi,HDFC,captured,none,0,none,33.7,20,3,0,0,3.18,0,0,desktop_safari,Kochi,Kochi,2026-09-03T20:39:14.124880
pay_291d4eb211dc49,mer_1031,cust_20043,25252.65,INR,card_credit,SBI,captured,none,0,none,28.6,20,3,0,0,55.48,0,0,mobile_android,Kochi,Kochi,2026-09-03T20:42:35.124880
pay_1d0aeaa5a06246,mer_1003,cust_20095,1330.58,INR,upi,AXIS,captured,none,0,none,17.4,21,3,0,0,2.83,0,0,desktop_windows,Kochi,Kochi,2026-09-03T21:05:13.124880
pay_0ddc6727bb7e4d,mer_1002,cust_20004,33532.86,INR,card_credit,ICICI,captured,none,0,none,32.8,21,3,0,0,9.21,227,0,mobile_android,Ahmedabad,Jaipur,2026-09-03T21:09:10.124880
pay_dffdc0a0528d4c,mer_1039,cust_20118,6966.18,INR,upi,ICICI,captured,none,0,none,38.8,21,3,0,0,3.35,0,0,mobile_ios,Kolkata,Kolkata,2026-09-03T21:23:55.124880
pay_6c3865a208d44e,mer_1032,cust_20073,34201.52,INR,card_credit,HDFC,failed,auth_timeout,0,none,33.0,21,3,0,0,12.21,0,0,mobile_android,Mumbai,Mumbai,2026-09-03T21:31:05.124880
pay_32add2ecdd0e42,mer_1020,cust_20027,17566.96,INR,upi,ICICI,captured,none,0,none,37.6,21,3,0,0,7.33,0,0,mobile_ios,Kolkata,Kolkata,2026-09-03T21:46:08.124880
pay_4866b50f07ee4c,mer_1040,cust_20365,11548.67,INR,card_debit,SBI,captured,none,0,none,27.9,22,3,0,1,5.0,0,0,desktop_safari,Pune,Pune,2026-09-03T22:16:26.124880
pay_0450718b33074d,mer_1030,cust_20395,69918.75,INR,card_debit,AXIS,captured,none,0,none,25.6,22,3,0,1,29.63,0,0,desktop_windows,Delhi NCR,Delhi NCR,2026-09-03T22:44:07.124880
pay_96cca5f0526c4d,mer_1017,cust_20404,421.57,INR,upi,HDFC,captured,none,0,none,5.0,22,3,0,0,0.23,0,0,desktop_windows,Chennai,Chennai,2026-09-03T22:48:09.124880
pay_cf872c07bbc14e,mer_1024,cust_20597,5195.37,INR,upi,ICICI,captured,none,0,none,35.2,22,3,0,0,3.4,0,0,mobile_android,Bengaluru,Bengaluru,2026-09-03T22:51:17.124880
pay_2e3b095825624d,mer_1034,cust_20527,3476.87,INR,upi,HDFC,captured,none,0,none,8.8,22,3,0,0,2.22,0,0,desktop_chrome,Jaipur,Jaipur,2026-09-03T22:58:04.124880
pay_15f70339939049,mer_1017,cust_20264,1343.51,INR,card_credit,ICICI,captured,none,0,none,9.6,23,3,0,0,1.79,0,0,desktop_windows,Chennai,Chennai,2026-09-03T23:07:10.124880
pay_8622d45d00864c,mer_1029,cust_20266,2043.99,INR,card_debit,SBI,captured,none,0,none,15.5,23,3,0,0,2.49,0,0,desktop_chrome,Bengaluru,Bengaluru,2026-09-03T23:13:06.124880
pay_29edf7d98e0e4c,mer_1032,cust_20338,10944.26,INR,netbanking,ICICI,captured,none,0,none,32.1,23,3,0,0,6.16,0,0,desktop_chrome,Mumbai,Mumbai,2026-09-03T23:15:43.124880
pay_9ae9d5d250cf42,mer_1006,cust_20440,35467.19,INR,card_credit,HDFC,captured,none,0,none,32.3,23,3,0,0,43.54,0,0,desktop_safari,Kolkata,Kolkata,2026-09-03T23:28:16.124880
pay_6b5aa6f7962243,mer_1019,cust_20393,970.6,INR,upi,SBI,refunded,customer_return,0,none,18.3,23,3,0,0,0.52,0,0,mobile_ios,Chennai,Chennai,2026-09-03T23:30:13.124880
pay_7290a2cf4fbd43,mer_1009,cust_20590,68866.48,INR,upi,HDFC,captured,none,0,none,30.3,23,3,0,0,16.26,0,0,desktop_windows,Pune,Pune,2026-09-03T23:30:48.124880
pay_a68861c5b64b40,mer_1024,cust_20146,8992.58,INR,upi,ICICI,captured,none,0,none,11.6,0,4,0,0,2.08,0,0,desktop_safari,Kolkata,Kolkata,2026-09-04T00:01:17.124880
pay_474e94488e8041,mer_1026,cust_20036,53168.45,INR,netbanking,ICICI,captured,none,0,none,27.8,0,4,0,0,14.65,0,0,mobile_android,Kolkata,Kolkata,2026-09-04T00:15:41.124880
pay_7cbaea8bd33e4f,mer_1023,cust_20552,6193.38,INR,upi,PAYTM_BANK,captured,none,0,none,34.5,0,4,0,0,5.46,0,0,desktop_chrome,Kochi,Kochi,2026-09-04T00:21:52.124880
pay_db6ebdd2744845,mer_1002,cust_20118,38238.44,INR,card_credit,ICICI,refunded,customer_return,0,none,29.9,0,4,0,1,18.41,0,0,mobile_android,Kolkata,Kolkata,2026-09-04T00:50:32.124880
pay_24a1636bb58a40,mer_1006,cust_20270,32370.07,INR,card_credit,SBI,captured,none,0,none,38.4,0,4,0,0,21.65,0,0,desktop_windows,Bengaluru,Bengaluru,2026-09-04T00:57:59.124880
pay_36127c901f7e45,mer_1028,cust_20471,13725.62,INR,upi,HDFC,captured,none,0,none,47.0,1,4,0,0,9.22,698,0,mobile_android,Jaipur,Hyderabad,2026-09-04T01:00:10.124880
pay_57951bf097bf4a,mer_1016,cust_20341,24578.77,INR,card_credit,ICICI,captured,none,0,none,35.9,1,4,0,0,4.23,0,0,desktop_safari,Bengaluru,Bengaluru,2026-09-04T01:01:11.124880
pay_d4715be28d104d,mer_1018,cust_20518,3371.37,INR,upi,SBI,captured,none,0,none,49.0,1,4,0,0,4.57,0,0,desktop_chrome,Delhi NCR,Delhi NCR,2026-09-04T01:01:29.124880
pay_bdb859c81a5343,mer_1034,cust_20216,5159.44,INR,upi,AXIS,captured,none,0,none,40.2,1,4,0,0,3.73,0,0,mobile_ios,Ahmedabad,Ahmedabad,2026-09-04T01:16:48.124880
pay_2499b0d432224d,mer_1021,cust_20126,31661.71,INR,card_credit,ICICI,captured,none,0,none,48.4,1,4,0,0,8.25,1013,0,desktop_windows,Kochi,Bengaluru,2026-09-04T01:32:04.124880
pay_262992101da546,mer_1025,cust_20152,5284.16,INR,netbanking,SBI,captured,none,0,none,37.7,1,4,0,0,4.42,0,0,mobile_android,Ahmedabad,Ahmedabad,2026-09-04T01:51:56.124880
pay_720d24d6db7e48,mer_1033,cust_20120,1332.97,INR,upi,SBI,captured,none,0,none,22.4,1,4,0,0,0.06,0,0,desktop_chrome,Chennai,Chennai,2026-09-04T01:54:51.124880
pay_1296d1f660fc43,mer_1019,cust_20551,362.99,INR,card_credit,HDFC,captured,none,0,none,20.7,1,4,0,0,0.14,0,0,desktop_chrome,Kolkata,Kolkata,2026-09-04T01:58:41.124880
pay_d4e11fdddcee4d,mer_1028,cust_20415,14491.97,INR,upi,ICICI,captured,none,0,none,47.9,2,4,0,0,8.84,0,0,desktop_windows,Jaipur,Jaipur,2026-09-04T02:25:55.124880
pay_7d58de59030a46,mer_1024,cust_20012,3886.28,INR,upi,AXIS,captured,none,0,none,48.7,2,4,0,0,8.9,0,0,desktop_safari,Kolkata,Kolkata,2026-09-04T02:36:14.124880
pay_3778bb8a7a884a,mer_1015,cust_20487,1306.49,INR,card_debit,ICICI,captured,none,0,none,19.2,2,4,0,1,1.05,0,0,desktop_safari,Kolkata,Kolkata,2026-09-04T02:40:01.124880
pay_05d9adb69d4d4b,mer_1034,cust_20438,2287.56,INR,card_debit,SBI,captured,none,0,none,17.4,2,4,0,0,1.32,0,0,mobile_ios,Pune,Pune,2026-09-04T02:45:44.124880
pay_44d92b9038bf47,mer_1010,cust_20165,1161.26,INR,card_credit,AXIS,captured,none,0,none,27.0,3,4,0,0,0.74,0,0,desktop_chrome,Delhi NCR,Delhi NCR,2026-09-04T03:21:12.124880
pay_19eea74e7c3c4e,mer_1039,cust_20238,26196.45,INR,netbanking,ICICI,captured,none,0,none,48.4,3,4,0,0,19.11,0,0,desktop_safari,Kolkata,Kolkata,2026-09-04T03:38:04.124880
pay_41c538d0b43442,mer_1031,cust_20014,39263.15,INR,upi,HDFC,captured,none,0,none,44.9,3,4,0,0,95.4,221,0,desktop_windows,Bengaluru,Jaipur,2026-09-04T03:40:29.124880
pay_234e2d4923124b,mer_1030,cust_20506,51898.06,INR,upi,HDFC,captured,none,0,none,38.9,3,4,0,0,86.13,0,0,mobile_ios,Chennai,Chennai,2026-09-04T03:41:32.124880
pay_4e666cc109164a,mer_1017,cust_20293,1764.09,INR,card_debit,SBI,captured,none,0,none,40.2,3,4,0,1,4.13,0,0,desktop_windows,Kochi,Kochi,2026-09-04T03:52:16.124880
pay_deaee343a90e41,mer_1031,cust_20365,19801.83,INR,upi,ICICI,captured,none,0,none,47.3,3,4,0,2,8.58,0,0,desktop_windows,Pune,Pune,2026-09-04T03:53:22.124880
pay_6d0f30b1a56242,mer_1036,cust_20080,10181.13,INR,upi,ICICI,captured,none,0,none,38.7,4,4,0,0,11.85,0,0,mobile_ios,Jaipur,Jaipur,2026-09-04T04:21:46.124880
pay_9f767972d0a34d,mer_1022,cust_20234,2138.04,INR,upi,HDFC,captured,none,0,none,37.6,4,4,0,0,3.2,0,0,desktop_chrome,Delhi NCR,Delhi NCR,2026-09-04T04:22:14.124880
pay_1bcd352b72bc49,mer_1017,cust_20477,1673.1,INR,upi,HDFC,captured,none,0,none,37.3,4,4,0,1,0.22,0,1,desktop_safari,Kochi,Kochi,2026-09-04T04:33:42.124880
pay_8ba63bb8f85342,mer_1028,cust_20539,12618.08,INR,wallet,ICICI,captured,none,0,none,41.8,4,4,0,1,6.68,0,0,desktop_windows,Delhi NCR,Delhi NCR,2026-09-04T04:49:28.124880
pay_ba7c4c43613d47,mer_1028,cust_20130,14639.97,INR,card_credit,HDFC,captured,none,0,none,37.8,5,4,0,0,7.43,416,0,mobile_ios,Jaipur,Ahmedabad,2026-09-04T05:05:40.124880
pay_97675d38aa4648,mer_1028,cust_20441,11773.89,INR,card_credit,HDFC,captured,none,0,none,25.5,5,4,0,0,5.89,403,0,desktop_safari,Chennai,Kochi,2026-09-04T05:49:38.124880
pay_2895304f47b042,mer_1039,cust_20406,17229.15,INR,upi,HDFC,captured,none,0,none,25.3,6,4,0,0,4.86,339,0,mobile_ios,Kolkata,Chennai,2026-09-04T06:14:52.124880
pay_f8049fc7f36d49,mer_1036,cust_20111,8484.08,INR,card_credit,ICICI,refunded,customer_return,0,none,29.7,6,4,0,0,9.17,0,0,desktop_windows,Delhi NCR,Delhi NCR,2026-09-04T06:17:33.124880
pay_d7a3d3288e1f4a,mer_1025,cust_20308,83460.61,INR,upi,HDFC,captured,none,0,none,36.7,6,4,0,1,120.11,0,0,mobile_ios,Chennai,Chennai,2026-09-04T06:24:01.124880
pay_77674ec45bbf47,mer_1012,cust_20448,14664.26,INR,upi,ICICI,captured,none,0,none,44.8,6,4,0,1,5.97,1217,0,desktop_windows,Chennai,Hyderabad,2026-09-04T06:50:10.124880
pay_a23087653e7049,mer_1021,cust_20300,17831.55,INR,card_credit,AXIS,captured,none,0,none,46.0,7,4,0,0,54.42,903,0,desktop_safari,Kolkata,Hyderabad,2026-09-04T07:05:21.124880
pay_f6967cb6b69044,mer_1022,cust_20374,3440.1,INR,card_credit,HDFC,captured,none,0,none,19.9,7,4,0,1,2.84,0,0,mobile_android,Hyderabad,Hyderabad,2026-09-04T07:30:42.124880
pay_37b8a613ef6044,mer_1025,cust_20375,17388.41,INR,upi,ICICI,refunded,customer_return,0,none,49.4,7,4,0,0,18.57,0,1,desktop_chrome,Ahmedabad,Ahmedabad,2026-09-04T07:40:01.124880
pay_7d53c828f5fd44,mer_1016,cust_20590,21925.88,INR,card_credit,KOTAK,captured,none,0,none,25.7,7,4,0,1,5.18,0,0,desktop_safari,Pune,Pune,2026-09-04T07:41:43.124880
pay_523acc556c4444,mer_1004,cust_20116,27553.26,INR,upi,ICICI,captured,none,0,none,39.9,7,4,0,0,16.31,0,0,mobile_ios,Pune,Pune,2026-09-04T07:50:21.124880
pay_c9e0198a162a4f,mer_1014,cust_20150,21836.58,INR,card_debit,SBI,captured,none,0,none,20.3,8,4,0,0,2.91,1409,0,desktop_windows,Chennai,Jaipur,2026-09-04T08:02:43.124880
pay_389092ba587f44,mer_1039,cust_20076,3540.75,INR,upi,HDFC,captured,none,0,none,25.8,8,4,0,0,2.39,676,0,mobile_android,Pune,Delhi NCR,2026-09-04T08:27:00.124880
pay_c0a6491dbc5147,mer_1038,cust_20157,17311.72,INR,upi,HDFC,captured,none,0,none,43.2,8,4,0,0,18.51,1766,0,desktop_chrome,Bengaluru,Mumbai,2026-09-04T08:27:47.124880
